Simulation warm-up started: 140 days
Simulation warm-up completed. Measurement starts at simulation day 140.

Simulation Progress: Day 5 / 360
Simulation Clock Time: 0001-05-26 00:00:00


============================================================
Shipment Waiting for Loading Statistics
============================================================

TEUs by Demand Matrix
------------------------------------------------------------
Origin Dest       Busan         Cartagena     Colombo       Hamburg       Ho Chi Minh CityJakarta       Jebel Ali     Kaohsiung     Laem Chabang  Los Angeles   New Jersey    Piraeus       Qingdao       Rotterdam     Shanghai      Shenzhen      Singapore     Tanger Med    Tianjin       Xiamen        
----------------------------------------------------------------------------------------------------------------------------------------------------------------------------------------------------------------------------------------------------------------------------------------------------------
Busan             -             4             15            8             3             2             20            66            2             48            20            7             13            10            32            21            11            9             5             9             
Cartagena         3             -             6             15            0             1             6             5             1             5             44            5             4             16            16            8             7             23            2             3             
Colombo           22            5             -             17            10            11            92            12            24            11            17            23            27            49            64            51            76            15            4             8             
Hamburg           8             21            17            -             3             1             13            6             3             6             97            11            4             34            19            13            7             24            1             4             
Ho Chi Minh City  2             1             3             5             -             4             9             1             6             4             6             3             2             3             12            7             15            5             2             2             
Jakarta           1             0             4             2             3             -             13            2             3             9             4             4             1             6             10            9             6             2             1             1             
Jebel Ali         13            12            170           25            19            19            -             12            18            11            34            19            7             29            17            23            74            32            3             13            
Kaohsiung         22            1             2             13            2             4             6             -             3             27            8             0             14            12            13            8             8             6             4             2             
Laem Chabang      2             2             5             4             3             6             10            1             -             6             4             6             3             9             11            9             13            1             3             3             
Los Angeles       21            2             12            5             2             2             11            6             2             -             17            4             18            9             39            24            9             3             7             8             
New Jersey        6             32            14            32            1             2             16            3             1             24            -             14            6             36            18            13            4             24            2             7             
Piraeus           8             10            23            12            2             2             35            3             3             6             15            -             8             23            23            24            18            23            4             4             
Qingdao           10            2             7             7             2             1             13            6             2             41            11            8             -             8             32            8             11            5             8             0             
Rotterdam         7             55            22            19            5             3             35            6             5             6             163           11            6             -             30            22            16            31            3             5             
Shanghai          38            24            30            26            8             11            49            14            5             59            85            30            15            58            -             27            52            19            10            13            
Shenzhen          48            30            24            29            7             10            31            25            4             41            106           22            12            41            25            -             33            11            9             4             
Singapore         9             8             29            19            9             16            55            9             10            24            36            18            9             36            36            37            -             13            4             11            
Tanger Med        5             35            12            10            4             2             14            3             2             3             32            11            4             12            14            14            9             -             5             2             
Tianjin           10            1             4             5             1             3             11            5             0             20            8             4             9             11            14            3             7             4             -             0             
Xiamen            18            4             25            21            3             2             26            20            2             29            20            16            5             24            16            76            21            8             1             -             

Port-Level Shipment Waiting and Vessel Queue Statistics

Port                       Origin Waiting TEU   Transshipment Waiting TEU   Total Waiting TEU   Vessels Waiting
---------------------------------------------------------------------------------------------------------------
Busan                                     304                         113                 417              0.00
Cartagena                                 170                           0                 170              0.00
Colombo                                   537                           0                 537              0.00
Hamburg                                   292                           0                 292              0.00
Ho Chi Minh City                           94                           0                  94              0.05
Jakarta                                    81                           0                  81              0.05
Jebel Ali                                 551                           0                 551              0.00
Kaohsiung                                 155                           3                 159              0.00
Laem Chabang                               98                           0                  98              0.03
Los Angeles                               202                           0                 202              0.00
New Jersey                                254                         123                 376              0.00
Piraeus                                   245                           0                 245              0.00
Qingdao                                   182                          40                 222              0.01
Rotterdam                                 450                           0                 450              0.04
Shanghai                                  574                         862               1,437              0.00
Shenzhen                                  512                          55                 567              0.00
Singapore                                 386                         432                 818              0.00
Tanger Med                                193                         154                 347              0.00
Tianjin                                   120                           0                 120              0.00
Xiamen                                    337                           0                 337              0.03
---------------------------------------------------------------------------------------------------------------
TOTAL                                   5,736                       1,783               7,519              0.21



============================================================
Shipment Being Transported Statistics
============================================================

Average TEUs in Transition by Demand Matrix
------------------------------------------------------------
Origin Dest       Busan         Cartagena     Colombo       Hamburg       Ho Chi Minh CityJakarta       Jebel Ali     Kaohsiung     Laem Chabang  Los Angeles   New Jersey    Piraeus       Qingdao       Rotterdam     Shanghai      Shenzhen      Singapore     Tanger Med    Tianjin       Xiamen        
----------------------------------------------------------------------------------------------------------------------------------------------------------------------------------------------------------------------------------------------------------------------------------------------------------
Busan             -             42            72            167           3             18            128           99            12            475           224           121           9             198           37            24            74            92            10            26            
Cartagena         26            -             75            69            18            27            55            16            14            124           26            44            40            71            153           99            60            50            28            25            
Colombo           35            55            -             143           14            5             150           38            22            58            88            71            28            172           55            52            0             82            20            35            
Hamburg           82            14            193           -             17            30            220           75            25            134           0             39            79            12            263           247           90            33            49            77            
Ho Chi Minh City  3             19            22            34            -             7             69            12            3             70            27            25            8             54            26            43            12            28            9             16            
Jakarta           18            17            32            59            5             -             78            6             7             102           49            62            10            95            40            33            6             35            11            15            
Jebel Ali         62            42            0             114           17            3             -             65            22            135           74            79            34            164           78            84            0             153           22            63            
Kaohsiung         3             18            25            81            4             11            36            -             11            303           75            58            6             92            18            14            19            32            6             18            
Laem Chabang      13            12            29            46            5             4             53            11            -             80            30            38            7             57            21            26            5             27            18            15            
Los Angeles       269           131           90            101           28            39            155           130           26            -             476           101           215           184           369           271           106           72            66            116           
New Jersey        113           61            165           140           19            27            113           80            18            477           -             72            98            135           332           241           80            25            33            84            
Piraeus           56            28            98            13            11            25            138           42            16            96            52            -             51            27            196           155           59            6             28            61            
Qingdao           18            36            35            112           9             11            55            7             7             394           116           70            -             138           14            12            29            69            23            1             
Rotterdam         113           20            276           6             38            61            326           94            36            163           0             47            98            -             295           376           122           41            55            119           
Shanghai          10            62            61            244           8             21            112           11            16            474           187           195           19            327           -             2             62            136           32            7             
Shenzhen          3             49            44            287           23            23            181           0             12            212           284           202           5             437           33            -             48            107           4             13            
Singapore         29            58            39            135           6             8             212           41            11            318           92            93            48            205           86            72            -             82            15            60            
Tanger Med        51            15            127           18            18            30            182           41            26            79            0             15            42            13            178           151           111           -             27            46            
Tianjin           23            16            26            95            6             14            63            8             5             187           88            68            5             133           16            7             27            39            -             1             
Xiamen            7             29            40            147           5             7             70            4             5             140           184           92            5             194           14            18            30            55            0             -             

Completed TEUs by Demand Matrix
------------------------------------------------------------
Origin Dest       Busan         Cartagena     Colombo       Hamburg       Ho Chi Minh CityJakarta       Jebel Ali     Kaohsiung     Laem Chabang  Los Angeles   New Jersey    Piraeus       Qingdao       Rotterdam     Shanghai      Shenzhen      Singapore     Tanger Med    Tianjin       Xiamen        
----------------------------------------------------------------------------------------------------------------------------------------------------------------------------------------------------------------------------------------------------------------------------------------------------------
Busan             -             10            0             27            0             3             52            134           0             114           36            0             31            42            78            0             67            20            30            32            
Cartagena         0             -             0             0             5             0             24            0             1             5             0             0             0             43            0             0             12            66            0             0             
Colombo           25            13            -             30            21            27            0             18            25            10            33            0             22            26            0             0             0             26            8             17            
Hamburg           9             21            0             -             3             2             65            15            5             10            0             37            12            65            0             0             23            75            5             11            
Ho Chi Minh City  5             2             19            7             -             17            0             4             12            15            8             0             8             13            0             0             0             4             5             12            
Jakarta           3             0             43            7             8             -             0             1             9             12            10            0             6             19            0             0             22            10            4             5             
Jebel Ali         40            10            0             27            25            19            -             21            25            6             0             0             14            30            0             0             0             30            4             27            
Kaohsiung         52            3             0             19            0             5             16            -             0             98            14            0             14            25            29            0             14            2             16            20            
Laem Chabang      8             4             29            10            7             12            0             9             -             10            9             0             8             9             0             0             0             4             4             9             
Los Angeles       26            12            0             0             0             18            60            19            0             -             0             0             21            0             0             0             7             0             8             16            
New Jersey        0             90            0             0             7             0             36            0             7             35            -             0             0             114           0             0             30            49            3             0             
Piraeus           6             18            0             16            6             6             43            5             2             6             0             -             9             41            0             0             13            34            4             11            
Qingdao           20            0             0             21            0             8             26            15            0             117           25            0             -             28            66            0             24            17            0             2             
Rotterdam         25            29            0             33            7             9             70            15            11            14            0             49            15            -             0             0             24            112           10            15            
Shanghai          43            7             0             48            0             15            82            34            0             109           57            0             42            39            -             0             93            18            23            23            
Shenzhen          48            16            0             42            0             13            121           0             0             79            87            0             11            69            53            -             76            24            11            14            
Singapore         22            13            103           25            19            46            0             22            20            51            46            0             33            43            0             0             -             13            7             43            
Tanger Med        9             22            0             28            3             7             73            7             9             9             0             23            11            25            0             0             19            -             3             3             
Tianjin           24            0             0             21            0             2             28            0             0             56            15            0             25            24            46            0             23            9             -             1             
Xiamen            33            0             0             34            0             6             54            0             0             27            39            0             8             40            17            0             38            13            1             -             


============================================================
Service Route Capacity and Utilization Statistics
============================================================
Route     Name                                Avg Capacity TEU     Avg Carried TEU    Utilization
-------------------------------------------------------------------------------------------------
S1        Asia-Europe-NorthEurope                      190,240              13,471          7.08%
S2        Intra-EastAsia                                12,754                 249          1.95%
S3        SEA-Feeder                                     6,921                 226          3.27%
S4        Transpacific-WestCoast                       126,615               5,516          4.36%
S5        Asia-US-East                                 115,922               3,886          3.35%
S6        Transatlantic-SouthConnector                  22,612                 771          3.41%
S7        IndianOcean-MiddleEast                         7,676                 518          6.75%
-------------------------------------------------------------------------------------------------
TOTAL                                                  482,740              24,636          5.10%


============================================================
Vessel Statistics
============================================================
Metric                                            Average Count
---------------------------------------------------------------
Average vessels sailing                                   37.08
Average vessels waiting for berth at port                  0.21
Average vessels being served at berth                      1.71
---------------------------------------------------------------
TOTAL average active/port vessels                         39.00


Period Result Output: Period 1 (Days 1-5)
Output Simulation Day: 5
Simulation Running Time: 00:03:52

Simulation Progress: Day 10 / 360
Simulation Clock Time: 0001-05-31 00:00:00


============================================================
Shipment Waiting for Loading Statistics
============================================================

TEUs by Demand Matrix
------------------------------------------------------------
Origin Dest       Busan         Cartagena     Colombo       Hamburg       Ho Chi Minh CityJakarta       Jebel Ali     Kaohsiung     Laem Chabang  Los Angeles   New Jersey    Piraeus       Qingdao       Rotterdam     Shanghai      Shenzhen      Singapore     Tanger Med    Tianjin       Xiamen        
----------------------------------------------------------------------------------------------------------------------------------------------------------------------------------------------------------------------------------------------------------------------------------------------------------
Busan             -             6             25            16            5             4             37            99            2             86            34            12            22            16            64            37            22            13            7             12            
Cartagena         2             -             6             15            0             0             8             4             1             3             44            12            4             15            12            7             7             18            2             6             
Colombo           15            9             -             17            12            17            88            9             31            7             24            19            16            39            44            36            104           13            4             6             
Hamburg           5             12            14            -             3             2             19            5             3             6             56            16            6             32            19            21            7             23            2             4             
Ho Chi Minh City  1             0             6             5             -             5             12            2             6             3             4             3             2             5             17            8             16            4             2             3             
Jakarta           1             0             5             2             3             -             11            1             3             8             5             5             1             7             10            10            6             2             1             2             
Jebel Ali         11            7             115           25            13            14            -             8             12            9             23            19            7             35            16            24            51            39            2             9             
Kaohsiung         22            1             2             10            2             4             4             -             2             30            9             1             11            11            14            6             7             5             5             1             
Laem Chabang      2             1             7             4             3             5             8             1             -             6             2             4             2             5             11            9             11            1             2             1             
Los Angeles       22            3             12            5             2             2             12            6             2             -             20            4             25            9             40            25            11            4             8             9             
New Jersey        7             60            12            34            2             1             15            3             1             20            -             15            5             34            17            14            4             21            2             6             
Piraeus           8             7             18            9             2             2             26            5             2             3             14            -             6             18            18            16            11            18            3             4             
Qingdao           13            2             10            8             3             2             17            11            1             58            21            11            -             14            39            9             14            4             8             0             
Rotterdam         7             36            25            20            4             5             40            7             5             7             108           11            7             -             33            22            14            32            4             5             
Shanghai          56            17            28            22            7             9             33            15            6             65            64            21            25            40            -             26            42            15            17            13            
Shenzhen          35            26            26            26            7             11            32            17            5             31            99            23            9             40            17            -             34            13            7             3             
Singapore         11            11            51            20            8             16            91            10            9             29            43            20            11            31            52            52            -             11            7             14            
Tanger Med        4             33            12            15            3             2             13            2             2             3             31            12            3             19            12            13            8             -             5             4             
Tianjin           10            2             5             7             1             3             15            7             1             25            8             5             12            13            17            5             14            6             -             0             
Xiamen            16            3             16            18            3             1             23            16            2             19            17            14            4             19            15            56            18            7             1             -             

Port-Level Shipment Waiting and Vessel Queue Statistics

Port                       Origin Waiting TEU   Transshipment Waiting TEU   Total Waiting TEU   Vessels Waiting
---------------------------------------------------------------------------------------------------------------
Busan                                     518                         140                 659              0.02
Cartagena                                 165                           0                 165              0.00
Colombo                                   510                           0                 510              0.00
Hamburg                                   256                           0                 256              0.00
Ho Chi Minh City                          104                           0                 104              0.04
Jakarta                                    85                           0                  85              0.04
Jebel Ali                                 439                           0                 439              0.00
Kaohsiung                                 146                          46                 192              0.02
Laem Chabang                               87                           0                  87              0.02
Los Angeles                               221                           0                 221              0.00
New Jersey                                273                         161                 434              0.00
Piraeus                                   191                           0                 191              0.00
Qingdao                                   245                          46                 291              0.01
Rotterdam                                 391                           0                 391              0.02
Shanghai                                  522                         931               1,453              0.00
Shenzhen                                  460                          88                 548              0.00
Singapore                                 496                         495                 991              0.00
Tanger Med                                195                         137                 332              0.00
Tianjin                                   156                           0                 156              0.00
Xiamen                                    266                           0                 266              0.02
---------------------------------------------------------------------------------------------------------------
TOTAL                                   5,727                       2,043               7,771              0.17



============================================================
Shipment Being Transported Statistics
============================================================

Average TEUs in Transition by Demand Matrix
------------------------------------------------------------
Origin Dest       Busan         Cartagena     Colombo       Hamburg       Ho Chi Minh CityJakarta       Jebel Ali     Kaohsiung     Laem Chabang  Los Angeles   New Jersey    Piraeus       Qingdao       Rotterdam     Shanghai      Shenzhen      Singapore     Tanger Med    Tianjin       Xiamen        
----------------------------------------------------------------------------------------------------------------------------------------------------------------------------------------------------------------------------------------------------------------------------------------------------------
Busan             -             39            54            157           3             15            117           50            13            446           208           110           4             187           18            17            55            90            8             13            
Cartagena         28            -             70            53            16            26            52            18            14            126           29            47            42            55            155           101           60            45            30            27            
Colombo           50            50            -             145           7             2             100           40            11            62            76            75            40            194           76            73            0             84            21            36            
Hamburg           88            22            177           -             18            28            202           73            24            137           56            29            79            6             256           239           91            25            49            74            
Ho Chi Minh City  4             18            21            35            -             6             61            11            2             68            29            24            8             53            25            37            10            29            10            12            
Jakarta           19            17            29            59            5             -             67            7             6             103           51            61            11            96            42            37            6             35            11            14            
Jebel Ali         65            44            89            116           18            13            -             64            21            141           79            70            38            168           72            88            43            160           24            62            
Kaohsiung         13            18            22            82            5             11            37            -             13            298           75            54            12            92            22            15            20            36            8             11            
Laem Chabang      14            12            27            45            5             5             54            8             -             81            31            38            8             60            22            28            5             28            19            12            
Los Angeles       281           129           96            104           29            39            147           127           27            -             477           100           225           190           395           274           110           73            69            115           
New Jersey        119           30            162           101           18            26            110           84            16            483           -             82            105           96            308           237           77            24            35            90            
Piraeus           62            29            100           15            11            24            144           42            17            97            64            -             55            31            197           160           68            16            31            59            
Qingdao           21            37            29            107           11            10            53            4             8             378           111           70            -             133           7             10            27            68            26            0             
Rotterdam         118           43            257           3             39            62            322           91            36            162           97            36            100           -             289           374           133           33            56            116           
Shanghai          12            72            62            248           14            25            128           6             21            473           212           194           13            358           -             10            69            147           30            3             
Shenzhen          23            52            49            291           29            25            172           5             17            228           284           189           11            444           37            -             45            110           8             11            
Singapore         30            53            19            138           6             12            129           33            8             306           80            90            45            214           62            64            -             86            16            46            
Tanger Med        55            17            123           13            20            31            158           41            25            79            9             14            42            13            174           155           114           -             29            48            
Tianjin           26            17            22            89            7             14            62            11            5             179           85            64            4             130           11            6             24            40            -             0             
Xiamen            13            33            45            150           6             7             71            5             6             156           176           92            6             199           19            12            35            59            1             -             

Completed TEUs by Demand Matrix
------------------------------------------------------------
Origin Dest       Busan         Cartagena     Colombo       Hamburg       Ho Chi Minh CityJakarta       Jebel Ali     Kaohsiung     Laem Chabang  Los Angeles   New Jersey    Piraeus       Qingdao       Rotterdam     Shanghai      Shenzhen      Singapore     Tanger Med    Tianjin       Xiamen        
----------------------------------------------------------------------------------------------------------------------------------------------------------------------------------------------------------------------------------------------------------------------------------------------------------
Busan             -             10            55            27            0             15            52            134           0             222           81            30            31            42            78            28            104           37            47            32            
Cartagena         0             -             20            60            5             5             29            0             1             5             70            40            0             61            18            12            40            66            0             0             
Colombo           25            13            -             30            21            27            226           18            25            22            54            21            22            26            55            52            0             52            19            17            
Hamburg           9             21            73            -             3             11            99            15            5             15            0             57            12            65            46            52            46            117           11            11            
Ho Chi Minh City  5             2             19            7             -             27            39            4             12            25            12            8             8             13            18            38            31            9             8             12            
Jakarta           3             0             43            7             19            -             51            1             9             31            10            12            6             19            16            12            41            22            8             5             
Jebel Ali         40            10            0             27            25            19            -             21            25            31            38            42            14            30            47            49            0             85            14            27            
Kaohsiung         101           3             15            19            0             11            16            -             0             152           30            12            14            25            29            14            24            8             30            20            
Laem Chabang      8             4             29            10            11            23            23            9             -             21            13            9             8             9             17            22            25            8             15            9             
Los Angeles       26            12            3             0             1             19            60            19            0             -             40            7             21            0             80            37            21            7             16            16            
New Jersey        0             90            59            140           7             9             51            0             7             83            -             72            0             140           108           80            46            49            3             0             
Piraeus           6             18            41            16            6             11            67            5             2             21            0             -             9             41            36            32            29            74            8             11            
Qingdao           20            0             27            21            6             15            26            15            0             198           44            10            -             28            66            22            49            37            13            2             
Rotterdam         25            29            116           33            7             21            124           15            11            31            0             73            15            -             60            73            55            177           15            15            
Shanghai          43            7             59            48            8             33            82            34            0             189           93            55            42            39            -             46            169           54            47            23            
Shenzhen          114           16            44            42            23            34            121           42            0             79            163           83            11            69            53            -             137           55            24            14            
Singapore         22            13            103           25            34            97            212           22            20            123           64            34            33            43            91            76            -             35            15            43            
Tanger Med        9             22            48            28            3             9             121           7             9             15            0             44            11            25            32            27            44            -             8             3             
Tianjin           24            0             18            21            4             9             28            0             0             102           33            16            25            24            46            10            40            17            -             1             
Xiamen            63            0             34            34            4             12            54            28            0             27            92            25            8             40            17            120           78            22            2             -             


============================================================
Service Route Capacity and Utilization Statistics
============================================================
Route     Name                                Avg Capacity TEU     Avg Carried TEU    Utilization
-------------------------------------------------------------------------------------------------
S1        Asia-Europe-NorthEurope                      189,699              13,398          7.06%
S2        Intra-EastAsia                                12,981                 267          2.05%
S3        SEA-Feeder                                     7,049                 207          2.93%
S4        Transpacific-WestCoast                       127,550               5,382          4.22%
S5        Asia-US-East                                 115,079               3,805          3.31%
S6        Transatlantic-SouthConnector                  22,405                 780          3.48%
S7        IndianOcean-MiddleEast                         7,569                 474          6.26%
-------------------------------------------------------------------------------------------------
TOTAL                                                  482,332              24,312          5.04%


============================================================
Vessel Statistics
============================================================
Metric                                            Average Count
---------------------------------------------------------------
Average vessels sailing                                   37.09
Average vessels waiting for berth at port                  0.17
Average vessels being served at berth                      1.74
---------------------------------------------------------------
TOTAL average active/port vessels                         39.00


Period Result Output: Period 2 (Days 6-10)
Output Simulation Day: 10
Simulation Running Time: 00:04:00

Simulation Progress: Day 15 / 360
Simulation Clock Time: 0001-06-05 00:00:00


============================================================
Shipment Waiting for Loading Statistics
============================================================

TEUs by Demand Matrix
------------------------------------------------------------
Origin Dest       Busan         Cartagena     Colombo       Hamburg       Ho Chi Minh CityJakarta       Jebel Ali     Kaohsiung     Laem Chabang  Los Angeles   New Jersey    Piraeus       Qingdao       Rotterdam     Shanghai      Shenzhen      Singapore     Tanger Med    Tianjin       Xiamen        
----------------------------------------------------------------------------------------------------------------------------------------------------------------------------------------------------------------------------------------------------------------------------------------------------------
Busan             -             5             20            15            4             3             30            84            2             67            27            10            17            13            50            34            18            10            9             11            
Cartagena         3             -             9             22            0             1             12            4             1             4             56            19            5             21            14            10            11            21            3             7             
Colombo           13            13            -             18            10            13            118           9             22            7             31            18            13            36            41            32            77            15            3             6             
Hamburg           5             12            14            -             2             3             22            5             2             6             49            16            6             32            19            22            8             24            2             5             
Ho Chi Minh City  1             1             5             5             -             7             11            2             5             4             4             2             2             5             14            8             17            3             1             2             
Jakarta           2             0             7             3             4             -             10            1             3             7             7             5             2             8             12            14            7             3             1             3             
Jebel Ali         10            7             112           21            13            13            -             6             9             9             25            18            7             31            14            21            49            33            2             7             
Kaohsiung         29            1             2             9             2             4             6             -             3             41            10            2             12            12            17            6             7             5             6             2             
Laem Chabang      1             1             6             4             2             5             8             0             -             6             2             3             2             4             10            8             12            1             2             2             
Los Angeles       32            4             11            5             3             3             13            7             2             -             22            4             21            9             48            24            12            5             8             10            
New Jersey        7             86            13            40            2             1             18            3             1             18            -             16            5             37            21            17            4             19            2             5             
Piraeus           6             6             15            8             1             2             25            4             2             3             13            -             5             18            16            15            9             19            2             5             
Qingdao           10            3             7             7             2             2             15            12            1             59            17            9             -             13            33            7             12            4             6             0             
Rotterdam         8             31            29            19            4             5             46            8             5             7             86            12            9             -             38            27            16            36            4             6             
Shanghai          41            13            35            26            7             10            34            18            8             65            57            22            21            42            -             32            47            16            14            10            
Shenzhen          40            20            34            26            8             15            49            18            5             35            84            31            9             51            19            -             44            19            9             4             
Singapore         9             10            62            16            9             15            102           8             9             23            35            16            9             26            42            44            -             11            5             12            
Tanger Med        5             24            20            12            3             4             18            4             3             4             24            16            3             18            18            18            11            -             5             7             
Tianjin           9             2             6             6             1             2             15            6             1             21            9             4             9             12            16            6             11            5             -             0             
Xiamen            16            2             15            17            2             2             21            14            2             18            17            12            4             17            15            51            17            6             1             -             

Port-Level Shipment Waiting and Vessel Queue Statistics

Port                       Origin Waiting TEU   Transshipment Waiting TEU   Total Waiting TEU   Vessels Waiting
---------------------------------------------------------------------------------------------------------------
Busan                                     427                         142                 569              0.01
Cartagena                                 222                           0                 222              0.00
Colombo                                   493                          15                 507              0.00
Hamburg                                   253                           0                 253              0.00
Ho Chi Minh City                           99                           0                  99              0.03
Jakarta                                    99                           0                  99              0.06
Jebel Ali                                 406                           0                 406              0.00
Kaohsiung                                 177                          62                 239              0.03
Laem Chabang                               81                           0                  81              0.02
Los Angeles                               244                           0                 244              0.00
New Jersey                                315                         195                 510              0.00
Piraeus                                   175                           0                 175              0.00
Qingdao                                   222                          81                 303              0.01
Rotterdam                                 396                           0                 396              0.01
Shanghai                                  518                         956               1,474              0.00
Shenzhen                                  520                         107                 628              0.00
Singapore                                 464                         519                 983              0.01
Tanger Med                                217                          98                 315              0.00
Tianjin                                   140                           0                 140              0.00
Xiamen                                    249                           0                 249              0.02
---------------------------------------------------------------------------------------------------------------
TOTAL                                   5,717                       2,177               7,894              0.19



============================================================
Shipment Being Transported Statistics
============================================================

Average TEUs in Transition by Demand Matrix
------------------------------------------------------------
Origin Dest       Busan         Cartagena     Colombo       Hamburg       Ho Chi Minh CityJakarta       Jebel Ali     Kaohsiung     Laem Chabang  Los Angeles   New Jersey    Piraeus       Qingdao       Rotterdam     Shanghai      Shenzhen      Singapore     Tanger Med    Tianjin       Xiamen        
----------------------------------------------------------------------------------------------------------------------------------------------------------------------------------------------------------------------------------------------------------------------------------------------------------
Busan             -             41            58            160           5             14            121           83            12            465           214           108           8             191           39            33            53            93            5             14            
Cartagena         28            -             67            44            16            25            51            19            14            127           19            34            42            47            149           99            52            41            30            27            
Colombo           52            50            -             148           10            11            66            45            21            64            69            76            44            205           92            86            39            84            20            36            
Hamburg           89            26            174           -             19            27            196           73            25            139           80            28            80            9             258           242           86            29            49            74            
Ho Chi Minh City  4             19            26            36            -             7             62            11            2             68            29            23            8             54            35            37            12            29            9             13            
Jakarta           17            17            31            58            4             -             64            8             5             102           54            60            11            98            44            44            5             33            10            15            
Jebel Ali         65            46            62            121           19            18            -             66            23            141           78            71            41            178           76            96            54            167           22            62            
Kaohsiung         14            18            19            82            6             11            35            -             13            290           75            50            12            91            24            15            19            37            7             9             
Laem Chabang      12            12            31            46            5             5             56            7             -             83            30            37            8             62            27            34            6             28            17            11            
Los Angeles       274           131           102           106           31            39            145           127           27            -             476           99            225           192           392           280           111           73            72            115           
New Jersey        117           21            155           91            19            25            113           85            15            482           -             66            104           90            297           229           71            26            37            91            
Piraeus           62            31            105           15            11            24            145           45            18            95            77            -             56            32            201           162           68            17            31            59            
Qingdao           21            38            28            106           11            10            55            7             9             385           116           74            -             131           9             13            26            65            27            0             
Rotterdam         118           58            248           4             41            60            318           93            37            161           152           28            100           -             297           374           133           38            57            115           
Shanghai          15            80            60            246           14            25            121           10            20            475           225           189           20            358           -             15            58            145           37            4             
Shenzhen          22            61            45            287           25            23            140           6             16            246           295           178           12            435           36            -             30            106           7             11            
Singapore         32            57            28            141           4             11            109           35            6             301           86            94            44            217           81            83            -             87            18            49            
Tanger Med        56            30            119           13            21            30            143           41            25            78            27            10            42            14            172           156           108           -             29            48            
Tianjin           23            18            21            86            6             14            61            15            4             178           83            62            3             129           10            8             27            42            -             0             
Xiamen            17            34            44            152           6             6             69            6             6             166           169           88            7             195           25            14            32            61            1             -             

Completed TEUs by Demand Matrix
------------------------------------------------------------
Origin Dest       Busan         Cartagena     Colombo       Hamburg       Ho Chi Minh CityJakarta       Jebel Ali     Kaohsiung     Laem Chabang  Los Angeles   New Jersey    Piraeus       Qingdao       Rotterdam     Shanghai      Shenzhen      Singapore     Tanger Med    Tianjin       Xiamen        
----------------------------------------------------------------------------------------------------------------------------------------------------------------------------------------------------------------------------------------------------------------------------------------------------------
Busan             -             10            75            62            0             21            117           134           9             222           112           55            86            70            215           28            104           51            47            32            
Cartagena         2             -             20            60            5             13            29            0             1             5             70            40            3             61            62            12            40            106           0             3             
Colombo           54            13            -             64            21            27            226           40            25            22            80            55            40            69            147           52            163           77            19            37            
Hamburg           18            21            109           -             3             19            143           25            5             15            0             57            20            139           93            52            61            117           11            22            
Ho Chi Minh City  6             2             19            15            -             38            39            12            23            25            17            15            11            24            38            38            63            20            8             15            
Jakarta           14            0             43            16            19            -             51            2             16            31            20            26            9             30            68            12            41            29            8             8             
Jebel Ali         67            10            211           74            25            19            -             44            25            31            38            60            31            75            92            49            103           145           14            42            
Kaohsiung         101           3             25            31            0             15            28            -             4             152           39            26            35            41            60            14            24            11            30            20            
Laem Chabang      18            4             29            16            11            31            23            11            -             21            23            19            11            19            39            22            47            17            15            15            
Los Angeles       120           12            12            5             1             21            74            45            4             -             97            20            129           18            124           37            21            16            16            36            
New Jersey        27            90            59            140           7             14            51            24            7             83            -             72            25            140           158           80            65            88            3             21            
Piraeus           25            18            66            36            6             22            99            13            2             21            0             -             22            83            90            32            38            105           8             21            
Qingdao           68            0             42            42            6             20            56            15            3             198           69            25            -             60            129           26            49            49            13            2             
Rotterdam         46            29            159           69            7             39            191           32            11            31            0             73            34            -             109           73            61            177           15            27            
Shanghai          160           7             105           102           8             54            148           76            16            189           158           86            120           122           -             46            169           78            47            43            
Shenzhen          114           16            104           100           23            58            239           76            12            79            245           121           29            153           94            -             137           75            24            14            
Singapore         47            13            103           73            34            124           212           44            36            123           102           52            68            94            214           76            -             56            15            66            
Tanger Med        17            22            72            60            3             18            157           15            9             15            0             44            17            75            81            27            56            -             8             14            
Tianjin           68            0             29            42            4             19            57            14            4             102           47            34            52            55            90            10            40            27            -             1             
Xiamen            63            0             74            61            4             15            90            50            5             27            118           56            16            87            40            219           78            36            2             -             


============================================================
Service Route Capacity and Utilization Statistics
============================================================
Route     Name                                Avg Capacity TEU     Avg Carried TEU    Utilization
-------------------------------------------------------------------------------------------------
S1        Asia-Europe-NorthEurope                      189,350              13,305          7.03%
S2        Intra-EastAsia                                12,821                 276          2.16%
S3        SEA-Feeder                                     7,028                 216          3.08%
S4        Transpacific-WestCoast                       126,821               5,408          4.26%
S5        Asia-US-East                                 114,937               3,777          3.29%
S6        Transatlantic-SouthConnector                  22,723                 870          3.83%
S7        IndianOcean-MiddleEast                         7,440                 461          6.20%
-------------------------------------------------------------------------------------------------
TOTAL                                                  481,120              24,314          5.05%


============================================================
Vessel Statistics
============================================================
Metric                                            Average Count
---------------------------------------------------------------
Average vessels sailing                                   37.00
Average vessels waiting for berth at port                  0.19
Average vessels being served at berth                      1.81
---------------------------------------------------------------
TOTAL average active/port vessels                         39.00


Period Result Output: Period 3 (Days 11-15)
Output Simulation Day: 15
Simulation Running Time: 00:04:14

Simulation Progress: Day 20 / 360
Simulation Clock Time: 0001-06-10 00:00:00


============================================================
Shipment Waiting for Loading Statistics
============================================================

TEUs by Demand Matrix
------------------------------------------------------------
Origin Dest       Busan         Cartagena     Colombo       Hamburg       Ho Chi Minh CityJakarta       Jebel Ali     Kaohsiung     Laem Chabang  Los Angeles   New Jersey    Piraeus       Qingdao       Rotterdam     Shanghai      Shenzhen      Singapore     Tanger Med    Tianjin       Xiamen        
----------------------------------------------------------------------------------------------------------------------------------------------------------------------------------------------------------------------------------------------------------------------------------------------------------
Busan             -             4             19            18            3             3             28            71            1             65            25            13            18            16            47            30            15            10            8             10            
Cartagena         4             -             12            25            0             1             14            4             2             4             64            23            6             26            15            12            14            25            3             7             
Colombo           12            10            -             21            11            13            111           9             19            7             27            17            11            33            37            33            74            17            3             7             
Hamburg           5             13            14            -             2             3             22            4             2             5             45            16            5             29            19            21            8             22            1             6             
Ho Chi Minh City  1             1             5             5             -             6             11            2             5             4             3             2             2             5             13            8             16            3             1             2             
Jakarta           3             1             8             3             4             -             10            1             3             7             6             5             2             8             13            16            8             3             1             3             
Jebel Ali         10            6             127           20            14            16            -             6             9             9             29            17            7             31            15            20            53            30            1             7             
Kaohsiung         30            1             3             8             2             3             5             -             3             35            9             2             11            11            16            6             8             4             8             2             
Laem Chabang      2             1             6             4             2             6             9             0             -             5             2             3             3             4             11            8             14            2             2             2             
Los Angeles       29            3             9             4             3             3             13            7             2             -             20            4             20            9             43            22            11            4             6             9             
New Jersey        7             67            14            49            1             1             23            5             1             20            -             21            6             52            21            20            4             23            2             5             
Piraeus           6             6             15            9             1             2             26            3             2             4             14            -             5             20            18            16            9             23            2             6             
Qingdao           10            3             7             7             2             3             15            13            2             57            18            9             -             14            32            8             12            4             6             0             
Rotterdam         8             29            28            18            4             5             44            7             4             8             78            13            8             -             35            27            14            32            4             7             
Shanghai          36            11            29            21            6             9             29            20            7             59            49            19            22            36            -             27            41            15            14            11            
Shenzhen          33            16            28            23            7             12            42            19            5             36            65            26            8             43            17            -             36            17            7             3             
Singapore         9             9             52            17            8             16            91            7             9             22            29            17            10            28            41            41            -             12            4             12            
Tanger Med        5             23            18            12            3             4             18            4             3             4             23            14            4             18            17            17            10            -             4             6             
Tianjin           8             2             6             6             1             2             15            5             1             20            9             4             8             12            17            6             11            4             -             0             
Xiamen            17            2             17            16            3             2             24            14            2             23            17            12            5             20            15            54            18            7             1             -             

Port-Level Shipment Waiting and Vessel Queue Statistics

Port                       Origin Waiting TEU   Transshipment Waiting TEU   Total Waiting TEU   Vessels Waiting
---------------------------------------------------------------------------------------------------------------
Busan                                     407                         136                 542              0.01
Cartagena                                 260                           0                 260              0.00
Colombo                                   472                          19                 491              0.00
Hamburg                                   240                           0                 240              0.00
Ho Chi Minh City                           96                           0                  96              0.03
Jakarta                                   104                           0                 104              0.04
Jebel Ali                                 429                           0                 429              0.00
Kaohsiung                                 168                          47                 215              0.02
Laem Chabang                               85                           0                  85              0.02
Los Angeles                               222                           0                 222              0.00
New Jersey                                344                         146                 491              0.00
Piraeus                                   190                           0                 190              0.00
Qingdao                                   223                          93                 315              0.01
Rotterdam                                 373                           0                 373              0.01
Shanghai                                  460                         967               1,427              0.00
Shenzhen                                  440                          84                 525              0.00
Singapore                                 435                         512                 947              0.01
Tanger Med                                204                          82                 286              0.00
Tianjin                                   138                           0                 138              0.00
Xiamen                                    269                           0                 269              0.01
---------------------------------------------------------------------------------------------------------------
TOTAL                                   5,559                       2,086               7,645              0.17



============================================================
Shipment Being Transported Statistics
============================================================

Average TEUs in Transition by Demand Matrix
------------------------------------------------------------
Origin Dest       Busan         Cartagena     Colombo       Hamburg       Ho Chi Minh CityJakarta       Jebel Ali     Kaohsiung     Laem Chabang  Los Angeles   New Jersey    Piraeus       Qingdao       Rotterdam     Shanghai      Shenzhen      Singapore     Tanger Med    Tianjin       Xiamen        
----------------------------------------------------------------------------------------------------------------------------------------------------------------------------------------------------------------------------------------------------------------------------------------------------------
Busan             -             42            61            160           6             13            122           127           10            465           216           105           6             190           30            38            53            92            6             20            
Cartagena         28            -             66            38            14            23            50            20            14            123           22            30            42            41            140           92            50            33            30            27            
Colombo           55            56            -             148           9             15            92            46            21            66            74            78            46            208           90            85            30            82            21            37            
Hamburg           92            31            170           -             19            27            192           72            25            140           74            31            82            8             254           240           84            26            47            75            
Ho Chi Minh City  5             19            26            37            -             8             67            10            2             69            30            23            9             55            41            39            15            28            9             13            
Jakarta           17            17            31            56            4             -             66            8             5             100           57            60            12            99            42            45            4             32            9             16            
Jebel Ali         68            47            47            123           16            21            -             64            20            142           78            73            43            180           73            93            40            164           22            64            
Kaohsiung         14            19            17            81            7             11            35            -             13            298           77            48            14            92            28            14            20            38            7             10            
Laem Chabang      12            13            29            48            5             6             60            6             -             84            28            37            9             62            30            36            9             28            16            10            
Los Angeles       279           132           107           108           33            41            150           126           28            -             476           98            218           194           402           275           115           73            73            118           
New Jersey        116           54            152           76            19            24            110           81            15            478           -             54            102           73            286           222           67            20            37            90            
Piraeus           63            33            104           15            12            22            142           45            19            93            71            -             57            31            196           157           68            17            31            60            
Qingdao           18            39            27            103           10            9             56            14            9             395           118           76            -             128           11            12            26            62            25            0             
Rotterdam         121           66            246           4             40            57            321           93            38            161           133           28            102           -             304           370           138           32            57            118           
Shanghai          14            84            68            248           16            25            123           10            22            473           241           189           17            363           -             14            69            146           36            5             
Shenzhen          33            67            53            286           25            24            146           4             18            253           306           185           14            441           39            -             40            111           10            13            
Singapore         36            59            34            138           5             10            131           34            6             293           88            96            44            214           75            78            -             84            19            52            
Tanger Med        59            35            124           12            23            31            138           42            26            80            23            12            43            14            166           158           107           -             30            51            
Tianjin           19            19            21            82            6             12            60            16            4             182           84            59            3             125           11            8             29            41            -             0             
Xiamen            24            35            40            152           6             6             67            5             7             164           166           85            8             187           29            11            32            60            1             -             

Completed TEUs by Demand Matrix
------------------------------------------------------------
Origin Dest       Busan         Cartagena     Colombo       Hamburg       Ho Chi Minh CityJakarta       Jebel Ali     Kaohsiung     Laem Chabang  Los Angeles   New Jersey    Piraeus       Qingdao       Rotterdam     Shanghai      Shenzhen      Singapore     Tanger Med    Tianjin       Xiamen        
----------------------------------------------------------------------------------------------------------------------------------------------------------------------------------------------------------------------------------------------------------------------------------------------------------
Busan             -             29            75            88            3             21            159           134           13            390           112           79            86            108           251           98            151           51            69            32            
Cartagena         2             -             31            85            14            13            44            0             3             40            70            50            3             92            62            48            40            106           3             3             
Colombo           54            42            -             100           37            27            226           40            65            39            80            71            40            130           196           161           163           77            25            37            
Hamburg           18            49            109           -             7             19            218           25            12            38            127           97            20            175           117           125           72            175           22            22            
Ho Chi Minh City  6             12            55            19            -             38            39            12            32            42            17            18            11            32            38            52            102           20            11            15            
Jakarta           14            11            74            28            28            -             51            2             25            65            20            37            9             47            68            58            58            29            11            8             
Jebel Ali         67            24            211           93            47            19            -             44            50            67            38            96            31            143           110           122           103           145           17            42            
Kaohsiung         168           10            25            41            4             15            44            -             11            301           39            39            45            56            81            26            37            11            48            20            
Laem Chabang      18            12            70            19            17            31            23            11            -             41            23            26            11            28            39            44            89            17            20            15            
Los Angeles       120           33            12            12            3             21            84            45            7             -             97            38            129           34            212           115           51            16            35            36            
New Jersey        27            254           107           212           15            14            83            24            13            167           -             106           25            218           195           146           65            88            14            21            
Piraeus           25            34            66            48            10            22            160           13            10            36            81            -             22            116           99            87            49            105           11            21            
Qingdao           68            24            42            62            12            20            77            15            10            341           69            37            -             84            192           42            73            49            41            2             
Rotterdam         46            106           159           97            22            39            280           32            24            55            263           101           34            -             133           171           78            273           24            27            
Shanghai          160           41            105           143           19            54            227           76            26            402           158           142           120           192           -             131           276           78            104           43            
Shenzhen          162           42            104           155           41            58            306           76            26            200           245           155           41            245           116           -             221           75            34            14            
Singapore         47            50            239           97            52            124           212           44            48            247           102           80            68            142           259           212           -             56            20            66            
Tanger Med        17            75            72            73            4             18            211           15            17            28            65            78            17            110           113           72            86            -             12            14            
Tianjin           68            9             29            59            7             19            85            14            5             148           47            47            59            81            123           21            74            27            -             1             
Xiamen            63            14            74            78            8             15            126           50            7             106           118           69            16            133           40            219           122           36            2             -             


============================================================
Service Route Capacity and Utilization Statistics
============================================================
Route     Name                                Avg Capacity TEU     Avg Carried TEU    Utilization
-------------------------------------------------------------------------------------------------
S1        Asia-Europe-NorthEurope                      189,131              13,304          7.03%
S2        Intra-EastAsia                                12,868                 351          2.72%
S3        SEA-Feeder                                     7,068                 242          3.42%
S4        Transpacific-WestCoast                       126,842               5,466          4.31%
S5        Asia-US-East                                 114,984               3,799          3.30%
S6        Transatlantic-SouthConnector                  22,538                 851          3.78%
S7        IndianOcean-MiddleEast                         7,493                 495          6.61%
-------------------------------------------------------------------------------------------------
TOTAL                                                  480,925              24,507          5.10%


============================================================
Vessel Statistics
============================================================
Metric                                            Average Count
---------------------------------------------------------------
Average vessels sailing                                   37.00
Average vessels waiting for berth at port                  0.17
Average vessels being served at berth                      1.83
---------------------------------------------------------------
TOTAL average active/port vessels                         39.00


Period Result Output: Period 4 (Days 16-20)
Output Simulation Day: 20
Simulation Running Time: 00:04:25

Simulation Progress: Day 25 / 360
Simulation Clock Time: 0001-06-15 00:00:00


============================================================
Shipment Waiting for Loading Statistics
============================================================

TEUs by Demand Matrix
------------------------------------------------------------
Origin Dest       Busan         Cartagena     Colombo       Hamburg       Ho Chi Minh CityJakarta       Jebel Ali     Kaohsiung     Laem Chabang  Los Angeles   New Jersey    Piraeus       Qingdao       Rotterdam     Shanghai      Shenzhen      Singapore     Tanger Med    Tianjin       Xiamen        
----------------------------------------------------------------------------------------------------------------------------------------------------------------------------------------------------------------------------------------------------------------------------------------------------------
Busan             -             4             17            16            2             3             25            70            1             61            24            12            18            15            44            30            17            10            9             10            
Cartagena         3             -             10            22            0             1             12            3             1             4             54            19            5             23            13            11            12            21            2             6             
Colombo           11            9             -             22            14            14            100           9             17            7             26            17            10            31            36            33            80            17            3             7             
Hamburg           6             13            15            -             2             3             22            4             2             7             44            17            6             32            21            23            9             23            2             5             
Ho Chi Minh City  2             2             5             5             -             7             11            1             5             4             3             3             2             5             12            8             16            3             1             2             
Jakarta           3             1             8             3             3             -             9             2             3             6             6             5             2             8             14            13            7             3             1             3             
Jebel Ali         14            6             110           24            12            14            -             6             8             11            25            18            7             36            20            22            48            33            1             8             
Kaohsiung         29            1             3             7             2             3             5             -             3             35            9             3             10            10            15            7             8             4             9             2             
Laem Chabang      2             1             7             4             3             6             11            1             -             5             2             4             3             5             11            8             17            2             2             2             
Los Angeles       27            3             8             4             3             3             12            7             2             -             18            3             20            8             42            22            9             3             6             9             
New Jersey        7             63            13            52            1             1             25            5             1             20            -             24            5             58            20            19            5             24            2             5             
Piraeus           6             6             15            9             1             2             24            3             2             4             17            -             6             23            17            15            8             22            2             6             
Qingdao           11            3             8             8             2             3             16            12            2             56            18            9             -             15            30            8             14            4             6             0             
Rotterdam         9             28            27            19            5             5             42            7             4             8             78            14            9             -             34            29            14            32            3             8             
Shanghai          33            11            26            21            6             9             27            20            7             59            49            17            21            34            -             25            39            14            16            11            
Shenzhen          31            15            29            23            7             11            39            18            5             32            61            24            7             40            19            -             37            15            6             3             
Singapore         10            8             57            15            8             15            95            7             9             23            25            15            10            25            46            41            -             11            4             14            
Tanger Med        5             19            17            12            2             3             18            4             3             4             20            14            4             18            18            16            9             -             3             5             
Tianjin           7             2             7             8             1             1             15            5             1             21            10            4             8             16            19            7             12            5             -             0             
Xiamen            16            2             15            16            2             2             22            12            2             20            17            11            4             17            13            49            16            6             1             -             

Port-Level Shipment Waiting and Vessel Queue Statistics

Port                       Origin Waiting TEU   Transshipment Waiting TEU   Total Waiting TEU   Vessels Waiting
---------------------------------------------------------------------------------------------------------------
Busan                                     391                         128                 519              0.01
Cartagena                                 223                           0                 223              0.00
Colombo                                   461                          19                 480              0.00
Hamburg                                   257                           0                 257              0.00
Ho Chi Minh City                           97                           0                  97              0.04
Jakarta                                    99                           0                  99              0.05
Jebel Ali                                 424                           0                 424              0.00
Kaohsiung                                 165                          45                 211              0.02
Laem Chabang                               95                           0                  95              0.03
Los Angeles                               210                           0                 210              0.00
New Jersey                                349                         155                 504              0.00
Piraeus                                   189                           0                 189              0.00
Qingdao                                   229                          76                 305              0.01
Rotterdam                                 374                           0                 374              0.01
Shanghai                                  445                         971               1,416              0.00
Shenzhen                                  423                         109                 532              0.00
Singapore                                 441                         538                 979              0.01
Tanger Med                                193                          72                 264              0.00
Tianjin                                   151                           0                 151              0.00
Xiamen                                    245                           0                 245              0.02
---------------------------------------------------------------------------------------------------------------
TOTAL                                   5,460                       2,114               7,574              0.20



============================================================
Shipment Being Transported Statistics
============================================================

Average TEUs in Transition by Demand Matrix
------------------------------------------------------------
Origin Dest       Busan         Cartagena     Colombo       Hamburg       Ho Chi Minh CityJakarta       Jebel Ali     Kaohsiung     Laem Chabang  Los Angeles   New Jersey    Piraeus       Qingdao       Rotterdam     Shanghai      Shenzhen      Singapore     Tanger Med    Tianjin       Xiamen        
----------------------------------------------------------------------------------------------------------------------------------------------------------------------------------------------------------------------------------------------------------------------------------------------------------
Busan             -             40            61            166           7             13            127           131           9             464           217           107           7             192           31            36            47            93            6             17            
Cartagena         28            -             69            41            13            22            53            21            15            120           37            34            43            48            140           91            53            37            31            27            
Colombo           51            55            -             153           8             13            82            46            17            67            77            82            44            211           91            90            27            83            21            37            
Hamburg           90            31            165           -             20            27            188           71            24            138           74            30            80            7             251           239           83            23            46            74            
Ho Chi Minh City  5             18            24            39            -             9             62            10            2             68            29            23            9             56            43            42            15            27            9             13            
Jakarta           17            15            33            55            4             -             63            9             5             96            59            61            12            101           44            50            5             33            9             16            
Jebel Ali         64            47            71            125           17            23            -             60            19            140           81            71            43            178           69            89            48            158           21            57            
Kaohsiung         17            18            16            82            7             11            36            -             14            288           78            46            15            93            28            16            21            39            9             9             
Laem Chabang      11            12            27            49            5             5             56            6             -             83            27            36            10            62            33            38            9             27            15            9             
Los Angeles       275           130           109           110           33            41            157           128           28            -             465           95            216           196           407           276           116           72            74            119           
New Jersey        113           44            149           71            18            23            110           82            14            473           -             49            100           70            283           220           63            20            37            87            
Piraeus           63            32            103           16            12            21            143           44            19            91            69            -             57            33            195           156           69            19            31            58            
Qingdao           18            36            26            100           10            9             59            15            8             399           120           78            -             128           9             10            26            59            22            0             
Rotterdam         120           61            241           5             40            56            324           92            37            161           126           26            101           -             308           366           140           27            57            115           
Shanghai          11            83            67            249           17            24            124           12            24            464           243           185           17            366           -             15            64            146           33            4             
Shenzhen          42            68            53            285           23            21            153           5             18            255           301           189           15            442           41            -             37            114           11            13            
Singapore         34            55            27            140           5             8             111           32            8             279           91            99            43            217           71            75            -             84            20            48            
Tanger Med        58            34            125           13            25            31            136           42            27            80            24            13            43            16            164           161           104           -             31            51            
Tianjin           18            18            21            78            6             10            60            14            4             178           84            57            2             122           9             7             27            41            -             0             
Xiamen            33            34            40            155           6             6             72            6             7             164           163           85            11            186           35            13            32            60            1             -             

Completed TEUs by Demand Matrix
------------------------------------------------------------
Origin Dest       Busan         Cartagena     Colombo       Hamburg       Ho Chi Minh CityJakarta       Jebel Ali     Kaohsiung     Laem Chabang  Los Angeles   New Jersey    Piraeus       Qingdao       Rotterdam     Shanghai      Shenzhen      Singapore     Tanger Med    Tianjin       Xiamen        
----------------------------------------------------------------------------------------------------------------------------------------------------------------------------------------------------------------------------------------------------------------------------------------------------------
Busan             -             29            144           88            12            29            159           410           18            460           165           79            119           137           323           151           168           72            69            70            
Cartagena         12            -             31            85            14            13            44            3             5             40            215           50            17            92            62            48            44            106           3             11            
Colombo           104           42            -             100           37            55            477           73            65            39            111           71            83            181           260           208           163           103           25            61            
Hamburg           44            55            139           -             9             21            218           43            14            38            127           131           46            175           147           146           92            214           22            41            
Ho Chi Minh City  9             12            55            19            -             55            104           14            43            42            24            18            16            47            78            74            102           23            11            20            
Jakarta           24            11            74            28            33            -             105           10            30            65            33            37            19            62            102           99            82            35            11            20            
Jebel Ali         109           24            411           93            47            47            -             84            50            67            74            96            55            203           145           166           103           208           17            88            
Kaohsiung         227           10            30            41            7             21            44            -             15            355           49            39            58            72            102           32            37            19            48            28            
Laem Chabang      23            12            70            19            21            47            83            14            -             41            31            26            16            41            61            70            89            19            20            19            
Los Angeles       193           33            43            12            14            34            84            58            11            -             205           38            157           70            212           165           51            33            35            55            
New Jersey        61            276           107           212           17            17            83            34            16            167           -             106           52            218           195           146           82            88            14            43            
Piraeus           38            50            94            48            11            27            160           31            11            36            81            -             37            162           131           109           68            170           11            50            
Qingdao           68            24            58            62            17            26            77            66            13            413           91            37            -             112           192           60            73            62            41            4             
Rotterdam         75            116           223           97            26            45            280           54            26            55            263           127           57            -             186           222           107           311           24            65            
Shanghai          203           41            199           143           42            75            227           119           49            493           227           142           169           254           -             171           307           105           104           68            
Shenzhen          162           42            188           155           62            88            306           111           45            257           346           155           41            360           116           -             249           108           34            26            
Singapore         84            50            239           97            67            154           409           67            72            247           125           80            100           190           345           274           -             83            20            119           
Tanger Med        38            78            109           73            8             27            211           26            19            28            65            101           28            152           130           99            109           -             12            30            
Tianjin           68            9             41            59            9             24            85            36            6             193           63            47            59            107           123           36            74            33            -             2             
Xiamen            63            14            101           78            11            19            126           75            14            148           159           69            16            164           40            325           122           51            2             -             


============================================================
Service Route Capacity and Utilization Statistics
============================================================
Route     Name                                Avg Capacity TEU     Avg Carried TEU    Utilization
-------------------------------------------------------------------------------------------------
S1        Asia-Europe-NorthEurope                      189,190              13,268          7.01%
S2        Intra-EastAsia                                12,933                 376          2.91%
S3        SEA-Feeder                                     6,986                 240          3.43%
S4        Transpacific-WestCoast                       126,893               5,426          4.28%
S5        Asia-US-East                                 115,043               3,731          3.24%
S6        Transatlantic-SouthConnector                  22,653                 872          3.85%
S7        IndianOcean-MiddleEast                         7,390                 470          6.36%
-------------------------------------------------------------------------------------------------
TOTAL                                                  481,090              24,383          5.07%


============================================================
Vessel Statistics
============================================================
Metric                                            Average Count
---------------------------------------------------------------
Average vessels sailing                                   36.99
Average vessels waiting for berth at port                  0.20
Average vessels being served at berth                      1.82
---------------------------------------------------------------
TOTAL average active/port vessels                         39.00


Period Result Output: Period 5 (Days 21-25)
Output Simulation Day: 25
Simulation Running Time: 00:04:38

Simulation Progress: Day 30 / 360
Simulation Clock Time: 0001-06-20 00:00:00


============================================================
Shipment Waiting for Loading Statistics
============================================================

TEUs by Demand Matrix
------------------------------------------------------------
Origin Dest       Busan         Cartagena     Colombo       Hamburg       Ho Chi Minh CityJakarta       Jebel Ali     Kaohsiung     Laem Chabang  Los Angeles   New Jersey    Piraeus       Qingdao       Rotterdam     Shanghai      Shenzhen      Singapore     Tanger Med    Tianjin       Xiamen        
----------------------------------------------------------------------------------------------------------------------------------------------------------------------------------------------------------------------------------------------------------------------------------------------------------
Busan             -             4             17            17            2             4             27            71            1             68            26            13            20            17            48            31            22            10            10            12            
Cartagena         4             -             9             23            0             2             12            3             1             5             52            19            5             24            13            12            11            21            2             5             
Colombo           14            8             -             20            13            12            102           9             16            8             24            18            10            31            39            39            69            17            4             8             
Hamburg           5             15            16            -             2             3             22            4             2             6             49            17            6             32            20            21            9             23            2             5             
Ho Chi Minh City  2             2             6             5             -             7             11            1             5             4             4             3             2             5             12            9             16            3             1             3             
Jakarta           3             1             9             3             3             -             9             2             3             6             5             5             2             8             14            12            8             3             1             3             
Jebel Ali         14            5             111           22            12            14            -             6             8             11            22            17            7             33            21            22            50            30            1             8             
Kaohsiung         28            2             3             7             2             4             5             -             3             34            9             4             11            10            16            8             8             5             9             3             
Laem Chabang      2             1             6             4             2             6             10            1             -             5             2             4             3             5             12            8             16            2             2             2             
Los Angeles       28            3             8             4             3             3             13            9             2             -             17            4             19            8             43            24            9             4             7             10            
New Jersey        8             60            15            47            1             2             21            5             1             25            -             22            5             52            25            23            7             22            2             6             
Piraeus           5             6             15            9             1             2             23            3             2             4             17            -             6             24            18            17            9             22            2             6             
Qingdao           10            3             8             8             2             3             15            12            2             66            17            9             -             14            29            8             13            4             6             0             
Rotterdam         8             29            27            18            4             5             41            6             3             8             88            14            8             -             32            28            14            32            3             8             
Shanghai          33            10            24            22            6             8             27            20            7             66            44            18            22            35            -             27            40            13            17            11            
Shenzhen          30            14            30            23            8             10            40            18            4             32            57            25            7             38            20            -             36            15            7             3             
Singapore         13            8             58            15            9             14            96            8             9             23            25            15            12            25            43            41            -             12            4             13            
Tanger Med        5             18            17            15            2             3             19            4             3             4             20            14            4             20            18            16            10            -             3             6             
Tianjin           7             2             6             7             1             1             14            5             1             20            9             4             7             15            19            7             11            5             -             0             
Xiamen            17            3             15            17            2             3             21            11            2             19            17            11            4             16            13            48            16            6             1             -             

Port-Level Shipment Waiting and Vessel Queue Statistics

Port                       Origin Waiting TEU   Transshipment Waiting TEU   Total Waiting TEU   Vessels Waiting
---------------------------------------------------------------------------------------------------------------
Busan                                     422                         110                 532              0.01
Cartagena                                 222                           0                 222              0.00
Colombo                                   460                          23                 482              0.00
Hamburg                                   259                           0                 259              0.00
Ho Chi Minh City                           99                           0                  99              0.04
Jakarta                                    99                           0                  99              0.06
Jebel Ali                                 413                           0                 413              0.00
Kaohsiung                                 169                          40                 208              0.02
Laem Chabang                               92                           0                  92              0.02
Los Angeles                               217                           0                 217              0.00
New Jersey                                350                         172                 522              0.00
Piraeus                                   191                           0                 191              0.00
Qingdao                                   227                          71                 298              0.01
Rotterdam                                 376                           0                 376              0.01
Shanghai                                  451                       1,001               1,453              0.00
Shenzhen                                  419                         110                 529              0.00
Singapore                                 442                         536                 979              0.01
Tanger Med                                200                          69                 270              0.00
Tianjin                                   141                           0                 141              0.00
Xiamen                                    241                           0                 241              0.02
---------------------------------------------------------------------------------------------------------------
TOTAL                                   5,493                       2,132               7,624              0.20



============================================================
Shipment Being Transported Statistics
============================================================

Average TEUs in Transition by Demand Matrix
------------------------------------------------------------
Origin Dest       Busan         Cartagena     Colombo       Hamburg       Ho Chi Minh CityJakarta       Jebel Ali     Kaohsiung     Laem Chabang  Los Angeles   New Jersey    Piraeus       Qingdao       Rotterdam     Shanghai      Shenzhen      Singapore     Tanger Med    Tianjin       Xiamen        
----------------------------------------------------------------------------------------------------------------------------------------------------------------------------------------------------------------------------------------------------------------------------------------------------------
Busan             -             39            56            166           6             13            120           129           8             459           218           107           7             190           29            36            45            93            5             17            
Cartagena         28            -             72            44            12            21            55            22            15            118           30            36            42            53            137           90            56            40            31            27            
Colombo           48            56            -             155           12            15            68            44            17            69            84            86            41            211           87            90            35            86            20            36            
Hamburg           89            31            166           -             20            27            187           68            24            139           67            30            80            7             253           243           83            24            45            74            
Ho Chi Minh City  6             18            25            40            -             9             61            10            2             69            30            23            10            55            43            42            14            27            8             13            
Jakarta           17            15            37            54            4             -             61            9             5             96            61            60            12            101           45            49            5             33            9             15            
Jebel Ali         65            47            59            125           17            25            -             55            18            142           82            73            43            181           73            85            48            159           19            53            
Kaohsiung         15            18            17            81            7             12            36            -             14            281           80            45            13            94            26            17            22            39            8             9             
Laem Chabang      11            11            27            47            5             5             56            6             -             85            26            36            11            62            37            37            9             28            14            9             
Los Angeles       275           128           108           108           33            41            159           129           28            -             457           94            218           193           413           273           116           70            73            121           
New Jersey        110           47            144           82            17            22            117           81            14            471           -             52            98            83            275           215           60            26            35            84            
Piraeus           63            32            105           15            12            20            140           43            18            91            69            -             58            35            194           155           67            21            30            57            
Qingdao           22            35            27            100           9             10            62            15            8             397           125           79            -             129           9             10            29            58            22            0             
Rotterdam         122           57            242           4             41            55            329           91            37            163           112           27            103           -             314           365           141           28            56            113           
Shanghai          13            85            64            246           16            24            118           14            23            454           255           180           19            367           -             14            61            146           32            5             
Shenzhen          53            70            56            280           23            20            147           6             16            253           304           192           17            431           49            -             36            116           13            13            
Singapore         35            53            32            139           6             9             106           31            8             278           93            101           43            217           74            72            -             85            18            48            
Tanger Med        59            34            127           11            25            31            135           42            27            82            22            13            43            13            164           162           100           -             31            51            
Tianjin           18            18            23            77            6             9             61            13            4             177           86            55            2             126           10            8             29            42            -             0             
Xiamen            44            34            40            154           6             7             72            6             7             160           164           85            14            183           41            13            32            61            2             -             

Completed TEUs by Demand Matrix
------------------------------------------------------------
Origin Dest       Busan         Cartagena     Colombo       Hamburg       Ho Chi Minh CityJakarta       Jebel Ali     Kaohsiung     Laem Chabang  Los Angeles   New Jersey    Piraeus       Qingdao       Rotterdam     Shanghai      Shenzhen      Singapore     Tanger Med    Tianjin       Xiamen        
----------------------------------------------------------------------------------------------------------------------------------------------------------------------------------------------------------------------------------------------------------------------------------------------------------
Busan             -             29            144           120           12            31            266           539           18            460           165           104           119           137           323           206           168           95            92            91            
Cartagena         16            -             31            85            14            16            44            3             5             40            215           50            17            92            84            58            44            154           13            14            
Colombo           118           42            -             149           68            55            477           91            65            39            111           106           83            181           340           208           295           124           37            78            
Hamburg           55            55            139           -             10            27            257           52            14            38            201           131           46            243           205           146           92            258           31            50            
Ho Chi Minh City  10            12            55            27            -             74            104           16            43            42            24            23            16            47            103           74            136           28            15            27            
Jakarta           31            11            74            38            41            -             105           12            30            65            33            63            19            62            138           99            107           44            15            29            
Jebel Ali         131           24            411           145           68            47            -             95            50            67            74            127           55            203           183           166           187           270           30            100           
Kaohsiung         227           10            30            56            8             21            55            -             15            355           49            47            76            72            132           52            45            27            73            36            
Laem Chabang      26            12            70            38            29            56            83            15            -             41            31            36            16            41            91            70            135           30            25            19            
Los Angeles       257           33            43            31            17            34            115           93            11            -             205           45            157           70            299           165           73            37            51            82            
New Jersey        82            276           139           212           17            19            83            48            16            167           -             106           52            218           244           183           90            138           22            53            
Piraeus           53            50            94            70            13            30            213           39            11            36            111           -             37            162           191           109           68            214           21            60            
Qingdao           118           24            58            79            21            26            114           84            13            413           91            61            -             112           240           75            96            77            41            5             
Rotterdam         87            116           223           132           35            62            363           66            26            55            361           127           57            -             241           222           107           374           34            80            
Shanghai          270           41            199           202           49            83            338           163           49            493           227           194           169           254           -             171           366           150           127           89            
Shenzhen          162           42            188           213           82            92            474           156           45            257           346           202           41            360           154           -             321           127           34            26            
Singapore         105           50            239           123           97            188           409           79            72            247           125           112           100           190           442           274           -             107           39            140           
Tanger Med        41            78            109           101           15            31            236           32            19            28            94            101           28            152           158           99            109           -             17            39            
Tianjin           89            9             41            73            13            24            114           41            6             193           63            59            76            107           169           52            92            41            -             2             
Xiamen            63            14            101           115           16            19            173           92            14            148           159           88            16            164           80            419           155           64            2             -             


============================================================
Service Route Capacity and Utilization Statistics
============================================================
Route     Name                                Avg Capacity TEU     Avg Carried TEU    Utilization
-------------------------------------------------------------------------------------------------
S1        Asia-Europe-NorthEurope                      189,320              13,258          7.00%
S2        Intra-EastAsia                                12,750                 395          3.10%
S3        SEA-Feeder                                     6,977                 235          3.37%
S4        Transpacific-WestCoast                       127,156               5,401          4.25%
S5        Asia-US-East                                 115,045               3,716          3.23%
S6        Transatlantic-SouthConnector                  22,773                 900          3.95%
S7        IndianOcean-MiddleEast                         7,414                 461          6.21%
-------------------------------------------------------------------------------------------------
TOTAL                                                  481,436              24,365          5.06%


============================================================
Vessel Statistics
============================================================
Metric                                            Average Count
---------------------------------------------------------------
Average vessels sailing                                   37.01
Average vessels waiting for berth at port                  0.20
Average vessels being served at berth                      1.79
---------------------------------------------------------------
TOTAL average active/port vessels                         39.00


Period Result Output: Period 6 (Days 26-30)
Output Simulation Day: 30
Simulation Running Time: 00:04:49

Simulation Progress: Day 35 / 360
Simulation Clock Time: 0001-06-25 00:00:00


============================================================
Shipment Waiting for Loading Statistics
============================================================

TEUs by Demand Matrix
------------------------------------------------------------
Origin Dest       Busan         Cartagena     Colombo       Hamburg       Ho Chi Minh CityJakarta       Jebel Ali     Kaohsiung     Laem Chabang  Los Angeles   New Jersey    Piraeus       Qingdao       Rotterdam     Shanghai      Shenzhen      Singapore     Tanger Med    Tianjin       Xiamen        
----------------------------------------------------------------------------------------------------------------------------------------------------------------------------------------------------------------------------------------------------------------------------------------------------------
Busan             -             4             17            17            2             3             26            70            2             69            26            13            21            17            48            29            22            10            10            12            
Cartagena         3             -             8             21            1             2             11            3             1             4             48            17            4             23            12            11            10            20            2             5             
Colombo           13            8             -             19            13            13            95            8             16            8             24            17            10            30            39            37            67            16            4             9             
Hamburg           5             16            18            -             2             4             24            4             2             6             49            17            6             33            22            20            10            24            2             5             
Ho Chi Minh City  2             2             5             5             -             7             10            2             4             4             3             3             2             5             11            9             15            3             1             3             
Jakarta           3             1             9             4             3             -             10            2             3             6             5             5             2             8             15            14            8             3             1             3             
Jebel Ali         13            5             120           22            12            16            -             6             9             11            23            17            7             33            19            20            56            28            1             8             
Kaohsiung         26            2             3             7             2             4             5             -             2             34            10            4             10            9             15            7             8             5             8             3             
Laem Chabang      2             1             6             4             2             6             9             1             -             4             2             4             2             5             11            8             15            2             2             2             
Los Angeles       27            3             8             3             3             2             12            9             2             -             16            4             17            8             44            25            8             3             6             10            
New Jersey        10            60            20            47            1             3             22            7             2             32            -             23            6             53            35            30            10            23            3             8             
Piraeus           5             7             16            9             1             2             23            3             2             4             16            -             6             24            18            17            9             24            2             6             
Qingdao           11            3             8             8             2             3             14            12            2             63            16            9             -             14            29            8             14            4             5             0             
Rotterdam         9             30            29            18            4             5             41            7             4             9             93            15            9             -             34            30            15            35            4             9             
Shanghai          34            10            23            24            6             8             27            20            7             69            43            18            23            34            -             27            39            13            17            12            
Shenzhen          29            13            29            24            8             10            37            19            4             31            56            25            7             37            20            -             36            15            7             3             
Singapore         17            8             54            15            9             15            93            9             10            26            22            16            14            24            45            49            -             12            4             15            
Tanger Med        6             20            17            15            2             3             22            4             3             4             22            13            4             19            19            16            9             -             3             6             
Tianjin           8             2             6             7             1             1             14            5             1             19            9             5             7             15            19            7             11            5             -             0             
Xiamen            17            3             14            16            2             3             20            11            2             19            18            11            5             17            15            49            15            6             1             -             

Port-Level Shipment Waiting and Vessel Queue Statistics

Port                       Origin Waiting TEU   Transshipment Waiting TEU   Total Waiting TEU   Vessels Waiting
---------------------------------------------------------------------------------------------------------------
Busan                                     419                          98                 518              0.01
Cartagena                                 206                           0                 206              0.00
Colombo                                   444                          28                 472              0.00
Hamburg                                   270                           0                 270              0.00
Ho Chi Minh City                           96                           0                  96              0.04
Jakarta                                   105                           0                 105              0.06
Jebel Ali                                 426                           0                 426              0.00
Kaohsiung                                 165                          40                 205              0.02
Laem Chabang                               89                           0                  89              0.02
Los Angeles                               214                           0                 214              0.00
New Jersey                                394                         177                 570              0.00
Piraeus                                   193                           0                 193              0.00
Qingdao                                   226                          63                 288              0.01
Rotterdam                                 398                           0                 398              0.01
Shanghai                                  454                       1,022               1,477              0.00
Shenzhen                                  408                         108                 516              0.00
Singapore                                 457                         546               1,003              0.01
Tanger Med                                207                         103                 310              0.00
Tianjin                                   142                           0                 142              0.00
Xiamen                                    244                           0                 244              0.02
---------------------------------------------------------------------------------------------------------------
TOTAL                                   5,558                       2,185               7,743              0.20



============================================================
Shipment Being Transported Statistics
============================================================

Average TEUs in Transition by Demand Matrix
------------------------------------------------------------
Origin Dest       Busan         Cartagena     Colombo       Hamburg       Ho Chi Minh CityJakarta       Jebel Ali     Kaohsiung     Laem Chabang  Los Angeles   New Jersey    Piraeus       Qingdao       Rotterdam     Shanghai      Shenzhen      Singapore     Tanger Med    Tianjin       Xiamen        
----------------------------------------------------------------------------------------------------------------------------------------------------------------------------------------------------------------------------------------------------------------------------------------------------------
Busan             -             39            56            168           6             14            116           128           7             462           225           108           7             191           28            37            51            91            6             18            
Cartagena         28            -             72            46            12            21            56            22            15            118           33            41            42            57            136           91            58            38            30            27            
Colombo           49            56            -             157           10            16            75            42            15            70            91            92            40            213           84            93            30            89            21            37            
Hamburg           88            30            165           -             21            28            187           66            23            138           64            29            78            9             250           242           83            23            44            74            
Ho Chi Minh City  7             18            25            41            -             8             62            9             2             69            31            24            10            56            43            42            14            27            8             14            
Jakarta           17            14            37            53            4             -             62            10            5             94            63            58            12            100           44            47            5             32            9             15            
Jebel Ali         66            46            52            125           15            25            -             52            16            142           84            74            43            183           75            83            42            154           18            52            
Kaohsiung         15            18            17            80            7             13            37            -             13            274           83            45            13            94            26            17            24            40            8             9             
Laem Chabang      11            11            26            47            5             6             57            6             -             85            27            37            12            62            39            36            9             28            14            10            
Los Angeles       275           125           108           108           33            41            163           130           29            -             455           93            218           193           419           270           115           70            74            124           
New Jersey        105           43            137           83            17            21            116           79            13            469           -             54            93            82            266           210           57            23            34            81            
Piraeus           63            32            107           16            12            19            137           42            18            90            70            -             59            36            190           155           68            20            30            57            
Qingdao           20            34            28            99            9             10            64            14            8             408           130           79            -             129           9             10            31            55            21            0             
Rotterdam         123           53            240           4             40            53            325           90            36            163           105           26            102           -             315           362           144           27            55            112           
Shanghai          12            84            59            247           15            24            112           13            22            457           268           177           17            369           -             14            61            142           31            4             
Shenzhen          69            72            58            278           22            20            145           5             15            257           311           196           20            422           54            -             38            119           17            14            
Singapore         36            52            32            139           5             9             116           30            7             274           99            102           43            216           66            69            -             85            17            47            
Tanger Med        60            30            128           14            25            32            136           41            28            81            19            12            43            15            163           163           99            -             31            51            
Tianjin           16            18            23            76            5             9             62            12            4             180           89            53            2             128           10            8             30            43            -             0             
Xiamen            55            34            40            154           6             9             73            5             7             160           167           85            16            181           41            11            32            60            2             -             

Completed TEUs by Demand Matrix
------------------------------------------------------------
Origin Dest       Busan         Cartagena     Colombo       Hamburg       Ho Chi Minh CityJakarta       Jebel Ali     Kaohsiung     Laem Chabang  Los Angeles   New Jersey    Piraeus       Qingdao       Rotterdam     Shanghai      Shenzhen      Singapore     Tanger Med    Tianjin       Xiamen        
----------------------------------------------------------------------------------------------------------------------------------------------------------------------------------------------------------------------------------------------------------------------------------------------------------
Busan             -             31            144           157           12            31            266           539           18            560           165           124           166           175           423           206           188           95            123           91            
Cartagena         16            -             72            141           14            16            66            3             5             40            215           50            23            171           84            58            44            160           16            14            
Colombo           118           59            -             188           68            80            477           91            83            55            111           142           94            263           340           298           295           124           43            78            
Hamburg           55            85            185           -             10            27            281           52            19            59            201           160           60            326           205           198           107           258           37            50            
Ho Chi Minh City  10            15            83            31            -             82            104           16            48            60            24            29            18            55            103           103           160           28            16            27            
Jakarta           31            15            117           62            45            -             105           12            40            83            33            76            24            104           138           138           107           44            17            29            
Jebel Ali         131           45            411           185           68            79            -             95            64            101           74            160           73            262           183           200           187           270           34            100           
Kaohsiung         275           14            34            71            8             23            64            -             18            406           49            58            97            87            163           58            67            27            86            36            
Laem Chabang      26            13            98            47            29            68            83            15            -             64            31            46            20            58            91            92            164           30            28            19            
Los Angeles       257           69            58            33            17            41            137           93            13            -             205           48            203           84            403           244           97            37            63            82            
New Jersey        82            371           173           350           17            22            137           48            16            167           -             106           74            370           291           220           90            146           26            53            
Piraeus           53            55            130           87            13            30            242           39            16            49            111           -             43            229           191           151           92            214           25            60            
Qingdao           118           27            74            106           21            32            148           84            17            500           91            78            -             137           296           75            133           77            63            5             
Rotterdam         87            152           271           165           35            62            439           66            31            77            361           163           75            -             241           288           140           374           40            80            
Shanghai          270           64            238           252           49            99            373           163           68            602           227           238           231           338           -             231           441           150           176           89            
Shenzhen          162           54            262           296           82            100           544           156           54            260           346           263           41            461           154           -             383           127           34            26            
Singapore         105           62            363           165           98            225           409           79            94            290           125           150           124           263           442           334           -             107           42            140           
Tanger Med        41            110           133           146           15            31            262           32            24            45            94            132           36            198           158           126           135           -             19            39            
Tianjin           89            13            57            92            13            27            147           41            9             193           63            72            92            127           206           52            122           41            -             2             
Xiamen            63            20            130           148           16            27            217           92            18            149           159           113           16            202           80            419           188           64            2             -             


============================================================
Service Route Capacity and Utilization Statistics
============================================================
Route     Name                                Avg Capacity TEU     Avg Carried TEU    Utilization
-------------------------------------------------------------------------------------------------
S1        Asia-Europe-NorthEurope                      189,118              13,192          6.98%
S2        Intra-EastAsia                                12,864                 409          3.18%
S3        SEA-Feeder                                     6,987                 235          3.37%
S4        Transpacific-WestCoast                       127,112               5,407          4.25%
S5        Asia-US-East                                 115,042               3,716          3.23%
S6        Transatlantic-SouthConnector                  22,621                 864          3.82%
S7        IndianOcean-MiddleEast                         7,398                 458          6.19%
-------------------------------------------------------------------------------------------------
TOTAL                                                  481,142              24,281          5.05%


============================================================
Vessel Statistics
============================================================
Metric                                            Average Count
---------------------------------------------------------------
Average vessels sailing                                   36.99
Average vessels waiting for berth at port                  0.20
Average vessels being served at berth                      1.81
---------------------------------------------------------------
TOTAL average active/port vessels                         39.00


Period Result Output: Period 7 (Days 31-35)
Output Simulation Day: 35
Simulation Running Time: 00:05:02

Simulation Progress: Day 40 / 360
Simulation Clock Time: 0001-06-30 00:00:00


============================================================
Shipment Waiting for Loading Statistics
============================================================

TEUs by Demand Matrix
------------------------------------------------------------
Origin Dest       Busan         Cartagena     Colombo       Hamburg       Ho Chi Minh CityJakarta       Jebel Ali     Kaohsiung     Laem Chabang  Los Angeles   New Jersey    Piraeus       Qingdao       Rotterdam     Shanghai      Shenzhen      Singapore     Tanger Med    Tianjin       Xiamen        
----------------------------------------------------------------------------------------------------------------------------------------------------------------------------------------------------------------------------------------------------------------------------------------------------------
Busan             -             4             17            17            2             3             25            73            2             65            25            13            20            17            46            31            22            9             10            13            
Cartagena         3             -             8             21            1             2             11            2             1             5             49            17            4             23            13            12            10            20            2             5             
Colombo           12            7             -             18            13            13            96            8             16            8             23            17            10            29            38            35            66            16            4             9             
Hamburg           5             16            18            -             3             3             25            5             2             7             46            18            6             35            22            21            10            24            2             5             
Ho Chi Minh City  2             1             5             4             -             6             10            2             4             5             3             3             2             5             11            9             14            3             1             2             
Jakarta           3             1             9             4             3             -             11            2             3             6             5             6             2             8             16            14            11            3             1             3             
Jebel Ali         14            5             108           21            11            14            -             7             8             13            21            18            7             31            21            21            52            27            2             8             
Kaohsiung         25            1             3             7             2             3             5             -             2             36            10            4             10            9             15            7             8             5             8             3             
Laem Chabang      2             1             6             3             2             5             9             1             -             4             3             4             2             5             11            9             15            2             2             2             
Los Angeles       30            4             9             4             3             3             12            10            3             -             19            4             19            8             53            29            9             4             6             12            
New Jersey        9             67            20            44            1             3             19            7             2             32            -             23            6             50            36            31            11            21            3             8             
Piraeus           5             8             18            9             1             2             25            4             2             4             16            -             6             23            19            18            9             24            2             6             
Qingdao           11            4             9             8             2             3             14            11            2             62            16            9             -             15            28            8             14            5             5             0             
Rotterdam         9             28            29            18            4             5             43            7             4             9             86            14            9             -             37            30            15            37            4             9             
Shanghai          33            9             25            26            7             9             29            20            8             70            44            18            23            36            -             29            42            14            17            10            
Shenzhen          32            12            32            31            8             11            40            20            5             31            53            29            7             42            21            -             42            16            7             3             
Singapore         16            8             57            15            9             16            100           8             9             25            22            18            14            24            44            46            -             12            4             13            
Tanger Med        6             18            16            15            2             3             22            4             3             4             20            13            4             19            19            16            9             -             3             5             
Tianjin           8             2             7             7             1             1             15            5             1             19            9             5             8             15            19            7             11            5             -             0             
Xiamen            16            3             14            15            2             3             19            11            2             18            17            11            5             17            14            46            14            6             0             -             

Port-Level Shipment Waiting and Vessel Queue Statistics

Port                       Origin Waiting TEU   Transshipment Waiting TEU   Total Waiting TEU   Vessels Waiting
---------------------------------------------------------------------------------------------------------------
Busan                                     413                          95                 508              0.01
Cartagena                                 208                           0                 208              0.00
Colombo                                   437                          26                 463              0.00
Hamburg                                   274                           0                 274              0.00
Ho Chi Minh City                           93                           0                  93              0.04
Jakarta                                   111                           0                 111              0.05
Jebel Ali                                 408                           0                 408              0.00
Kaohsiung                                 164                          39                 204              0.02
Laem Chabang                               88                           0                  88              0.02
Los Angeles                               241                           0                 241              0.00
New Jersey                                393                         182                 575              0.00
Piraeus                                   202                           0                 202              0.00
Qingdao                                   226                          57                 283              0.01
Rotterdam                                 397                           0                 397              0.01
Shanghai                                  470                       1,023               1,493              0.00
Shenzhen                                  444                         123                 567              0.00
Singapore                                 461                         550               1,011              0.01
Tanger Med                                200                          98                 298              0.00
Tianjin                                   146                           0                 146              0.00
Xiamen                                    233                           0                 233              0.02
---------------------------------------------------------------------------------------------------------------
TOTAL                                   5,610                       2,193               7,803              0.19



============================================================
Shipment Being Transported Statistics
============================================================

Average TEUs in Transition by Demand Matrix
------------------------------------------------------------
Origin Dest       Busan         Cartagena     Colombo       Hamburg       Ho Chi Minh CityJakarta       Jebel Ali     Kaohsiung     Laem Chabang  Los Angeles   New Jersey    Piraeus       Qingdao       Rotterdam     Shanghai      Shenzhen      Singapore     Tanger Med    Tianjin       Xiamen        
----------------------------------------------------------------------------------------------------------------------------------------------------------------------------------------------------------------------------------------------------------------------------------------------------------
Busan             -             40            58            170           6             15            117           126           8             473           229           109           7             192           29            36            57            90            6             17            
Cartagena         29            -             70            45            11            21            57            23            15            118           29            44            42            56            137           93            59            37            29            27            
Colombo           50            56            -             158           9             15            65            41            14            71            96            95            40            212           89            99            30            92            21            38            
Hamburg           88            32            164           -             21            28            190           65            23            138           70            30            77            8             251           242           84            22            43            74            
Ho Chi Minh City  8             18            25            42            -             9             59            9             2             70            31            25            11            57            43            43            15            27            8             14            
Jakarta           16            13            37            51            4             -             60            10            5             94            63            57            12            98            46            49            5             32            9             15            
Jebel Ali         66            45            67            126           15            26            -             49            16            143           85            75            42            185           76            82            51            150           16            50            
Kaohsiung         15            18            18            80            7             14            38            -             13            273           85            45            13            95            25            17            25            40            8             8             
Laem Chabang      12            10            25            47            4             6             53            7             -             84            27            37            12            62            41            37            9             28            14            10            
Los Angeles       273           121           108           108           33            40            165           130           29            -             453           93            216           192           414           267           112           69            74            125           
New Jersey        102           38            135           80            17            21            116           79            13            475           -             59            89            82            267           209           57            24            34            79            
Piraeus           63            34            106           17            12            19            136           40            18            89            73            -             59            36            188           156           66            20            29            57            
Qingdao           18            33            28            97            8             11            64            13            7             423           131           80            -             131           8             9             31            53            19            0             
Rotterdam         123           54            239           4             40            52            324           89            37            165           120           26            102           -             322           365           145           26            55            112           
Shanghai          12            84            56            247           14            24            106           13            21            468           273           172           17            367           -             16            58            138           31            4             
Shenzhen          76            74            56            270           20            20            137           6             14            265           312           193           21            408           57            -             33            119           20            14            
Singapore         41            52            28            138           5             9             101           32            8             277           100           103           45            214           70            83            -             86            17            46            
Tanger Med        62            31            127           15            25            32            141           41            28            82            21            12            43            15            165           166           97            -             31            51            
Tianjin           15            18            23            75            5             8             61            11            4             183           89            52            2             131           9             7             29            43            -             0             
Xiamen            62            34            40            155           6             10            72            5             7             163           167           84            18            180           45            12            30            60            2             -             

Completed TEUs by Demand Matrix
------------------------------------------------------------
Origin Dest       Busan         Cartagena     Colombo       Hamburg       Ho Chi Minh CityJakarta       Jebel Ali     Kaohsiung     Laem Chabang  Los Angeles   New Jersey    Piraeus       Qingdao       Rotterdam     Shanghai      Shenzhen      Singapore     Tanger Med    Tianjin       Xiamen        
----------------------------------------------------------------------------------------------------------------------------------------------------------------------------------------------------------------------------------------------------------------------------------------------------------
Busan             -             31            169           157           15            31            266           701           18            725           255           124           209           219           501           257           188           111           123           122           
Cartagena         16            -             72            141           14            16            78            4             5             59            273           99            23            171           84            58            62            160           16            14            
Colombo           139           59            -             188           68            80            621           107           83            64            168           142           109           319           413           298           295           152           43            98            
Hamburg           70            85            216           -             16            27            343           64            24            72            201           201           74            326           253           198           120           310           37            59            
Ho Chi Minh City  15            15            83            31            -             82            155           21            58            76            40            29            23            64            145           103           196           36            16            30            
Jakarta           40            15            117           62            54            -             148           17            48            97            68            76            28            123           169           138           132           49            17            33            
Jebel Ali         152           45            628           185           68            79            -             109           64            130           114           160           89            320           265           200           187           315           34            116           
Kaohsiung         308           14            46            71            14            23            64            -             28            515           85            58            97            101           163           76            67            34            86            47            
Laem Chabang      28            13            98            47            30            68            136           15            -             84            43            46            25            72            145           92            190           33            28            24            
Los Angeles       305           69            74            33            25            41            137           119           23            -             242           48            238           90            403           244           97            38            63            106           
New Jersey        100           371           191           350           20            22            170           60            18            273           -             173           87            370           291           220           102           146           26            68            
Piraeus           59            55            157           87            16            30            299           42            20            56            111           -             54            271           230           151           104           274           25            62            
Qingdao           147           27            95            106           25            32            148           105           20            645           143           78            -             156           296           99            133           88            63            6             
Rotterdam         109           152           318           165           39            62            547           81            36            95            361           199           93            -             289           288           174           457           40            100           
Shanghai          340           64            265           252           60            99            373           197           80            738           343           238           273           427           -             231           441           184           176           108           
Shenzhen          231           54            335           296           104           100           544           206           60            408           510           263           57            548           206           -             383           152           34            36            
Singapore         130           62            363           165           115           225           583           97            115           352           187           150           148           305           533           334           -             125           42            174           
Tanger Med        49            110           159           146           21            31            311           37            29            54            94            154           40            232           185           126           146           -             19            43            
Tianjin           106           13            73            92            15            27            147           50            11            279           106           72            92            148           206           64            122           49            -             4             
Xiamen            106           20            162           148           20            27            217           117           24            223           239           113           27            243           103           494           188           78            2             -             


============================================================
Service Route Capacity and Utilization Statistics
============================================================
Route     Name                                Avg Capacity TEU     Avg Carried TEU    Utilization
-------------------------------------------------------------------------------------------------
S1        Asia-Europe-NorthEurope                      189,207              13,217          6.99%
S2        Intra-EastAsia                                12,909                 411          3.18%
S3        SEA-Feeder                                     6,998                 238          3.40%
S4        Transpacific-WestCoast                       127,069               5,437          4.28%
S5        Asia-US-East                                 115,020               3,708          3.22%
S6        Transatlantic-SouthConnector                  22,723                 882          3.88%
S7        IndianOcean-MiddleEast                         7,423                 450          6.06%
-------------------------------------------------------------------------------------------------
TOTAL                                                  481,349              24,343          5.06%


============================================================
Vessel Statistics
============================================================
Metric                                            Average Count
---------------------------------------------------------------
Average vessels sailing                                   37.01
Average vessels waiting for berth at port                  0.19
Average vessels being served at berth                      1.79
---------------------------------------------------------------
TOTAL average active/port vessels                         39.00


Period Result Output: Period 8 (Days 36-40)
Output Simulation Day: 40
Simulation Running Time: 00:05:15

Simulation Progress: Day 45 / 360
Simulation Clock Time: 0001-07-05 00:00:00


============================================================
Shipment Waiting for Loading Statistics
============================================================

TEUs by Demand Matrix
------------------------------------------------------------
Origin Dest       Busan         Cartagena     Colombo       Hamburg       Ho Chi Minh CityJakarta       Jebel Ali     Kaohsiung     Laem Chabang  Los Angeles   New Jersey    Piraeus       Qingdao       Rotterdam     Shanghai      Shenzhen      Singapore     Tanger Med    Tianjin       Xiamen        
----------------------------------------------------------------------------------------------------------------------------------------------------------------------------------------------------------------------------------------------------------------------------------------------------------
Busan             -             4             16            17            2             3             25            73            2             63            24            13            20            17            46            30            22            9             10            13            
Cartagena         4             -             9             22            1             2             12            2             2             6             54            19            4             26            15            13            11            21            2             5             
Colombo           12            7             -             18            12            13            104           8             15            8             21            17            11            31            39            35            63            17            3             10            
Hamburg           5             17            18            -             2             3             24            4             2             6             48            17            5             34            22            21            10            23            2             5             
Ho Chi Minh City  2             1             5             4             -             7             10            1             5             5             3             3             2             5             11            9             14            3             1             2             
Jakarta           3             1             9             4             3             -             11            2             3             6             5             6             2             8             15            14            11            3             1             3             
Jebel Ali         14            4             107           21            11            14            -             8             8             12            20            18            7             30            20            21            55            26            2             8             
Kaohsiung         25            2             4             7             2             4             5             -             2             36            10            4             10            9             17            7             8             4             8             4             
Laem Chabang      2             1             6             4             2             5             9             1             -             5             3             4             2             5             11            9             14            2             2             2             
Los Angeles       29            4             9             4             3             2             11            10            3             -             18            4             18            8             49            27            9             3             6             11            
New Jersey        9             68            19            47            1             3             19            7             2             30            -             25            6             53            34            30            10            21            3             8             
Piraeus           5             8             18            9             1             2             25            3             2             4             16            -             6             23            19            17            9             24            2             5             
Qingdao           11            3             9             8             2             3             14            11            2             60            15            8             -             14            27            9             13            4             5             0             
Rotterdam         9             28            29            18            4             5             42            7             4             8             86            14            9             -             36            29            14            37            4             9             
Shanghai          32            9             24            25            7             9             27            20            8             70            42            18            23            34            -             28            40            13            16            10            
Shenzhen          31            11            31            30            7             11            39            21            5             31            52            29            8             40            20            -             40            15            7             3             
Singapore         16            8             56            16            9             16            99            9             9             26            22            20            14            25            48            47            -             12            4             13            
Tanger Med        5             17            16            16            2             3             22            3             2             4             20            12            4             19            19            16            9             -             3             6             
Tianjin           8             2             7             6             1             1             14            5             1             18            9             5             8             14            18            6             11            5             -             0             
Xiamen            17            2             13            15            2             3             20            12            2             17            17            12            5             17            13            45            15            6             0             -             

Port-Level Shipment Waiting and Vessel Queue Statistics

Port                       Origin Waiting TEU   Transshipment Waiting TEU   Total Waiting TEU   Vessels Waiting
---------------------------------------------------------------------------------------------------------------
Busan                                     409                          90                 500              0.01
Cartagena                                 229                           0                 229              0.00
Colombo                                   445                          27                 472              0.00
Hamburg                                   271                           0                 271              0.00
Ho Chi Minh City                           92                           0                  92              0.04
Jakarta                                   108                           0                 108              0.06
Jebel Ali                                 406                           0                 406              0.00
Kaohsiung                                 168                          35                 203              0.02
Laem Chabang                               90                           0                  90              0.02
Los Angeles                               228                           0                 228              0.00
New Jersey                                396                         173                 569              0.00
Piraeus                                   199                           0                 199              0.00
Qingdao                                   220                          53                 273              0.01
Rotterdam                                 390                           0                 390              0.01
Shanghai                                  455                       1,028               1,484              0.00
Shenzhen                                  434                         118                 552              0.00
Singapore                                 469                         561               1,029              0.01
Tanger Med                                199                          90                 290              0.00
Tianjin                                   140                           0                 140              0.01
Xiamen                                    233                           0                 233              0.02
---------------------------------------------------------------------------------------------------------------
TOTAL                                   5,581                       2,176               7,757              0.20



============================================================
Shipment Being Transported Statistics
============================================================

Average TEUs in Transition by Demand Matrix
------------------------------------------------------------
Origin Dest       Busan         Cartagena     Colombo       Hamburg       Ho Chi Minh CityJakarta       Jebel Ali     Kaohsiung     Laem Chabang  Los Angeles   New Jersey    Piraeus       Qingdao       Rotterdam     Shanghai      Shenzhen      Singapore     Tanger Med    Tianjin       Xiamen        
----------------------------------------------------------------------------------------------------------------------------------------------------------------------------------------------------------------------------------------------------------------------------------------------------------
Busan             -             41            60            171           6             15            118           129           8             471           229           111           8             191           30            37            61            89            5             17            
Cartagena         29            -             68            43            11            20            56            23            15            115           26            41            42            54            130           91            59            34            28            27            
Colombo           50            57            -             156           11            16            58            40            15            72            98            96            40            207           88            96            31            93            20            39            
Hamburg           87            33            166           -             21            29            193           64            22            137           71            31            75            8             251           242           85            23            42            74            
Ho Chi Minh City  8             18            25            42            -             9             58            9             2             69            31            26            11            58            42            42            14            27            8             15            
Jakarta           15            14            40            51            4             -             61            11            5             92            61            58            12            96            47            52            6             32            9             15            
Jebel Ali         66            44            60            126           15            27            -             48            16            143           85            77            41            185           73            81            52            149           16            49            
Kaohsiung         13            18            18            80            8             14            37            -             12            267           86            45            12            95            25            17            26            41            8             8             
Laem Chabang      12            10            26            47            4             5             52            8             -             83            27            37            12            61            39            37            9             28            14            10            
Los Angeles       277           120           108           108           33            39            165           133           29            -             452           92            218           192           420           269           112           70            75            127           
New Jersey        100           43            135           77            16            20            113           79            14            471           -             57            86            80            267           211           58            23            33            78            
Piraeus           62            37            110           16            12            19            135           40            17            88            74            -             60            35            186           157           66            21            29            58            
Qingdao           19            34            30            96            8             12            64            14            8             425           131           80            -             132           9             10            32            52            18            0             
Rotterdam         125           56            241           4             41            51            322           90            37            165           120           26            102           -             330           365           146           28            55            112           
Shanghai          13            86            57            249           16            24            104           15            22            472           279           170           19            366           -             16            63            138           30            4             
Shenzhen          86            76            57            269           19            21            136           7             14            258           309           196           23            402           59            -             39            122           22            14            
Singapore         43            53            33            135           6             9             104           33            8             274           100           103           47            210           66            83            -             87            17            45            
Tanger Med        63            32            127           14            24            33            143           42            29            81            21            12            43            13            167           167           95            -             31            52            
Tianjin           15            19            23            74            5             8             62            11            5             181           89            52            2             134           9             7             31            44            -             0             
Xiamen            68            35            39            153           6             10            71            6             8             159           165           84            20            178           47            12            30            60            2             -             

Completed TEUs by Demand Matrix
------------------------------------------------------------
Origin Dest       Busan         Cartagena     Colombo       Hamburg       Ho Chi Minh CityJakarta       Jebel Ali     Kaohsiung     Laem Chabang  Los Angeles   New Jersey    Piraeus       Qingdao       Rotterdam     Shanghai      Shenzhen      Singapore     Tanger Med    Tianjin       Xiamen        
----------------------------------------------------------------------------------------------------------------------------------------------------------------------------------------------------------------------------------------------------------------------------------------------------------
Busan             -             31            169           175           15            42            308           702           18            772           317           151           248           219           501           322           294           111           146           153           
Cartagena         25            -             72            174           19            27            78            4             13            90            273           99            37            219           144           94            62            193           16            24            
Colombo           177           59            -             227           68            80            621           107           83            80            204           181           126           319           477           439           399           152           52            124           
Hamburg           85            85            257           -             22            33            343           64            29            85            312           201           84            396           292           263           120           359           48            77            
Ho Chi Minh City  23            15            83            42            -             101           155           21            77            83            44            34            32            64            145           137           196           36            18            43            
Jakarta           44            15            117           67            64            -             148           17            56            127           87            89            33            123           203           200           176           49            20            40            
Jebel Ali         195           45            628           225           68            79            -             109           64            142           114           200           103           320           272           268           306           315           36            132           
Kaohsiung         308           14            46            85            14            33            90            -             28            541           102           60            111           101           195           93            85            34            103           52            
Laem Chabang      42            13            98            53            33            81            136           15            -             95            44            51            36            72            145           121           190           33            30            31            
Los Angeles       349           69            74            38            25            51            166           119           23            -             343           76            293           90            485           328           114           38            75            123           
New Jersey        117           371           191           412           21            28            170           60            19            315           -             173           102           451           344           248           110           183           33            89            
Piraeus           73            55            181           112           19            37            299           42            23            72            205           -             67            271           259           199           104           274           30            67            
Qingdao           147           27            95            124           25            40            186           106           20            686           178           103           -             156           350           122           165           88            71            6             
Rotterdam         131           152           381           198           47            77            547           81            47            113           581           199           105           -             340           416           174           542           47            120           
Shanghai          398           64            265           300           60            112           417           198           80            774           424           279           331           427           -             341           551           184           202           121           
Shenzhen          271           54            335           355           104           118           626           268           60            408           581           333           68            548           246           -             504           152           50            40            
Singapore         194           62            363           200           146           268           583           97            130           401           213           181           198           305           591           556           -             125           48            207           
Tanger Med        61            110           209           187           27            40            311           37            34            62            138           154           51            232           210           183           146           -             25            48            
Tianjin           106           13            73            102           15            28            174           50            11            279           119           84            118           148           239           77            144           49            -             5             
Xiamen            136           20            162           187           20            37            255           139           24            223           272           134           39            243           122           576           207           78            4             -             


============================================================
Service Route Capacity and Utilization Statistics
============================================================
Route     Name                                Avg Capacity TEU     Avg Carried TEU    Utilization
-------------------------------------------------------------------------------------------------
S1        Asia-Europe-NorthEurope                      189,230              13,248          7.00%
S2        Intra-EastAsia                                12,772                 429          3.36%
S3        SEA-Feeder                                     6,969                 233          3.35%
S4        Transpacific-WestCoast                       127,051               5,425          4.27%
S5        Asia-US-East                                 114,950               3,701          3.22%
S6        Transatlantic-SouthConnector                  22,692                 878          3.87%
S7        IndianOcean-MiddleEast                         7,427                 451          6.08%
-------------------------------------------------------------------------------------------------
TOTAL                                                  481,090              24,365          5.06%


============================================================
Vessel Statistics
============================================================
Metric                                            Average Count
---------------------------------------------------------------
Average vessels sailing                                   36.98
Average vessels waiting for berth at port                  0.20
Average vessels being served at berth                      1.82
---------------------------------------------------------------
TOTAL average active/port vessels                         39.00


Period Result Output: Period 9 (Days 41-45)
Output Simulation Day: 45
Simulation Running Time: 00:05:28

Simulation Progress: Day 50 / 360
Simulation Clock Time: 0001-07-10 00:00:00


============================================================
Shipment Waiting for Loading Statistics
============================================================

TEUs by Demand Matrix
------------------------------------------------------------
Origin Dest       Busan         Cartagena     Colombo       Hamburg       Ho Chi Minh CityJakarta       Jebel Ali     Kaohsiung     Laem Chabang  Los Angeles   New Jersey    Piraeus       Qingdao       Rotterdam     Shanghai      Shenzhen      Singapore     Tanger Med    Tianjin       Xiamen        
----------------------------------------------------------------------------------------------------------------------------------------------------------------------------------------------------------------------------------------------------------------------------------------------------------
Busan             -             4             17            16            2             3             25            71            2             64            25            13            21            19            46            29            22            9             11            13            
Cartagena         3             -             9             21            1             2             11            2             2             6             53            18            4             25            15            13            11            20            2             4             
Colombo           12            7             -             18            12            13            98            8             16            8             19            18            11            32            41            36            64            17            4             10            
Hamburg           5             16            19            -             2             3             25            5             2             6             45            17            5             35            22            23            11            24            3             5             
Ho Chi Minh City  2             1             5             4             -             6             10            1             5             5             3             3             2             5             11            10            15            3             1             2             
Jakarta           3             1             9             4             3             -             11            2             3             6             5             5             2             9             14            14            11            2             1             3             
Jebel Ali         13            4             109           23            12            14            -             8             8             12            21            18            7             32            19            21            58            28            2             8             
Kaohsiung         25            2             4             7             2             3             5             -             2             35            10            4             10            9             16            8             7             4             8             4             
Laem Chabang      2             1             6             4             2             5             9             1             -             5             3             4             2             5             11            9             14            2             2             2             
Los Angeles       31            5             9             4             3             2             12            11            3             -             18            5             20            8             49            28            9             4             7             11            
New Jersey        9             65            19            54            1             3             22            7             2             28            -             27            6             58            32            29            10            22            3             7             
Piraeus           5             8             18            9             1             3             24            3             1             4             15            -             5             23            18            17            10            23            2             5             
Qingdao           11            3             9             9             2             3             14            12            2             58            15            9             -             14            28            9             13            4             5             0             
Rotterdam         9             26            30            19            4             5             44            7             4             8             80            15            9             -             36            30            14            39            3             10            
Shanghai          33            9             25            26            7             9             26            21            8             67            40            18            24            35            -             28            42            14            17            10            
Shenzhen          30            11            30            29            8             10            38            21            5             31            51            27            7             39            19            -             41            15            7             3             
Singapore         16            7             55            16            9             16            96            9             9             26            21            19            13            24            48            45            -             12            4             13            
Tanger Med        5             17            16            15            2             4             23            4             2             4             19            13            4             18            20            16            9             -             3             6             
Tianjin           8             2             7             6             1             1             14            5             1             19            9             6             8             14            18            6             11            5             -             0             
Xiamen            18            2             14            15            2             3             20            12            2             18            17            11            5             16            14            46            15            6             0             -             

Port-Level Shipment Waiting and Vessel Queue Statistics

Port                       Origin Waiting TEU   Transshipment Waiting TEU   Total Waiting TEU   Vessels Waiting
---------------------------------------------------------------------------------------------------------------
Busan                                     410                          86                 496              0.01
Cartagena                                 224                           0                 224              0.00
Colombo                                   444                          29                 473              0.00
Hamburg                                   273                           0                 273              0.00
Ho Chi Minh City                           95                           0                  95              0.04
Jakarta                                   108                           0                 108              0.06
Jebel Ali                                 418                           0                 418              0.00
Kaohsiung                                 165                          34                 199              0.01
Laem Chabang                               89                           0                  89              0.02
Los Angeles                               236                           0                 236              0.00
New Jersey                                402                         157                 559              0.00
Piraeus                                   194                           0                 194              0.00
Qingdao                                   221                          48                 270              0.01
Rotterdam                                 393                           0                 393              0.01
Shanghai                                  458                       1,016               1,474              0.00
Shenzhen                                  422                         109                 531              0.00
Singapore                                 458                         561               1,020              0.01
Tanger Med                                200                          85                 285              0.00
Tianjin                                   142                           0                 142              0.01
Xiamen                                    236                           0                 236              0.02
---------------------------------------------------------------------------------------------------------------
TOTAL                                   5,590                       2,125               7,716              0.20



============================================================
Shipment Being Transported Statistics
============================================================

Average TEUs in Transition by Demand Matrix
------------------------------------------------------------
Origin Dest       Busan         Cartagena     Colombo       Hamburg       Ho Chi Minh CityJakarta       Jebel Ali     Kaohsiung     Laem Chabang  Los Angeles   New Jersey    Piraeus       Qingdao       Rotterdam     Shanghai      Shenzhen      Singapore     Tanger Med    Tianjin       Xiamen        
----------------------------------------------------------------------------------------------------------------------------------------------------------------------------------------------------------------------------------------------------------------------------------------------------------
Busan             -             41            59            173           7             15            120           125           9             471           227           112           7             190           28            37            59            87            6             18            
Cartagena         29            -             68            42            11            19            57            24            15            112           32            40            41            53            128           91            60            34            28            26            
Colombo           49            56            -             154           12            16            71            38            16            74            97            96            41            206           88            94            28            93            20            40            
Hamburg           86            34            166           -             21            29            193           62            22            136           72            30            74            9             249           242           86            23            41            74            
Ho Chi Minh City  8             18            24            42            -             9             58            8             2             69            30            26            10            58            42            42            13            27            8             14            
Jakarta           15            14            38            51            4             -             63            11            5             89            59            58            13            95            48            51            6             32            8             15            
Jebel Ali         66            43            56            126           15            26            -             48            17            144           83            77            41            183           73            81            48            143           16            48            
Kaohsiung         13            18            19            81            8             14            37            -             11            266           87            46            12            96            27            16            26            41            8             8             
Laem Chabang      12            10            26            47            4             5             52            8             -             82            28            37            12            61            40            38            9             28            14            10            
Los Angeles       280           118           108           108           34            39            166           134           29            -             446           91            216           192           423           268           111           69            75            129           
New Jersey        98            45            135           70            16            20            111           80            14            469           -             52            83            72            269           215           60            21            33            77            
Piraeus           62            39            113           18            12            19            136           40            17            87            71            -             60            35            185           158           66            21            28            59            
Qingdao           20            34            31            96            8             12            64            13            8             432           130           80            -             134           9             9             31            51            17            0             
Rotterdam         125           57            241           5             41            51            318           89            37            164           119           25            103           -             336           362           145           28            54            111           
Shanghai          13            86            57            251           18            24            102           14            23            483           281           166           18            364           -             15            60            135           30            4             
Shenzhen          97            76            58            271           19            22            139           6             15            257           306           198           25            396           60            -             38            121           24            14            
Singapore         42            53            30            134           5             9             112           33            8             274           100           106           46            209           69            83            -             88            17            43            
Tanger Med        64            32            125           15            24            33            145           41            28            80            21            11            43            15            168           166           94            -             31            53            
Tianjin           16            19            24            73            5             8             62            10            5             182           89            52            2             136           10            7             30            44            -             0             
Xiamen            73            34            39            151           6             10            72            5             8             158           162           85            21            176           48            11            29            59            2             -             

Completed TEUs by Demand Matrix
------------------------------------------------------------
Origin Dest       Busan         Cartagena     Colombo       Hamburg       Ho Chi Minh CityJakarta       Jebel Ali     Kaohsiung     Laem Chabang  Los Angeles   New Jersey    Piraeus       Qingdao       Rotterdam     Shanghai      Shenzhen      Singapore     Tanger Med    Tianjin       Xiamen        
----------------------------------------------------------------------------------------------------------------------------------------------------------------------------------------------------------------------------------------------------------------------------------------------------------
Busan             -             56            232           206           15            54            308           859           18            772           337           156           248           261           593           322           294           141           174           153           
Cartagena         25            -             81            174           19            27            78            4             13            90            273           122           37            219           144           94            77            193           27            24            
Colombo           177           98            -             293           68            106           833           122           83            80            231           200           126           381           477           439           399           203           62            124           
Hamburg           85            125           257           -             22            33            388           74            29            85            312           238           84            473           292           263           137           359           52            77            
Ho Chi Minh City  23            21            108           50            -             113           197           24            77            83            49            38            32            78            145           137           223           43            24            43            
Jakarta           44            17            180           73            64            -             221           23            56            127           98            89            33            143           203           200           212           59            23            40            
Jebel Ali         195           67            628           273           68            113           -             122           64            142           165           208           103           403           272           268           306           387           39            132           
Kaohsiung         344           21            56            105           14            41            90            -             28            541           102           60            129           119           243           93            106           45            121           52            
Laem Chabang      42            17            127           65            33            89            173           25            -             95            49            59            36            83            145           121           215           44            40            31            
Los Angeles       349           105           98            58            25            56            166           139           23            -             343           76            293           122           582           328           135           50            93            123           
New Jersey        117           534           218           412           21            31            170           69            19            315           -             212           102           451           372           274           119           183           36            89            
Piraeus           73            101           181           134           19            37            322           47            23            72            205           -             67            314           259           199           118           346           37            67            
Qingdao           147           41            117           137           25            49            186           124           20            686           178           103           -             179           408           122           186           97            71            6             
Rotterdam         131           219           381           248           47            77            616           94            47            113           581           226           105           -             340           416           213           542           61            120           
Shanghai          398           107           322           362           60            134           417           243           80            774           467           296           331           518           -             341           604           228           236           121           
Shenzhen          271           105           404           402           104           148           626           269           60            408           609           351           68            658           246           -             550           215           57            40            
Singapore         194           91            475           238           146           300           787           126           130           401           230           194           198           366           591           556           -             157           58            207           
Tanger Med        61            151           209           220           27            40            342           44            34            62            138           167           51            273           210           183           172           -             30            48            
Tianjin           106           20            87            115           15            32            174           65            11            279           119           84            140           173           279           77            173           63            -             5             
Xiamen            136           39            187           220           20            44            255           139           24            223           272           134           39            275           122           576           241           92            4             -             


============================================================
Service Route Capacity and Utilization Statistics
============================================================
Route     Name                                Avg Capacity TEU     Avg Carried TEU    Utilization
-------------------------------------------------------------------------------------------------
S1        Asia-Europe-NorthEurope                      189,311              13,288          7.02%
S2        Intra-EastAsia                                12,807                 429          3.35%
S3        SEA-Feeder                                     6,990                 237          3.38%
S4        Transpacific-WestCoast                       127,167               5,444          4.28%
S5        Asia-US-East                                 114,898               3,686          3.21%
S6        Transatlantic-SouthConnector                  22,711                 880          3.88%
S7        IndianOcean-MiddleEast                         7,403                 456          6.16%
-------------------------------------------------------------------------------------------------
TOTAL                                                  481,288              24,419          5.07%


============================================================
Vessel Statistics
============================================================
Metric                                            Average Count
---------------------------------------------------------------
Average vessels sailing                                   37.00
Average vessels waiting for berth at port                  0.20
Average vessels being served at berth                      1.80
---------------------------------------------------------------
TOTAL average active/port vessels                         39.00


Period Result Output: Period 10 (Days 46-50)
Output Simulation Day: 50
Simulation Running Time: 00:05:39

Simulation Progress: Day 55 / 360
Simulation Clock Time: 0001-07-15 00:00:00


============================================================
Shipment Waiting for Loading Statistics
============================================================

TEUs by Demand Matrix
------------------------------------------------------------
Origin Dest       Busan         Cartagena     Colombo       Hamburg       Ho Chi Minh CityJakarta       Jebel Ali     Kaohsiung     Laem Chabang  Los Angeles   New Jersey    Piraeus       Qingdao       Rotterdam     Shanghai      Shenzhen      Singapore     Tanger Med    Tianjin       Xiamen        
----------------------------------------------------------------------------------------------------------------------------------------------------------------------------------------------------------------------------------------------------------------------------------------------------------
Busan             -             4             16            15            2             3             23            70            2             60            24            13            20            17            44            29            20            8             11            14            
Cartagena         3             -             9             20            1             2             11            2             2             6             53            17            4             25            15            13            11            19            2             4             
Colombo           12            7             -             18            12            13            98            8             17            8             19            17            11            31            39            35            65            16            4             10            
Hamburg           5             16            19            -             2             3             24            4             2             6             46            17            5             33            21            22            10            23            3             5             
Ho Chi Minh City  2             1             5             4             -             6             9             1             5             5             3             3             2             5             11            10            14            3             1             2             
Jakarta           3             1             9             4             4             -             11            2             3             6             5             6             2             8             15            14            12            2             1             3             
Jebel Ali         12            4             104           23            11            14            -             8             7             12            20            18            8             31            19            22            55            27            2             8             
Kaohsiung         26            1             4             7             2             3             6             -             2             35            9             4             10            9             17            8             7             4             8             4             
Laem Chabang      2             1             6             4             2             5             9             1             -             5             3             4             2             5             10            9             14            2             2             2             
Los Angeles       30            5             9             4             3             2             11            11            2             -             18            4             19            8             47            27            8             3             7             10            
New Jersey        9             66            19            51            1             3             21            7             2             28            -             26            6             55            31            29            10            21            3             7             
Piraeus           6             8             18            8             1             3             25            4             2             4             15            -             5             22            19            17            10            22            2             6             
Qingdao           11            3             9             9             2             3             14            12            2             56            14            9             -             15            29            10            12            5             5             0             
Rotterdam         9             26            28            18            4             5             42            6             4             8             81            15            9             -             34            29            14            36            3             9             
Shanghai          31            9             25            26            6             9             26            21            8             65            39            17            23            34            -             27            41            14            16            10            
Shenzhen          31            10            31            29            9             10            39            20            6             31            49            27            8             40            19            -             43            15            7             3             
Singapore         16            7             59            17            8             16            99            9             10            27            20            20            14            24            50            44            -             13            4             13            
Tanger Med        5             16            16            14            2             4             22            4             2             4             19            13            4             18            19            16            9             -             3             5             
Tianjin           8             2             7             7             1             2             15            5             1             20            9             6             8             13            19            6             11            5             -             0             
Xiamen            17            2             14            14            2             3             19            12            2             17            17            11            5             16            13            44            15            6             0             -             

Port-Level Shipment Waiting and Vessel Queue Statistics

Port                       Origin Waiting TEU   Transshipment Waiting TEU   Total Waiting TEU   Vessels Waiting
---------------------------------------------------------------------------------------------------------------
Busan                                     396                          87                 483              0.01
Cartagena                                 220                           0                 220              0.00
Colombo                                   438                          28                 465              0.00
Hamburg                                   266                           0                 266              0.00
Ho Chi Minh City                           92                           0                  92              0.04
Jakarta                                   109                           0                 109              0.06
Jebel Ali                                 405                           0                 405              0.00
Kaohsiung                                 166                          32                 198              0.02
Laem Chabang                               88                           0                  88              0.02
Los Angeles                               229                           0                 229              0.00
New Jersey                                393                         161                 554              0.00
Piraeus                                   197                           0                 197              0.00
Qingdao                                   221                          45                 265              0.01
Rotterdam                                 380                           0                 380              0.01
Shanghai                                  447                         995               1,442              0.00
Shenzhen                                  425                         107                 532              0.00
Singapore                                 469                         556               1,025              0.01
Tanger Med                                197                          80                 276              0.00
Tianjin                                   146                           0                 146              0.01
Xiamen                                    229                           0                 229              0.02
---------------------------------------------------------------------------------------------------------------
TOTAL                                   5,513                       2,090               7,603              0.20



============================================================
Shipment Being Transported Statistics
============================================================

Average TEUs in Transition by Demand Matrix
------------------------------------------------------------
Origin Dest       Busan         Cartagena     Colombo       Hamburg       Ho Chi Minh CityJakarta       Jebel Ali     Kaohsiung     Laem Chabang  Los Angeles   New Jersey    Piraeus       Qingdao       Rotterdam     Shanghai      Shenzhen      Singapore     Tanger Med    Tianjin       Xiamen        
----------------------------------------------------------------------------------------------------------------------------------------------------------------------------------------------------------------------------------------------------------------------------------------------------------
Busan             -             41            59            173           7             15            119           121           10            475           229           114           8             191           30            36            61            86            5             17            
Cartagena         29            -             68            42            11            19            58            25            15            111           31            40            41            55            126           92            61            36            27            26            
Colombo           48            55            -             150           12            15            64            38            17            76            96            95            42            206           90            95            30            94            19            41            
Hamburg           84            34            169           -             21            30            196           62            22            136           72            30            73            8             249           245           89            23            41            74            
Ho Chi Minh City  9             17            24            42            -             8             56            8             2             69            30            26            10            58            42            42            14            28            7             14            
Jakarta           15            14            37            52            4             -             59            10            5             88            58            58            13            94            48            52            6             31            8             15            
Jebel Ali         65            42            62            126           16            26            -             48            17            145           81            77            41            181           71            82            55            141           16            47            
Kaohsiung         15            18            19            81            8             14            37            -             11            265           88            46            12            97            26            17            26            41            8             9             
Laem Chabang      12            9             26            47            4             5             51            8             -             82            29            37            12            60            38            39            9             28            13            10            
Los Angeles       282           117           108           108           34            38            166           136           29            -             445           90            217           191           423           271           110           70            77            129           
New Jersey        96            43            136           75            16            20            113           80            14            468           -             53            80            76            269           219           62            22            33            75            
Piraeus           61            40            115           17            12            19            136           40            16            85            70            -             60            36            183           158           67            20            28            59            
Qingdao           20            34            30            96            8             12            64            13            8             435           130           80            -             135           8             9             30            50            17            0             
Rotterdam         126           56            242           4             40            51            318           89            37            164           116           27            104           -             342           363           145           29            53            113           
Shanghai          13            84            58            252           18            24            101           15            23            488           284           164           19            360           -             16            62            135           31            4             
Shenzhen          101           75            56            271           19            22            137           6             15            255           306           197           27            388           59            -             39            120           26            14            
Singapore         42            52            28            132           5             9             102           34            8             276           101           107           45            206           69            83            -             88            17            42            
Tanger Med        64            31            123           15            24            34            148           41            28            80            22            12            43            14            169           168           93            -             30            54            
Tianjin           15            19            23            73            5             8             63            10            5             181           90            52            2             137           9             7             30            44            -             0             
Xiamen            75            34            39            150           6             11            73            6             8             156           164           85            22            176           48            12            30            59            2             -             

Completed TEUs by Demand Matrix
------------------------------------------------------------
Origin Dest       Busan         Cartagena     Colombo       Hamburg       Ho Chi Minh CityJakarta       Jebel Ali     Kaohsiung     Laem Chabang  Los Angeles   New Jersey    Piraeus       Qingdao       Rotterdam     Shanghai      Shenzhen      Singapore     Tanger Med    Tianjin       Xiamen        
----------------------------------------------------------------------------------------------------------------------------------------------------------------------------------------------------------------------------------------------------------------------------------------------------------
Busan             -             56            232           236           21            54            397           983           29            861           337           156           313           276           677           373           294           141           174           185           
Cartagena         25            -             81            174           19            28            78            13            13            90            412           122           37            219           169           108           77            193           27            24            
Colombo           217           98            -             312           92            106           833           134           108           88            231           241           171           390           567           507           399           236           62            143           
Hamburg           113           125           279           -             25            41            428           85            32            87            398           264           104           481           333           321           153           428           52            82            
Ho Chi Minh City  32            21            108           62            -             120           197           24            84            83            49            46            38            90            191           177           257           49            24            43            
Jakarta           53            17            180           73            72            -             221           29            67            127           98            101           44            143           244           229           212           67            23            47            
Jebel Ali         238           67            813           280           82            113           -             130           82            160           165           242           130           420           321           314           306           425           39            146           
Kaohsiung         416           21            66            105           23            47            100           -             32            598           102           68            129           119           243           106           106           47            121           65            
Laem Chabang      51            17            127           71            38            100           173           25            -             95            49            69            43            88            190           172           249           50            40            31            
Los Angeles       440           105           119           58            35            59            192           173           31            -             343           88            352           122           619           369           135           55            93            164           
New Jersey        130           534           251           412           27            35            170           84            21            315           -             212           116           451           429           320           119           183           36            100           
Piraeus           97            101           209           150           23            41            364           57            28            72            246           -             87            333           299           236           129           367           37            76            
Qingdao           197           41            143           137           32            56            213           156           31            799           178           121           -             179           408           143           186           105           71            7             
Rotterdam         171           219           429           262           55            86            702           104           56            122           688           265           136           -             432           483           231           666           61            127           
Shanghai          496           107           353           378           97            144           481           290           111           900           467           321           405           547           -             393           604           249           236           147           
Shenzhen          414           105           436           426           125           166           729           300           81            483           609           392           98            691           289           -             550           238           57            47            
Singapore         241           91            475           246           157           330           787           139           153           421           230           224           241           382           723           659           -             188           58            220           
Tanger Med        85            151           233           231           32            50            393           50            42            68            171           196           62            291           250           225           182           -             30            56            
Tianjin           138           20            101           115           20            35            199           77            20            316           119           95            140           173           279           89            173           69            -             7             
Xiamen            213           39            210           220           28            54            284           168           34            278           272           155           57            275           162           675           241           108           4             -             


============================================================
Service Route Capacity and Utilization Statistics
============================================================
Route     Name                                Avg Capacity TEU     Avg Carried TEU    Utilization
-------------------------------------------------------------------------------------------------
S1        Asia-Europe-NorthEurope                      189,067              13,277          7.02%
S2        Intra-EastAsia                                12,838                 429          3.34%
S3        SEA-Feeder                                     6,991                 237          3.40%
S4        Transpacific-WestCoast                       127,033               5,477          4.31%
S5        Asia-US-East                                 114,889               3,687          3.21%
S6        Transatlantic-SouthConnector                  22,741                 890          3.91%
S7        IndianOcean-MiddleEast                         7,428                 448          6.03%
-------------------------------------------------------------------------------------------------
TOTAL                                                  480,986              24,445          5.08%


============================================================
Vessel Statistics
============================================================
Metric                                            Average Count
---------------------------------------------------------------
Average vessels sailing                                   36.99
Average vessels waiting for berth at port                  0.20
Average vessels being served at berth                      1.81
---------------------------------------------------------------
TOTAL average active/port vessels                         39.00


Period Result Output: Period 11 (Days 51-55)
Output Simulation Day: 55
Simulation Running Time: 00:05:53

Simulation Progress: Day 60 / 360
Simulation Clock Time: 0001-07-20 00:00:00


============================================================
Shipment Waiting for Loading Statistics
============================================================

TEUs by Demand Matrix
------------------------------------------------------------
Origin Dest       Busan         Cartagena     Colombo       Hamburg       Ho Chi Minh CityJakarta       Jebel Ali     Kaohsiung     Laem Chabang  Los Angeles   New Jersey    Piraeus       Qingdao       Rotterdam     Shanghai      Shenzhen      Singapore     Tanger Med    Tianjin       Xiamen        
----------------------------------------------------------------------------------------------------------------------------------------------------------------------------------------------------------------------------------------------------------------------------------------------------------
Busan             -             4             16            15            2             3             23            69            2             61            24            13            20            17            43            28            20            8             11            14            
Cartagena         3             -             9             19            2             2             11            2             2             6             54            16            4             24            15            14            11            19            2             4             
Colombo           12            6             -             18            12            13            104           8             16            7             19            18            11            32            38            34            63            16            3             10            
Hamburg           5             17            18            -             2             3             24            4             2             6             50            16            5             31            20            21            11            22            2             5             
Ho Chi Minh City  2             1             5             4             -             6             9             1             5             5             3             3             2             5             10            10            15            3             1             2             
Jakarta           3             1             9             4             4             -             10            2             3             6             5             5             2             8             15            13            12            2             1             3             
Jebel Ali         13            4             104           21            11            14            -             8             8             12            21            17            8             30            20            22            54            27            2             8             
Kaohsiung         27            1             4             7             2             3             6             -             2             34            9             4             10            8             17            8             7             4             9             4             
Laem Chabang      2             1             6             4             2             6             9             1             -             5             3             4             2             4             11            9             14            2             1             2             
Los Angeles       31            5             9             4             3             2             11            11            2             -             21            5             21            9             50            28            9             3             9             11            
New Jersey        9             64            19            51            1             2             21            7             2             27            -             25            6             55            30            29            10            21            3             7             
Piraeus           5             8             17            9             1             3             24            4             1             3             15            -             5             22            18            16            10            23            2             5             
Qingdao           11            3             9             9             2             3             14            12            2             55            14            9             -             15            29            10            12            5             4             0             
Rotterdam         9             29            27            18            4             4             41            7             4             7             86            15            8             -             33            28            13            35            3             9             
Shanghai          30            9             25            27            7             9             26            22            8             62            41            17            23            34            -             28            40            14            16            10            
Shenzhen          32            10            31            30            8             10            40            20            6             32            47            27            8             43            20            -             44            14            7             3             
Singapore         16            7             58            17            8             16            97            9             10            27            20            20            14            23            50            45            -             12            4             14            
Tanger Med        5             17            16            14            2             3             22            4             2             4             21            12            4             18            19            15            9             -             2             5             
Tianjin           8             2             8             7             1             2             14            5             1             19            9             6             8             13            19            6             11            5             -             0             
Xiamen            18            3             15            15            2             3             19            12            2             17            16            11            5             15            13            45            15            6             0             -             

Port-Level Shipment Waiting and Vessel Queue Statistics

Port                       Origin Waiting TEU   Transshipment Waiting TEU   Total Waiting TEU   Vessels Waiting
---------------------------------------------------------------------------------------------------------------
Busan                                     393                          80                 473              0.01
Cartagena                                 219                           0                 219              0.00
Colombo                                   440                          27                 467              0.00
Hamburg                                   267                           0                 267              0.00
Ho Chi Minh City                           91                           0                  91              0.05
Jakarta                                   108                           0                 108              0.05
Jebel Ali                                 406                           0                 406              0.00
Kaohsiung                                 168                          29                 198              0.01
Laem Chabang                               88                           0                  88              0.02
Los Angeles                               245                           0                 245              0.00
New Jersey                                386                         156                 542              0.00
Piraeus                                   192                           0                 192              0.00
Qingdao                                   217                          43                 261              0.01
Rotterdam                                 382                           0                 382              0.01
Shanghai                                  447                         968               1,415              0.00
Shenzhen                                  431                         100                 531              0.00
Singapore                                 465                         562               1,027              0.01
Tanger Med                                196                          84                 280              0.00
Tianjin                                   144                           0                 144              0.01
Xiamen                                    232                           0                 232              0.02
---------------------------------------------------------------------------------------------------------------
TOTAL                                   5,518                       2,049               7,567              0.20



============================================================
Shipment Being Transported Statistics
============================================================

Average TEUs in Transition by Demand Matrix
------------------------------------------------------------
Origin Dest       Busan         Cartagena     Colombo       Hamburg       Ho Chi Minh CityJakarta       Jebel Ali     Kaohsiung     Laem Chabang  Los Angeles   New Jersey    Piraeus       Qingdao       Rotterdam     Shanghai      Shenzhen      Singapore     Tanger Med    Tianjin       Xiamen        
----------------------------------------------------------------------------------------------------------------------------------------------------------------------------------------------------------------------------------------------------------------------------------------------------------
Busan             -             41            60            173           8             15            118           119           10            482           229           117           7             193           28            37            61            85            6             18            
Cartagena         29            -             68            43            11            19            60            25            15            110           33            40            41            57            124           93            62            36            26            27            
Colombo           48            55            -             146           13            16            59            39            19            78            93            94            42            203           91            96            31            94            19            42            
Hamburg           82            33            172           -             21            30            200           61            22            137           66            30            71            8             249           247           91            23            41            74            
Ho Chi Minh City  8             17            24            41            -             8             55            8             2             70            30            27            10            57            40            42            15            28            7             14            
Jakarta           15            14            37            53            4             -             58            10            5             87            57            59            13            94            47            53            6             31            9             15            
Jebel Ali         62            41            57            126           16            26            -             50            16            146           80            77            40            179           70            84            54            140           16            46            
Kaohsiung         14            18            19            82            8             14            36            -             10            269           88            47            12            97            26            17            24            41            8             9             
Laem Chabang      11            9             26            47            4             6             51            9             -             83            29            37            11            60            37            38            9             28            13            11            
Los Angeles       283           116           107           107           34            37            164           136           29            -             442           90            216           190           421           271           108           70            78            129           
New Jersey        96            45            137           80            15            20            116           79            14            471           -             54            79            80            268           221           63            22            33            74            
Piraeus           60            40            117           17            12            20            139           41            16            85            67            -             59            34            184           160           68            20            27            60            
Qingdao           20            34            30            97            8             13            62            14            8             443           130           80            -             136           9             10            30            50            16            0             
Rotterdam         127           53            243           4             40            51            318           90            37            165           106           27            104           -             347           363           145           28            52            114           
Shanghai          13            84            61            253           18            25            99            16            23            499           284           162           18            355           -             16            61            134           30            5             
Shenzhen          102           74            58            271           20            22            134           6             15            254           305           198           27            381           58            -             39            119           26            14            
Singapore         42            52            33            132           5             9             104           36            8             281           101           110           44            203           71            82            -             88            16            42            
Tanger Med        64            30            123           14            23            35            151           41            27            81            20            11            43            14            170           169           92            -             30            55            
Tianjin           15            19            24            73            5             8             62            10            6             183           90            53            2             139           10            7             29            45            -             0             
Xiamen            76            33            40            148           6             10            71            6             8             154           164           86            22            173           47            12            29            59            2             -             

Completed TEUs by Demand Matrix
------------------------------------------------------------
Origin Dest       Busan         Cartagena     Colombo       Hamburg       Ho Chi Minh CityJakarta       Jebel Ali     Kaohsiung     Laem Chabang  Los Angeles   New Jersey    Piraeus       Qingdao       Rotterdam     Shanghai      Shenzhen      Singapore     Tanger Med    Tianjin       Xiamen        
----------------------------------------------------------------------------------------------------------------------------------------------------------------------------------------------------------------------------------------------------------------------------------------------------------
Busan             -             57            259           236           21            54            397           983           29            1026          374           193           313           276           732           420           336           141           200           220           
Cartagena         25            -             81            174           20            28            78            13            15            96            412           122           37            287           169           108           77            243           27            28            
Colombo           217           102           -             336           92            106           833           134           108           113           275           271           171           452           656           507           514           236           69            170           
Hamburg           113           156           311           -             28            41            428           85            33            110           398           277           104           514           371           321           153           465           59            95            
Ho Chi Minh City  32            25            108           70            -             120           197           24            97            104           55            51            38            97            214           177           294           49            26            54            
Jakarta           53            21            180           80            83            -             221           29            77            148           107           112           44            156           270           229           246           67            28            54            
Jebel Ali         238           74            813           320           82            113           -             130           82            199           165           284           130           468           347           314           427           425           48            161           
Kaohsiung         416           21            74            110           23            47            113           -             32            665           122           80            149           131           280           133           119           47            135           80            
Laem Chabang      51            20            127           77            45            100           173           25            -             121           55            80            43            102           205           172           278           50            45            41            
Los Angeles       440           105           138           71            35            59            215           173           31            -             391           96            352           139           692           369           157           55            109           174           
New Jersey        130           652           251           412           30            35            170           84            23            415           -             212           116           579           429           320           127           227           42            108           
Piraeus           97            130           249           159           25            41            364           57            29            99            246           -             87            373           325           236           129           367           43            94            
Qingdao           197           41            160           153           32            56            242           156           31            964           215           139           -             213           487           167           213           105           85            10            
Rotterdam         171           260           477           286           61            86            702           104           58            148           688           287           136           -             484           483           231           703           77            146           
Shanghai          496           116           424           414           97            144           506           290           111           1094          548           362           405           605           -             393           697           249           287           174           
Shenzhen          414           113           515           467           125           166           786           300           81            540           697           440           98            738           313           -             670           238           91            54            
Singapore         241           92            475           270           174           330           787           139           180           519           260           256           241           429           837           659           -             188           74            236           
Tanger Med        85            179           263           257           36            50            393           50            47            77            171           212           62            319           284           225           182           -             42            73            
Tianjin           138           20            118           122           20            35            234           77            20            368           143           98            157           194           332           104           196           69            -             9             
Xiamen            213           39            251           245           28            54            337           168           34            306           306           177           57            320           178           775           283           108           6             -             


============================================================
Service Route Capacity and Utilization Statistics
============================================================
Route     Name                                Avg Capacity TEU     Avg Carried TEU    Utilization
-------------------------------------------------------------------------------------------------
S1        Asia-Europe-NorthEurope                      189,029              13,291          7.03%
S2        Intra-EastAsia                                12,797                 442          3.45%
S3        SEA-Feeder                                     6,991                 234          3.35%
S4        Transpacific-WestCoast                       127,028               5,507          4.34%
S5        Asia-US-East                                 114,947               3,695          3.21%
S6        Transatlantic-SouthConnector                  22,751                 881          3.87%
S7        IndianOcean-MiddleEast                         7,424                 447          6.02%
-------------------------------------------------------------------------------------------------
TOTAL                                                  480,967              24,498          5.09%


============================================================
Vessel Statistics
============================================================
Metric                                            Average Count
---------------------------------------------------------------
Average vessels sailing                                   36.98
Average vessels waiting for berth at port                  0.20
Average vessels being served at berth                      1.82
---------------------------------------------------------------
TOTAL average active/port vessels                         39.00


Period Result Output: Period 12 (Days 56-60)
Output Simulation Day: 60
Simulation Running Time: 00:06:06

Simulation Progress: Day 65 / 360
Simulation Clock Time: 0001-07-25 00:00:00


============================================================
Shipment Waiting for Loading Statistics
============================================================

TEUs by Demand Matrix
------------------------------------------------------------
Origin Dest       Busan         Cartagena     Colombo       Hamburg       Ho Chi Minh CityJakarta       Jebel Ali     Kaohsiung     Laem Chabang  Los Angeles   New Jersey    Piraeus       Qingdao       Rotterdam     Shanghai      Shenzhen      Singapore     Tanger Med    Tianjin       Xiamen        
----------------------------------------------------------------------------------------------------------------------------------------------------------------------------------------------------------------------------------------------------------------------------------------------------------
Busan             -             4             15            14            2             3             22            74            2             59            23            13            19            17            42            31            19            8             11            15            
Cartagena         3             -             8             19            2             2             11            2             2             6             51            16            4             24            15            13            11            19            2             4             
Colombo           12            6             -             18            12            14            100           8             16            7             18            18            11            31            39            35            67            15            3             10            
Hamburg           5             16            19            -             2             3             26            4             2             7             47            17            5             32            22            23            12            24            2             5             
Ho Chi Minh City  2             1             5             4             -             6             9             1             5             5             3             3             2             5             10            10            15            3             1             2             
Jakarta           3             1             8             4             3             -             10            2             3             5             5             5             2             8             14            13            12            2             1             3             
Jebel Ali         13            5             108           22            11            15            -             9             8             12            21            17            8             31            21            21            55            28            2             8             
Kaohsiung         31            1             5             8             2             3             7             -             2             35            10            5             11            9             20            9             8             4             10            5             
Laem Chabang      2             1             6             4             2             6             9             1             -             5             3             4             2             5             11            9             14            2             1             2             
Los Angeles       29            5             9             4             3             2             10            12            2             -             21            5             22            8             50            28            8             3             8             11            
New Jersey        9             66            19            50            1             2             20            6             2             26            -             25            6             53            29            28            10            20            3             7             
Piraeus           5             8             17            9             1             3             24            4             1             3             15            -             5             21            18            15            9             23            2             5             
Qingdao           12            3             9             10            2             3             14            12            2             55            14            9             -             14            29            9             13            5             4             1             
Rotterdam         9             28            30            20            4             5             44            7             4             8             83            16            9             -             34            29            14            37            3             9             
Shanghai          29            9             24            28            7             9             26            22            8             61            41            18            23            33            -             27            40            15            16            11            
Shenzhen          33            10            31            30            8             10            38            20            6             32            48            27            8             42            19            -             43            14            7             3             
Singapore         16            7             58            17            8             16            96            9             10            26            20            20            13            23            48            43            -             12            4             14            
Tanger Med        5             18            15            14            2             4             22            4             2             4             21            12            5             19            19            16            9             -             3             5             
Tianjin           9             2             9             7             1             2             15            5             1             21            9             6             10            13            19            7             11            5             -             0             
Xiamen            18            2             15            15            2             3             19            12            3             17            16            11            4             15            13            45            15            6             1             -             

Port-Level Shipment Waiting and Vessel Queue Statistics

Port                       Origin Waiting TEU   Transshipment Waiting TEU   Total Waiting TEU   Vessels Waiting
---------------------------------------------------------------------------------------------------------------
Busan                                     392                          82                 474              0.01
Cartagena                                 213                           0                 213              0.00
Colombo                                   440                          25                 465              0.00
Hamburg                                   275                           0                 275              0.00
Ho Chi Minh City                           92                           0                  92              0.05
Jakarta                                   105                           0                 105              0.05
Jebel Ali                                 415                           0                 415              0.00
Kaohsiung                                 184                          27                 211              0.16
Laem Chabang                               90                           0                  90              0.02
Los Angeles                               242                           0                 242              0.00
New Jersey                                383                         157                 540              0.00
Piraeus                                   189                           0                 189              0.00
Qingdao                                   221                          41                 261              0.01
Rotterdam                                 391                           0                 391              0.01
Shanghai                                  445                         945               1,390              0.00
Shenzhen                                  426                          93                 519              0.00
Singapore                                 458                         550               1,009              0.01
Tanger Med                                196                          81                 277              0.00
Tianjin                                   153                           0                 153              0.01
Xiamen                                    230                           0                 230              0.02
---------------------------------------------------------------------------------------------------------------
TOTAL                                   5,541                       2,002               7,543              0.34



============================================================
Shipment Being Transported Statistics
============================================================

Average TEUs in Transition by Demand Matrix
------------------------------------------------------------
Origin Dest       Busan         Cartagena     Colombo       Hamburg       Ho Chi Minh CityJakarta       Jebel Ali     Kaohsiung     Laem Chabang  Los Angeles   New Jersey    Piraeus       Qingdao       Rotterdam     Shanghai      Shenzhen      Singapore     Tanger Med    Tianjin       Xiamen        
----------------------------------------------------------------------------------------------------------------------------------------------------------------------------------------------------------------------------------------------------------------------------------------------------------
Busan             -             41            61            176           8             15            119           118           11            483           231           119           8             196           29            34            61            85            5             17            
Cartagena         29            -             70            42            11            19            61            25            16            109           34            39            40            56            124           95            64            36            26            27            
Colombo           46            54            -             145           12            15            68            39            20            78            93            94            41            205           88            93            28            94            18            41            
Hamburg           80            33            174           -             21            30            201           60            22            136           69            28            70            7             248           247           92            21            41            74            
Ho Chi Minh City  8             17            24            40            -             8             55            8             2             70            31            27            10            57            39            42            15            29            7             14            
Jakarta           15            14            35            54            4             -             57            11            5             85            56            60            12            94            47            53            6             30            9             15            
Jebel Ali         61            40            57            126           16            25            -             52            16            146           79            76            40            179           70            84            51            139           16            46            
Kaohsiung         13            18            18            82            8             13            35            -             10            268           88            46            11            97            24            16            23            41            7             8             
Laem Chabang      11            9             25            47            4             6             51            9             -             83            29            37            11            59            37            38            9             28            12            11            
Los Angeles       285           116           106           107           34            37            163           139           28            -             442           90            218           190           422           274           107           70            80            129           
New Jersey        95            42            139           80            15            20            117           80            14            467           -             54            77            78            267           225           65            22            33            73            
Piraeus           60            41            119           17            12            21            140           41            16            83            66            -             58            35            184           161           69            20            27            60            
Qingdao           18            34            29            98            8             13            61            15            8             443           129           80            -             137           8             9             29            50            16            0             
Rotterdam         127           54            245           5             40            50            316           91            37            164           111           26            103           -             348           361           143           26            50            116           
Shanghai          12            84            60            258           18            24            99            20            24            497           286           161           19            354           -             15            60            135           31            4             
Shenzhen          105           74            58            275           20            22            135           9             16            254           303           199           28            383           59            -             40            118           26            14            
Singapore         40            53            31            133           5             9             108           38            9             282           102           113           43            201           71            82            -             88            15            43            
Tanger Med        64            29            124           14            23            35            153           42            27            80            20            11            43            15            172           168           91            -             29            55            
Tianjin           14            19            24            73            5             8             62            9             6             182           90            55            2             140           9             7             28            45            -             0             
Xiamen            76            34            39            148           6             10            72            8             8             153           163           86            22            171           47            11            28            58            2             -             

Completed TEUs by Demand Matrix
------------------------------------------------------------
Origin Dest       Busan         Cartagena     Colombo       Hamburg       Ho Chi Minh CityJakarta       Jebel Ali     Kaohsiung     Laem Chabang  Los Angeles   New Jersey    Piraeus       Qingdao       Rotterdam     Shanghai      Shenzhen      Singapore     Tanger Med    Tianjin       Xiamen        
----------------------------------------------------------------------------------------------------------------------------------------------------------------------------------------------------------------------------------------------------------------------------------------------------------
Busan             -             57            259           236           28            61            448           983           33            1026          434           193           344           312           798           420           385           159           200           220           
Cartagena         29            -             81            217           20            28            110           13            15            96            528           155           44            290           169           108           77            243           27            28            
Colombo           240           102           -             336           110           134           1037          134           147           113           298           271           195           493           712           581           514           260           69            170           
Hamburg           123           156           311           -             32            48            499           85            36            110           398           301           110           514           416           361           172           465           59            95            
Ho Chi Minh City  36            25            130           70            -             130           234           24            104           104           63            51            42            109           230           202           294           57            26            54            
Jakarta           59            21            221           80            91            -             260           29            84            148           114           112           52            175           294           257           272           71            28            54            
Jebel Ali         260           74            813           320           102           136           -             130           93            199           195           284           145           520           384           359           427           465           48            161           
Kaohsiung         416           21            74            110           27            53            122           -             33            665           135           80            149           165           280           133           128           59            135           80            
Laem Chabang      55            20            157           77            48            121           212           25            -             121           61            80            47            114           230           188           278           58            45            41            
Los Angeles       537           105           138           71            41            69            245           173           35            -             451           96            384           171           762           396           168           67            109           174           
New Jersey        158           652           251           554           31            35            232           84            26            415           -             277           122           587           472           361           127           227           42            108           
Piraeus           106           130           249           159           26            42            425           57            32            99            246           -             98            421           367           261           148           414           43            94            
Qingdao           222           41            160           153           38            65            270           156           37            964           243           139           -             250           487           167           240           114           85            10            
Rotterdam         189           260           477           286           72            96            772           104           62            148           688           306           151           -             542           530           258           703           77            146           
Shanghai          550           116           424           414           108           169           563           290           130           1094          610           362           450           679           -             451           760           266           287           174           
Shenzhen          463           113           515           467           153           182           884           300           101           540           767           440           112           784           350           -             756           263           91            54            
Singapore         281           92            605           270           189           367           968           139           199           519           292           256           270           467           916           728           -             211           74            236           
Tanger Med        94            179           263           257           38            59            457           50            55            77            171           224           70            371           314           255           204           -             42            73            
Tianjin           158           20            118           122           23            39            260           77            25            368           158           98            157           248           332           104           218           82            -             9             
Xiamen            253           39            251           245           32            60            373           168           40            306           348           177           70            348           203           775           315           118           6             -             


============================================================
Service Route Capacity and Utilization Statistics
============================================================
Route     Name                                Avg Capacity TEU     Avg Carried TEU    Utilization
-------------------------------------------------------------------------------------------------
S1        Asia-Europe-NorthEurope                      189,179              13,351          7.06%
S2        Intra-EastAsia                                11,912                 411          3.45%
S3        SEA-Feeder                                     6,973                 235          3.37%
S4        Transpacific-WestCoast                       127,089               5,508          4.33%
S5        Asia-US-East                                 114,958               3,710          3.23%
S6        Transatlantic-SouthConnector                  22,693                 875          3.86%
S7        IndianOcean-MiddleEast                         7,418                 447          6.03%
-------------------------------------------------------------------------------------------------
TOTAL                                                  480,223              24,538          5.11%


============================================================
Vessel Statistics
============================================================
Metric                                            Average Count
---------------------------------------------------------------
Average vessels sailing                                   36.87
Average vessels waiting for berth at port                  0.34
Average vessels being served at berth                      1.79
---------------------------------------------------------------
TOTAL average active/port vessels                         39.00


Period Result Output: Period 13 (Days 61-65)
Output Simulation Day: 65
Simulation Running Time: 00:06:18

Simulation Progress: Day 70 / 360
Simulation Clock Time: 0001-07-30 00:00:00


============================================================
Shipment Waiting for Loading Statistics
============================================================

TEUs by Demand Matrix
------------------------------------------------------------
Origin Dest       Busan         Cartagena     Colombo       Hamburg       Ho Chi Minh CityJakarta       Jebel Ali     Kaohsiung     Laem Chabang  Los Angeles   New Jersey    Piraeus       Qingdao       Rotterdam     Shanghai      Shenzhen      Singapore     Tanger Med    Tianjin       Xiamen        
----------------------------------------------------------------------------------------------------------------------------------------------------------------------------------------------------------------------------------------------------------------------------------------------------------
Busan             -             4             15            14            2             3             22            84            2             62            22            12            19            17            42            35            19            8             13            17            
Cartagena         3             -             8             19            2             3             11            2             2             6             52            15            4             26            16            14            11            20            2             4             
Colombo           12            6             -             17            12            14            103           9             16            7             19            17            11            30            38            34            68            15            3             10            
Hamburg           5             16            19            -             2             3             26            4             2             7             47            17            5             31            22            23            12            24            2             5             
Ho Chi Minh City  2             1             5             4             -             6             9             1             5             5             3             3             2             5             10            10            16            3             1             2             
Jakarta           3             1             8             4             3             -             10            2             3             6             5             5             2             8             14            13            12            2             1             3             
Jebel Ali         12            5             104           21            11            15            -             9             8             13            20            17            8             32            21            21            53            27            2             8             
Kaohsiung         35            2             7             9             2             4             9             -             2             39            11            5             13            9             23            11            9             5             12            6             
Laem Chabang      2             1             5             4             2             6             9             1             -             6             3             4             2             4             11            9             15            2             1             2             
Los Angeles       28            5             9             4             3             2             10            13            2             -             20            5             21            8             49            27            9             3             8             11            
New Jersey        9             71            19            49            1             3             20            6             2             27            -             24            6             54            29            28            10            19            2             6             
Piraeus           6             8             17            9             1             3             24            4             2             4             14            -             5             22            18            16            10            23            2             5             
Qingdao           13            3             10            11            3             4             16            14            2             58            15            10            -             15            31            10            14            6             5             1             
Rotterdam         9             28            30            20            4             5             43            7             4             9             81            16            9             -             34            28            14            37            3             8             
Shanghai          30            10            24            27            7             9             27            24            8             65            42            19            24            32            -             27            38            14            16            12            
Shenzhen          33            9             30            30            8             10            38            23            6             35            47            26            7             41            19            -             42            14            6             3             
Singapore         16            7             61            17            8             15            99            9             10            29            20            19            14            24            49            44            -             12            4             15            
Tanger Med        5             17            15            15            2             4             23            4             2             4             21            12            5             19            19            16            9             -             3             5             
Tianjin           9             3             11            9             1             3             16            6             2             23            10            7             12            14            22            8             13            5             -             0             
Xiamen            20            3             16            17            2             3             21            13            3             18            17            13            4             17            14            50            16            6             1             -             

Port-Level Shipment Waiting and Vessel Queue Statistics

Port                       Origin Waiting TEU   Transshipment Waiting TEU   Total Waiting TEU   Vessels Waiting
---------------------------------------------------------------------------------------------------------------
Busan                                     413                          87                 500              0.01
Cartagena                                 220                           0                 220              0.00
Colombo                                   444                          24                 468              0.00
Hamburg                                   272                           0                 272              0.00
Ho Chi Minh City                           94                           0                  94              0.05
Jakarta                                   106                           0                 106              0.05
Jebel Ali                                 408                           0                 408              0.00
Kaohsiung                                 213                          25                 238              0.32
Laem Chabang                               91                           0                  91              0.02
Los Angeles                               238                           0                 238              0.00
New Jersey                                385                         160                 545              0.00
Piraeus                                   194                           0                 194              0.00
Qingdao                                   241                          38                 278              0.01
Rotterdam                                 387                           0                 387              0.01
Shanghai                                  453                         958               1,411              0.00
Shenzhen                                  427                          92                 519              0.00
Singapore                                 472                         555               1,027              0.01
Tanger Med                                200                          77                 277              0.00
Tianjin                                   174                           0                 174              0.01
Xiamen                                    252                           0                 252              0.02
---------------------------------------------------------------------------------------------------------------
TOTAL                                   5,682                       2,016               7,698              0.50



============================================================
Shipment Being Transported Statistics
============================================================

Average TEUs in Transition by Demand Matrix
------------------------------------------------------------
Origin Dest       Busan         Cartagena     Colombo       Hamburg       Ho Chi Minh CityJakarta       Jebel Ali     Kaohsiung     Laem Chabang  Los Angeles   New Jersey    Piraeus       Qingdao       Rotterdam     Shanghai      Shenzhen      Singapore     Tanger Med    Tianjin       Xiamen        
----------------------------------------------------------------------------------------------------------------------------------------------------------------------------------------------------------------------------------------------------------------------------------------------------------
Busan             -             42            62            175           9             15            119           117           12            477           231           120           7             198           27            31            59            84            5             15            
Cartagena         29            -             71            41            12            18            60            25            16            108           32            37            40            55            124           97            65            35            26            27            
Colombo           46            54            -             143           12            15            63            40            19            78            92            95            41            206           86            92            31            95            18            42            
Hamburg           80            33            175           -             21            30            203           60            22            136           72            29            70            8             248           248           96            23            41            75            
Ho Chi Minh City  9             16            23            40            -             8             53            8             2             71            31            27            10            56            38            41            15            29            7             14            
Jakarta           16            14            35            54            4             -             55            11            5             83            55            60            12            94            47            52            6             30            9             16            
Jebel Ali         60            40            62            126           16            26            -             54            16            146           79            76            40            179           71            84            55            139           17            47            
Kaohsiung         12            18            17            82            8             12            34            -             9             262           87            45            10            95            22            15            21            40            7             8             
Laem Chabang      11            9             25            46            4             6             51            10            -             82            30            38            11            58            36            38            9             27            12            12            
Los Angeles       285           116           107           106           35            36            162           141           28            -             442           91            220           188           426           274           107           70            83            131           
New Jersey        94            39            143           81            14            20            116           80            14            465           -             53            76            79            267           228           69            22            34            73            
Piraeus           59            41            119           17            12            22            139           42            16            82            66            -             57            34            183           160           69            20            27            60            
Qingdao           17            34            28            97            8             12            58            16            8             437           126           79            -             135           8             8             27            49            16            0             
Rotterdam         128           56            247           5             39            50            316           92            37            163           116           27            104           -             350           360           144           28            50            117           
Shanghai          11            84            59            262           19            24            100           22            24            488           287           161           18            351           -             15            61            137           33            4             
Shenzhen          111           74            58            279           20            22            133           12            17            251           302           200           29            385           59            -             40            119           27            14            
Singapore         39            54            28            133           5             9             100           39            8             283           103           115           42            199           68            79            -             89            15            45            
Tanger Med        64            30            124           13            23            35            153           43            26            80            23            11            43            14            172           167           91            -             29            56            
Tianjin           13            20            23            72            5             8             60            9             6             179           90            55            2             137           8             6             26            44            -             0             
Xiamen            76            34            37            146           6             9             70            9             8             150           161           86            21            168           45            10            26            58            2             -             

Completed TEUs by Demand Matrix
------------------------------------------------------------
Origin Dest       Busan         Cartagena     Colombo       Hamburg       Ho Chi Minh CityJakarta       Jebel Ali     Kaohsiung     Laem Chabang  Los Angeles   New Jersey    Piraeus       Qingdao       Rotterdam     Shanghai      Shenzhen      Singapore     Tanger Med    Tianjin       Xiamen        
----------------------------------------------------------------------------------------------------------------------------------------------------------------------------------------------------------------------------------------------------------------------------------------------------------
Busan             -             57            301           277           33            68            448           983           33            1143          434           245           374           312           851           420           413           159           200           220           
Cartagena         29            -             81            217           20            28            127           13            15            96            528           155           44            290           169           108           77            275           27            28            
Colombo           240           102           -             366           110           134           1037          134           147           113           298           310           195           493           712           628           514           260           69            170           
Hamburg           123           156           370           -             32            53            558           85            36            110           398           301           110           578           416           409           196           536           59            95            
Ho Chi Minh City  36            25            130           76            -             141           234           24            104           104           63            63            42            109           230           224           339           57            26            54            
Jakarta           59            21            221           87            96            -             260           29            84            148           114           146           52            175           294           293           310           71            28            54            
Jebel Ali         260           74            1027          363           102           136           -             130           93            199           195           319           145           520           384           412           427           465           48            161           
Kaohsiung         416           21            86            128           31            55            122           -             33            742           135           96            149           165           280           133           128           59            135           80            
Laem Chabang      55            20            157           89            50            138           212           25            -             121           61            86            47            114           230           217           315           58            45            41            
Los Angeles       537           105           143           95            42            72            245           173           35            -             451           103           417           171           762           482           187           67            109           174           
New Jersey        158           652           251           554           31            35            259           84            26            415           -             277           137           587           472           361           127           259           42            108           
Piraeus           106           130           302           183           26            47            473           57            32            99            246           -             98            421           367           306           168           414           43            94            
Qingdao           222           41            179           176           43            76            270           156           37            1084          243           159           -             250           487           167           240           114           85            10            
Rotterdam         189           260           543           347           72            102           857           104           62            148           688           306           151           -             542           593           302           805           77            146           
Shanghai          550           116           479           473           125           179           563           290           130           1243          610           402           497           679           -             487           831           266           287           174           
Shenzhen          463           113           577           512           161           200           884           300           101           598           767           521           112           784           350           -             815           263           91            54            
Singapore         281           92            605           296           206           395           968           139           199           519           292           316           270           467           916           809           -             211           74            236           
Tanger Med        94            179           289           280           38            65            494           50            55            77            171           224           70            371           314           285           224           -             42            73            
Tianjin           158           20            141           143           25            48            260           77            25            407           158           114           157           248           332           104           218           82            -             9             
Xiamen            253           39            286           281           35            66            373           168           40            340           348           194           70            348           203           775           315           118           6             -             


============================================================
Service Route Capacity and Utilization Statistics
============================================================
Route     Name                                Avg Capacity TEU     Avg Carried TEU    Utilization
-------------------------------------------------------------------------------------------------
S1        Asia-Europe-NorthEurope                      189,252              13,332          7.04%
S2        Intra-EastAsia                                11,061                 382          3.45%
S3        SEA-Feeder                                     6,985                 232          3.32%
S4        Transpacific-WestCoast                       126,703               5,465          4.31%
S5        Asia-US-East                                 115,078               3,732          3.24%
S6        Transatlantic-SouthConnector                  22,742                 881          3.88%
S7        IndianOcean-MiddleEast                         7,435                 444          5.98%
-------------------------------------------------------------------------------------------------
TOTAL                                                  479,256              24,469          5.11%


============================================================
Vessel Statistics
============================================================
Metric                                            Average Count
---------------------------------------------------------------
Average vessels sailing                                   36.76
Average vessels waiting for berth at port                  0.50
Average vessels being served at berth                      1.73
---------------------------------------------------------------
TOTAL average active/port vessels                         39.00


Period Result Output: Period 14 (Days 66-70)
Output Simulation Day: 70
Simulation Running Time: 00:06:29

Simulation Progress: Day 75 / 360
Simulation Clock Time: 0001-08-04 00:00:00


============================================================
Shipment Waiting for Loading Statistics
============================================================

TEUs by Demand Matrix
------------------------------------------------------------
Origin Dest       Busan         Cartagena     Colombo       Hamburg       Ho Chi Minh CityJakarta       Jebel Ali     Kaohsiung     Laem Chabang  Los Angeles   New Jersey    Piraeus       Qingdao       Rotterdam     Shanghai      Shenzhen      Singapore     Tanger Med    Tianjin       Xiamen        
----------------------------------------------------------------------------------------------------------------------------------------------------------------------------------------------------------------------------------------------------------------------------------------------------------
Busan             -             3             16            14            3             3             23            99            2             70            21            13            20            19            44            42            20            8             15            21            
Cartagena         3             -             9             20            3             3             12            2             3             6             52            16            4             27            16            14            11            21            2             4             
Colombo           12            6             -             17            12            14            109           10            16            8             18            17            11            30            37            34            65            15            3             10            
Hamburg           6             16            20            -             2             3             28            5             2             7             46            17            5             32            23            24            12            26            3             6             
Ho Chi Minh City  2             1             5             4             -             6             9             2             5             7             3             3             2             4             10            10            15            3             1             2             
Jakarta           3             1             8             4             3             -             10            3             3             6             5             6             2             8             15            13            13            2             1             3             
Jebel Ali         13            4             106           21            11            15            -             11            8             14            21            17            8             31            21            22            54            26            2             9             
Kaohsiung         41            2             8             11            2             4             11            -             3             46            13            6             15            11            27            12            11            5             14            6             
Laem Chabang      2             1             5             4             2             6             9             2             -             7             3             4             2             4             11            9             15            2             1             2             
Los Angeles       29            5             9             4             3             2             10            15            2             -             20            5             22            8             49            27            9             3             9             11            
New Jersey        8             67            18            49            1             3             21            7             2             29            -             25            6             57            29            27            10            19            2             6             
Piraeus           6             8             17            9             1             3             24            5             2             5             14            -             5             21            18            16            10            22            2             5             
Qingdao           14            4             12            13            3             4             18            16            3             66            18            12            -             17            34            12            17            8             6             1             
Rotterdam         9             27            30            20            4             5             45            8             4             10            79            17            9             -             35            30            15            40            3             8             
Shanghai          30            11            24            28            7             10            29            27            8             75            47            20            24            33            -             27            38            14            16            14            
Shenzhen          34            10            32            33            9             11            41            27            7             40            50            26            8             41            20            -             44            16            6             3             
Singapore         16            7             60            16            8             16            97            11            9             34            21            19            14            23            51            45            -             12            4             16            
Tanger Med        5             17            15            15            2             4             22            4             2             4             21            12            5             19            18            16            9             -             3             5             
Tianjin           11            3             13            11            2             4             19            7             2             28            12            9             14            16            28            10            15            6             -             0             
Xiamen            23            3             18            19            2             3             24            15            4             20            20            14            5             20            16            59            19            7             1             -             

Port-Level Shipment Waiting and Vessel Queue Statistics

Port                       Origin Waiting TEU   Transshipment Waiting TEU   Total Waiting TEU   Vessels Waiting
---------------------------------------------------------------------------------------------------------------
Busan                                     459                          93                 551              0.01
Cartagena                                 229                           0                 229              0.00
Colombo                                   444                          23                 467              0.00
Hamburg                                   283                           0                 283              0.00
Ho Chi Minh City                           94                           0                  94              0.04
Jakarta                                   109                           0                 109              0.06
Jebel Ali                                 416                           0                 416              0.00
Kaohsiung                                 248                          23                 271              0.51
Laem Chabang                               91                           0                  91              0.02
Los Angeles                               243                           0                 243              0.00
New Jersey                                386                         149                 535              0.00
Piraeus                                   193                           0                 193              0.00
Qingdao                                   277                          35                 313              0.01
Rotterdam                                 398                           0                 398              0.00
Shanghai                                  483                         968               1,451              0.00
Shenzhen                                  458                          92                 550              0.00
Singapore                                 476                         556               1,032              0.01
Tanger Med                                200                          80                 281              0.00
Tianjin                                   208                           0                 208              0.01
Xiamen                                    292                           0                 292              0.01
---------------------------------------------------------------------------------------------------------------
TOTAL                                   5,986                       2,019               8,005              0.69



============================================================
Shipment Being Transported Statistics
============================================================

Average TEUs in Transition by Demand Matrix
------------------------------------------------------------
Origin Dest       Busan         Cartagena     Colombo       Hamburg       Ho Chi Minh CityJakarta       Jebel Ali     Kaohsiung     Laem Chabang  Los Angeles   New Jersey    Piraeus       Qingdao       Rotterdam     Shanghai      Shenzhen      Singapore     Tanger Med    Tianjin       Xiamen        
----------------------------------------------------------------------------------------------------------------------------------------------------------------------------------------------------------------------------------------------------------------------------------------------------------
Busan             -             43            61            174           9             14            117           115           12            470           228           119           8             199           28            29            57            83            4             14            
Cartagena         29            -             69            39            12            19            59            25            16            107           31            36            40            53            125           99            66            33            25            27            
Colombo           47            55            -             143           13            16            59            41            20            79            94            95            43            207           86            93            32            94            18            45            
Hamburg           79            34            174           -             21            30            204           60            22            135           71            28            70            8             247           250           98            23            41            77            
Ho Chi Minh City  9             16            24            39            -             8             52            8             2             70            31            27            10            56            37            42            15            29            7             14            
Jakarta           16            15            35            55            4             -             55            11            5             82            54            59            12            94            47            52            7             29            9             17            
Jebel Ali         60            40            58            127           16            26            -             55            16            146           79            75            41            182           72            84            53            139           18            48            
Kaohsiung         12            18            16            81            7             11            32            -             9             256           85            44            10            93            21            14            20            39            6             7             
Laem Chabang      12            9             25            46            4             6             51            10            -             81            29            38            11            58            36            38            9             27            12            12            
Los Angeles       285           117           107           105           35            35            160           143           28            -             441           91            222           187           427           274           106           70            87            134           
New Jersey        94            46            144           78            14            21            114           80            14            461           -             52            75            75            269           233           71            21            34            73            
Piraeus           60            42            119           18            12            23            140           42            16            80            63            -             57            35            184           159           70            20            28            61            
Qingdao           16            34            26            96            7             11            55            16            7             428           123           77            -             133           7             8             25            48            15            0             
Rotterdam         128           58            246           5             39            49            314           93            38            162           112           26            105           -             352           358           142           26            49            119           
Shanghai          12            85            57            265           19            24            100           24            24            476           283           159           19            348           -             15            58            138           35            4             
Shenzhen          117           74            56            284           20            22            129           14            17            246           297           196           30            386           60            -             38            118           28            14            
Singapore         40            54            32            134           5             9             103           41            8             282           103           115           42            199           70            80            -             89            15            49            
Tanger Med        64            31            124           15            23            35            155           44            26            80            21            11            45            14            173           167           90            -             29            57            
Tianjin           12            20            21            71            4             7             56            9             6             175           88            55            2             134           8             6             24            44            -             0             
Xiamen            76            34            35            144           5             9             65            11            7             147           157           83            21            165           43            10            24            56            2             -             

Completed TEUs by Demand Matrix
------------------------------------------------------------
Origin Dest       Busan         Cartagena     Colombo       Hamburg       Ho Chi Minh CityJakarta       Jebel Ali     Kaohsiung     Laem Chabang  Los Angeles   New Jersey    Piraeus       Qingdao       Rotterdam     Shanghai      Shenzhen      Singapore     Tanger Med    Tianjin       Xiamen        
----------------------------------------------------------------------------------------------------------------------------------------------------------------------------------------------------------------------------------------------------------------------------------------------------------
Busan             -             71            330           344           33            75            502           1086          44            1245          487           245           374           384           851           420           413           190           200           220           
Cartagena         29            -             127           244           20            28            127           13            15            123           528           155           44            332           169           108           121           275           27            28            
Colombo           267           125           -             404           110           169           1037          149           147           140           309           327           195           573           777           628           672           307           69            170           
Hamburg           132           189           409           -             32            62            558           93            36            151           509           335           110           578           472           409           196           536           59            95            
Ho Chi Minh City  39            31            150           82            -             147           234           28            113           125           66            69            42            125           248           224           377           63            26            54            
Jakarta           70            25            250           119           97            -             260           31            98            173           127           146           52            203           346           293           310           83            28            54            
Jebel Ali         276           89            1027          413           102           174           -             145           93            242           195           335           145           588           444           412           523           527           48            161           
Kaohsiung         416           26            86            139           31            55            141           -             37            823           151           105           149           179           280           133           128           70            135           80            
Laem Chabang      64            20            177           97            50            150           212           34            -             144           73            92            47            127           260           217           353           60            45            41            
Los Angeles       621           130           166           104           42            77            266           185           36            -             488           112           417           191           907           482           187           74            109           174           
New Jersey        158           814           318           649           31            35            259           88            26            512           -             277           137           671           472           361           169           259           42            108           
Piraeus           117           172           334           208           26            52            473           63            32            111           301           -             98            469           412           306           168           463           43            94            
Qingdao           222           53            179           195           43            76            295           183           40            1180          264           175           -             277           487           167           240           125           85            10            
Rotterdam         212           338           606           391           72            111           857           123           62            180           876           353           151           -             622           593           302           805           77            146           
Shanghai          619           149           505           552           125           196           619           348           147           1359          695           428           497           760           -             487           831           312           287           174           
Shenzhen          534           144           628           622           161           224           956           347           115           660           841           562           112           902           384           -             815           299           91            54            
Singapore         300           122           728           337           206           434           968           172           216           617           321           337           270           525           1032          809           -             242           74            236           
Tanger Med        108           220           315           330           38            70            494           60            55            91            227           248           70            421           356           285           224           -             42            73            
Tianjin           158           26            141           159           25            48            297           84            30            448           184           129           157           280           332           104           218           93            -             9             
Xiamen            293           52            286           312           35            66            420           199           45            370           378           225           70            386           224           775           315           133           6             -             


============================================================
Service Route Capacity and Utilization Statistics
============================================================
Route     Name                                Avg Capacity TEU     Avg Carried TEU    Utilization
-------------------------------------------------------------------------------------------------
S1        Asia-Europe-NorthEurope                      189,267              13,281          7.02%
S2        Intra-EastAsia                                10,464                 359          3.43%
S3        SEA-Feeder                                     6,989                 232          3.32%
S4        Transpacific-WestCoast                       125,451               5,392          4.30%
S5        Asia-US-East                                 115,092               3,728          3.24%
S6        Transatlantic-SouthConnector                  22,682                 876          3.86%
S7        IndianOcean-MiddleEast                         7,419                 443          5.98%
-------------------------------------------------------------------------------------------------
TOTAL                                                  477,364              24,312          5.09%


============================================================
Vessel Statistics
============================================================
Metric                                            Average Count
---------------------------------------------------------------
Average vessels sailing                                   36.58
Average vessels waiting for berth at port                  0.69
Average vessels being served at berth                      1.73
---------------------------------------------------------------
TOTAL average active/port vessels                         39.00


Period Result Output: Period 15 (Days 71-75)
Output Simulation Day: 75
Simulation Running Time: 00:06:50

Simulation Progress: Day 80 / 360
Simulation Clock Time: 0001-08-09 00:00:00


============================================================
Shipment Waiting for Loading Statistics
============================================================

TEUs by Demand Matrix
------------------------------------------------------------
Origin Dest       Busan         Cartagena     Colombo       Hamburg       Ho Chi Minh CityJakarta       Jebel Ali     Kaohsiung     Laem Chabang  Los Angeles   New Jersey    Piraeus       Qingdao       Rotterdam     Shanghai      Shenzhen      Singapore     Tanger Med    Tianjin       Xiamen        
----------------------------------------------------------------------------------------------------------------------------------------------------------------------------------------------------------------------------------------------------------------------------------------------------------
Busan             -             3             17            14            3             3             24            120           2             83            21            12            20            19            44            50            19            8             19            26            
Cartagena         3             -             8             20            2             3             11            2             3             7             50            15            4             26            16            14            11            20            2             4             
Colombo           12            6             -             18            13            14            105           12            16            9             19            17            11            29            37            35            64            15            3             10            
Hamburg           6             16            19            -             2             3             26            5             2             9             45            17            5             31            22            23            11            25            3             6             
Ho Chi Minh City  2             1             5             4             -             5             9             2             5             8             3             3             2             5             10            10            15            3             1             2             
Jakarta           3             1             9             4             3             -             10            3             4             7             4             6             2             8             15            13            13            2             1             3             
Jebel Ali         12            4             109           21            12            15            -             11            9             16            21            17            8             31            21            22            56            26            3             8             
Kaohsiung         45            3             9             12            2             4             12            -             3             53            14            7             16            12            31            14            12            6             16            6             
Laem Chabang      2             1             5             4             2             6             9             2             -             8             3             4             2             4             11            9             15            2             1             2             
Los Angeles       28            5             9             4             3             2             10            16            2             -             20            5             22            8             48            26            9             3             9             11            
New Jersey        8             66            18            49            1             3             21            7             2             33            -             26            6             59            28            26            10            19            3             6             
Piraeus           6             8             17            9             2             3             25            6             2             6             15            -             5             22            19            17            10            23            2             5             
Qingdao           17            5             15            16            4             4             22            20            3             76            22            15            -             19            40            14            20            11            7             1             
Rotterdam         9             27            29            19            4             5             43            7             3             12            78            16            9             -             34            29            15            38            3             8             
Shanghai          30            12            24            28            7             9             29            32            8             88            50            19            25            34            -             26            38            14            16            16            
Shenzhen          33            11            31            33            9             10            41            33            7             48            55            25            7             41            20            -             44            15            6             3             
Singapore         15            8             58            17            8             16            94            10            9             40            22            19            13            24            51            43            -             13            3             15            
Tanger Med        5             17            15            15            3             4             22            4             2             4             20            12            5             19            18            16            9             -             3             5             
Tianjin           13            4             17            13            2             4             23            7             2             33            14            11            17            18            34            12            18            7             -             1             
Xiamen            28            3             21            22            3             4             29            18            5             24            23            17            5             24            18            72            23            8             1             -             

Port-Level Shipment Waiting and Vessel Queue Statistics

Port                       Origin Waiting TEU   Transshipment Waiting TEU   Total Waiting TEU   Vessels Waiting
---------------------------------------------------------------------------------------------------------------
Busan                                     507                         103                 610              0.01
Cartagena                                 222                           0                 222              0.00
Colombo                                   444                          22                 466              0.00
Hamburg                                   276                           0                 276              0.00
Ho Chi Minh City                           96                           0                  96              0.04
Jakarta                                   111                           0                 111              0.05
Jebel Ali                                 420                           0                 420              0.00
Kaohsiung                                 279                          22                 301              0.48
Laem Chabang                               92                           0                  92              0.02
Los Angeles                               240                           0                 240              0.00
New Jersey                                389                         146                 536              0.00
Piraeus                                   202                           0                 202              0.00
Qingdao                                   328                          34                 362              0.01
Rotterdam                                 388                           0                 388              0.00
Shanghai                                  507                       1,006               1,513              0.00
Shenzhen                                  473                          97                 570              0.00
Singapore                                 480                         548               1,028              0.01
Tanger Med                                199                          80                 279              0.00
Tianjin                                   249                           0                 249              0.01
Xiamen                                    348                           0                 348              0.01
---------------------------------------------------------------------------------------------------------------
TOTAL                                   6,251                       2,058               8,309              0.65



============================================================
Shipment Being Transported Statistics
============================================================

Average TEUs in Transition by Demand Matrix
------------------------------------------------------------
Origin Dest       Busan         Cartagena     Colombo       Hamburg       Ho Chi Minh CityJakarta       Jebel Ali     Kaohsiung     Laem Chabang  Los Angeles   New Jersey    Piraeus       Qingdao       Rotterdam     Shanghai      Shenzhen      Singapore     Tanger Med    Tianjin       Xiamen        
----------------------------------------------------------------------------------------------------------------------------------------------------------------------------------------------------------------------------------------------------------------------------------------------------------
Busan             -             42            62            171           9             14            116           108           12            456           225           120           7             200           28            27            57            81            4             14            
Cartagena         29            -             69            40            13            19            60            25            17            105           33            37            41            54            127           102           66            35            26            28            
Colombo           47            53            -             142           13            15            68            42            20            77            95            95            43            206           85            92            30            94            19            47            
Hamburg           80            33            176           -             21            29            206           59            22            132           71            30            70            8             248           253           100           25            41            79            
Ho Chi Minh City  10            16            24            39            -             8             53            8             2             69            31            27            10            55            38            42            15            29            7             15            
Jakarta           17            14            34            54            4             -             56            12            5             79            53            59            12            93            46            51            7             29            10            18            
Jebel Ali         61            40            58            127           16            25            -             58            16            143           78            75            42            183           74            85            52            138           19            51            
Kaohsiung         15            18            16            80            7             11            31            -             8             246           83            42            10            91            22            14            20            38            7             7             
Laem Chabang      11            9             24            46            4             6             52            10            -             79            29            39            11            57            36            38            10            27            12            13            
Los Angeles       284           116           108           104           36            34            157           145           29            -             441           91            224           186           427           273           106           69            91            138           
New Jersey        94            44            145           75            14            22            114           81            14            453           -             53            75            74            270           238           72            20            34            74            
Piraeus           60            42            119           17            12            23            138           43            16            78            62            -             57            34            183           158           70            19            28            62            
Qingdao           15            33            24            93            7             11            51            15            7             415           119           75            -             130           7             7             24            47            15            0             
Rotterdam         130           58            248           5             38            49            314           94            38            160           111           27            106           -             355           357           142           28            49            121           
Shanghai          12            83            58            267           19            24            101           23            25            459           281           160           18            344           -             15            57            137           39            3             
Shenzhen          123           71            58            288           21            22            130           13            18            238           289           196           31            385           61            -             40            118           29            14            
Singapore         40            53            30            133           5             8             106           42            8             276           102           114           43            197           73            82            -             89            15            55            
Tanger Med        65            31            125           14            23            36            154           44            25            79            22            11            45            14            173           167           89            -             30            58            
Tianjin           12            19            20            68            4             7             53            8             5             169           85            54            2             130           7             5             23            42            -             0             
Xiamen            73            32            32            139           5             8             61            10            7             141           152           81            20            159           41            9             23            54            2             -             

Completed TEUs by Demand Matrix
------------------------------------------------------------
Origin Dest       Busan         Cartagena     Colombo       Hamburg       Ho Chi Minh CityJakarta       Jebel Ali     Kaohsiung     Laem Chabang  Los Angeles   New Jersey    Piraeus       Qingdao       Rotterdam     Shanghai      Shenzhen      Singapore     Tanger Med    Tianjin       Xiamen        
----------------------------------------------------------------------------------------------------------------------------------------------------------------------------------------------------------------------------------------------------------------------------------------------------------
Busan             -             79            330           344           38            75            538           1086          51            1356          529           276           431           384           993           420           422           190           200           220           
Cartagena         29            -             127           244           24            28            127           13            22            123           621           155           44            332           222           108           121           275           27            28            
Colombo           267           142           -             421           135           169           1272          149           177           165           336           365           218           604           777           706           672           323           69            170           
Hamburg           132           190           457           -             43            62            634           93            44            163           509           335           124           680           472           439           218           626           59            95            
Ho Chi Minh City  39            33            150           87            -             147           262           28            127           151           72            73            44            135           248           250           416           68            26            54            
Jakarta           70            31            250           119           101           -             306           31            105           186           138           173           54            203           346           336           358           83            28            54            
Jebel Ali         276           89            1027          435           120           174           -             145           112           277           229           369           162           623           444           463           523           555           48            161           
Kaohsiung         416           30            86            163           31            55            141           -             37            889           183           113           149           194           280           133           128           79            135           80            
Laem Chabang      64            21            177           108           53            150           254           34            -             169           80            108           51            134           260           241           385           70            45            41            
Los Angeles       621           137           166           114           50            77            308           185           44            -             535           119           470           208           949           558           211           81            109           174           
New Jersey        158           824           363           649           33            35            259           88            33            549           -             277           137           671           600           361           186           259           42            108           
Piraeus           117           172           369           220           31            52            535           63            37            120           301           -             109           500           412           344           186           482           43            94            
Qingdao           222           59            179           214           43            76            295           183           40            1277          290           201           -             308           487           167           240           134           85            10            
Rotterdam         212           340           676           406           85            111           989           123           77            197           876           353           168           -             622           677           336           918           77            146           
Shanghai          619           164           505           587           136           196           676           348           160           1473          760           461           562           816           -             537           896           333           287           174           
Shenzhen          534           155           628           661           176           224           1016          347           133           725           920           605           128           948           384           -             914           315           91            54            
Singapore         300           130           728           356           223           434           1164          172           227           693           345           390           293           554           1032          903           -             254           74            236           
Tanger Med        108           222           344           345           49            70            572           60            61            102           227           248           78            441           356           319           241           -             42            73            
Tianjin           158           34            141           168           25            48            297           84            30            490           200           147           157           305           332           104           218           100           -             9             
Xiamen            293           59            286           334           35            66            420           199           45            412           415           246           76            421           224           775           315           147           6             -             


============================================================
Service Route Capacity and Utilization Statistics
============================================================
Route     Name                                Avg Capacity TEU     Avg Carried TEU    Utilization
-------------------------------------------------------------------------------------------------
S1        Asia-Europe-NorthEurope                      189,211              13,218          6.99%
S2        Intra-EastAsia                                10,810                 353          3.26%
S3        SEA-Feeder                                     6,990                 235          3.36%
S4        Transpacific-WestCoast                       125,588               5,319          4.24%
S5        Asia-US-East                                 115,044               3,698          3.21%
S6        Transatlantic-SouthConnector                  22,715                 877          3.86%
S7        IndianOcean-MiddleEast                         7,424                 447          6.02%
-------------------------------------------------------------------------------------------------
TOTAL                                                  477,782              24,147          5.05%


============================================================
Vessel Statistics
============================================================
Metric                                            Average Count
---------------------------------------------------------------
Average vessels sailing                                   36.64
Average vessels waiting for berth at port                  0.65
Average vessels being served at berth                      1.71
---------------------------------------------------------------
TOTAL average active/port vessels                         39.00


Period Result Output: Period 16 (Days 76-80)
Output Simulation Day: 80
Simulation Running Time: 00:07:09

Simulation Progress: Day 85 / 360
Simulation Clock Time: 0001-08-14 00:00:00


============================================================
Shipment Waiting for Loading Statistics
============================================================

TEUs by Demand Matrix
------------------------------------------------------------
Origin Dest       Busan         Cartagena     Colombo       Hamburg       Ho Chi Minh CityJakarta       Jebel Ali     Kaohsiung     Laem Chabang  Los Angeles   New Jersey    Piraeus       Qingdao       Rotterdam     Shanghai      Shenzhen      Singapore     Tanger Med    Tianjin       Xiamen        
----------------------------------------------------------------------------------------------------------------------------------------------------------------------------------------------------------------------------------------------------------------------------------------------------------
Busan             -             3             16            14            3             3             24            123           2             85            21            12            19            18            44            51            19            7             19            27            
Cartagena         3             -             9             20            2             3             11            2             3             8             52            16            4             26            16            14            11            21            2             4             
Colombo           11            6             -             17            13            14            106           11            15            9             21            17            11            29            37            33            63            15            3             10            
Hamburg           6             16            20            -             2             3             27            5             2             10            47            17            5             31            23            24            11            25            3             6             
Ho Chi Minh City  2             1             5             4             -             5             9             2             5             9             3             3             2             5             11            10            15            3             1             2             
Jakarta           3             1             8             4             3             -             10            3             4             7             4             6             2             8             15            13            13            2             1             3             
Jebel Ali         12            4             106           22            11            14            -             10            9             18            21            17            8             31            21            21            54            27            2             8             
Kaohsiung         51            3             10            14            2             5             14            -             4             54            16            8             17            13            35            17            14            7             18            7             
Laem Chabang      2             1             5             4             2             6             10            2             -             10            3             4             2             5             11            9             15            2             1             2             
Los Angeles       27            5             9             4             3             2             10            16            2             -             19            4             21            7             47            26            9             3             8             11            
New Jersey        8             64            18            47            1             3             20            7             2             37            -             26            6             56            28            26            9             18            3             6             
Piraeus           5             8             17            10            2             2             25            6             2             6             15            -             5             22            18            16            10            23            2             5             
Qingdao           19            5             18            18            4             5             25            23            4             87            25            17            -             21            45            16            23            13            7             1             
Rotterdam         9             28            30            20            4             5             43            7             3             14            80            16            9             -             34            29            15            39            3             8             
Shanghai          30            11            24            27            7             9             28            37            8             104           49            19            25            34            -             25            38            14            15            19            
Shenzhen          33            10            30            32            9             10            41            39            7             57            53            25            7             41            20            -             43            15            6             3             
Singapore         15            8             59            16            8             16            95            10            9             43            23            19            13            23            52            44            -             13            3             16            
Tanger Med        5             16            15            15            2             4             22            4             2             4             21            11            5             19            18            16            9             -             3             5             
Tianjin           15            5             18            14            2             5             25            8             2             37            15            11            19            20            38            13            20            7             -             1             
Xiamen            35            4             25            26            3             5             34            22            6             28            27            19            6             29            22            86            28            10            2             -             

Port-Level Shipment Waiting and Vessel Queue Statistics

Port                       Origin Waiting TEU   Transshipment Waiting TEU   Total Waiting TEU   Vessels Waiting
---------------------------------------------------------------------------------------------------------------
Busan                                     512                         103                 615              0.01
Cartagena                                 227                           0                 227              0.00
Colombo                                   443                          22                 465              0.00
Hamburg                                   282                           0                 282              0.00
Ho Chi Minh City                           97                           0                  97              0.05
Jakarta                                   109                           0                 109              0.05
Jebel Ali                                 417                           0                 417              0.00
Kaohsiung                                 311                          21                 331              0.45
Laem Chabang                               95                           0                  95              0.02
Los Angeles                               234                           0                 234              0.00
New Jersey                                385                         149                 534              0.00
Piraeus                                   198                           0                 198              0.00
Qingdao                                   375                          32                 408              0.01
Rotterdam                                 395                           0                 395              0.00
Shanghai                                  526                       1,035               1,561              0.00
Shenzhen                                  483                         106                 588              0.00
Singapore                                 486                         553               1,039              0.01
Tanger Med                                197                          79                 276              0.00
Tianjin                                   275                           0                 275              0.01
Xiamen                                    415                           0                 415              0.01
---------------------------------------------------------------------------------------------------------------
TOTAL                                   6,463                       2,099               8,562              0.63



============================================================
Shipment Being Transported Statistics
============================================================

Average TEUs in Transition by Demand Matrix
------------------------------------------------------------
Origin Dest       Busan         Cartagena     Colombo       Hamburg       Ho Chi Minh CityJakarta       Jebel Ali     Kaohsiung     Laem Chabang  Los Angeles   New Jersey    Piraeus       Qingdao       Rotterdam     Shanghai      Shenzhen      Singapore     Tanger Med    Tianjin       Xiamen        
----------------------------------------------------------------------------------------------------------------------------------------------------------------------------------------------------------------------------------------------------------------------------------------------------------
Busan             -             42            64            170           10            14            118           122           12            453           223           120           7             202           28            34            58            81            6             17            
Cartagena         28            -             68            41            13            19            61            26            17            103           31            37            40            55            126           102           66            36            26            28            
Colombo           48            51            -             142           13            15            64            44            19            75            94            95            43            205           86            93            31            93            19            51            
Hamburg           79            33            176           -             21            29            206           60            22            129           68            29            70            8             247           255           101           24            42            81            
Ho Chi Minh City  10            15            25            39            -             8             53            9             2             67            31            27            10            54            38            42            15            29            7             15            
Jakarta           17            14            34            54            4             -             56            13            5             77            52            59            12            94            47            51            7             28            10            19            
Jebel Ali         61            40            62            126           17            25            -             61            17            139           79            74            43            184           75            86            55            137           20            54            
Kaohsiung         15            17            16            78            7             10            30            -             8             243           80            41            10            88            23            14            19            36            8             8             
Laem Chabang      11            9             24            45            4             6             53            10            -             77            29            39            11            57            35            37            10            27            12            14            
Los Angeles       284           116           108           104           36            34            155           149           29            -             440           91            227           184           430           273           105           70            94            143           
New Jersey        93            44            145           76            14            22            115           82            14            446           -             54            75            78            267           239           72            21            35            75            
Piraeus           60            42            118           18            12            23            139           44            16            78            62            -             56            36            183           157           71            20            28            63            
Qingdao           15            33            24            91            6             10            49            15            7             402           116           72            -             126           8             7             23            46            15            0             
Rotterdam         130           57            246           4             38            49            313           95            38            157           107           26            106           -             353           355           142           27            49            124           
Shanghai          11            83            58            269           19            24            104           21            26            438           284           160           18            343           -             14            58            136           42            3             
Shenzhen          127           71            58            293           21            22            132           12            19            228           291           194           32            386           62            -             41            119           30            15            
Singapore         40            52            28            134           5             8             100           44            8             273           102           112           43            196           73            83            -             89            15            62            
Tanger Med        65            31            124           14            23            36            154           45            25            78            21            11            46            14            173           168           89            -             30            59            
Tianjin           12            19            20            67            4             7             52            9             5             165           83            53            3             126           10            6             23            41            -             0             
Xiamen            69            31            31            135           5             8             58            9             6             135           146           77            19            152           38            9             22            52            2             -             

Completed TEUs by Demand Matrix
------------------------------------------------------------
Origin Dest       Busan         Cartagena     Colombo       Hamburg       Ho Chi Minh CityJakarta       Jebel Ali     Kaohsiung     Laem Chabang  Los Angeles   New Jersey    Piraeus       Qingdao       Rotterdam     Shanghai      Shenzhen      Singapore     Tanger Med    Tianjin       Xiamen        
----------------------------------------------------------------------------------------------------------------------------------------------------------------------------------------------------------------------------------------------------------------------------------------------------------
Busan             -             79            355           344           41            76            538           1086          54            1414          583           276           452           384           1073          420           475           201           280           220           
Cartagena         48            -             127           244           24            37            152           13            22            123           621           170           65            332           222           160           121           333           39            28            
Colombo           288           142           -             421           135           169           1272          149           177           165           380           365           248           604           833           757           672           344           88            170           
Hamburg           150           190           484           -             43            64            687           93            44            163           581           402           135           680           512           483           241           651           73            95            
Ho Chi Minh City  50            33            150           87            -             156           262           28            138           151           80            73            50            135           268           276           416           76            31            54            
Jakarta           86            31            250           119           109           -             306           31            116           186           148           173           61            203           346           336           387           93            40            54            
Jebel Ali         310           89            1249          435           120           174           -             145           112           277           229           369           185           623           484           499           523           614           70            161           
Kaohsiung         474           30            86            163           31            55            141           -             37            922           198           113           166           194           280           133           128           83            155           80            
Laem Chabang      68            21            177           108           55            165           254           34            -             169           84            108           58            134           277           265           385           75            53            41            
Los Angeles       658           137           183           114           62            82            308           185           53            -             599           119           495           208           949           581           221           90            162           174           
New Jersey        185           824           363           649           36            48            315           88            35            549           -             313           148           671           639           493           196           293           60            108           
Piraeus           125           172           382           220           31            60            578           63            37            120           321           -             124           500           443           371           210           535           53            94            
Qingdao           222           59            179           214           43            76            295           183           40            1337          316           201           -             308           487           167           240           143           97            10            
Rotterdam         229           340           689           406           85            119           1037          123           77            197           974           410           184           -             716           733           359           946           93            146           
Shanghai          662           164           562           587           153           228           676           348           185           1538          817           461           607           816           -             567           960           370           404           174           
Shenzhen          601           155           711           661           206           259           1016          347           156           725           976           605           144           948           420           -             1002          345           120           54            
Singapore         333           130           728           356           244           466           1164          172           241           693           377           390           320           554           1152          990           -             280           89            236           
Tanger Med        124           222           373           345           49            78            613           60            61            102           260           286           84            441           389           348           262           -             53            73            
Tianjin           158           34            141           168           25            48            297           84            30            490           217           147           234           305           332           104           218           113           -             9             
Xiamen            330           59            286           334           35            66            420           199           45            412           457           246           86            421           224           775           315           157           7             -             


============================================================
Service Route Capacity and Utilization Statistics
============================================================
Route     Name                                Avg Capacity TEU     Avg Carried TEU    Utilization
-------------------------------------------------------------------------------------------------
S1        Asia-Europe-NorthEurope                      189,291              13,177          6.96%
S2        Intra-EastAsia                                10,886                 398          3.66%
S3        SEA-Feeder                                     6,983                 235          3.36%
S4        Transpacific-WestCoast                       125,677               5,240          4.17%
S5        Asia-US-East                                 115,023               3,666          3.19%
S6        Transatlantic-SouthConnector                  22,756                 879          3.86%
S7        IndianOcean-MiddleEast                         7,439                 444          5.97%
-------------------------------------------------------------------------------------------------
TOTAL                                                  478,055              24,039          5.03%


============================================================
Vessel Statistics
============================================================
Metric                                            Average Count
---------------------------------------------------------------
Average vessels sailing                                   36.66
Average vessels waiting for berth at port                  0.63
Average vessels being served at berth                      1.71
---------------------------------------------------------------
TOTAL average active/port vessels                         39.00


Period Result Output: Period 17 (Days 81-85)
Output Simulation Day: 85
Simulation Running Time: 00:07:23

Simulation Progress: Day 90 / 360
Simulation Clock Time: 0001-08-19 00:00:00


============================================================
Shipment Waiting for Loading Statistics
============================================================

TEUs by Demand Matrix
------------------------------------------------------------
Origin Dest       Busan         Cartagena     Colombo       Hamburg       Ho Chi Minh CityJakarta       Jebel Ali     Kaohsiung     Laem Chabang  Los Angeles   New Jersey    Piraeus       Qingdao       Rotterdam     Shanghai      Shenzhen      Singapore     Tanger Med    Tianjin       Xiamen        
----------------------------------------------------------------------------------------------------------------------------------------------------------------------------------------------------------------------------------------------------------------------------------------------------------
Busan             -             3             16            14            3             3             24            120           2             84            21            13            19            18            45            51            19            7             19            26            
Cartagena         3             -             9             20            2             3             11            2             2             8             50            16            4             25            15            13            10            20            2             4             
Colombo           11            6             -             17            13            14            110           11            15            9             21            17            11            29            36            32            61            15            3             10            
Hamburg           6             16            20            -             2             3             26            5             2             10            47            17            5             31            23            24            11            25            3             6             
Ho Chi Minh City  2             1             6             4             -             5             9             2             5             9             3             3             2             5             11            10            16            3             1             2             
Jakarta           3             1             8             4             3             -             10            3             4             7             4             6             2             8             14            13            13            2             1             3             
Jebel Ali         11            4             108           22            11            15            -             10            9             18            22            17            8             31            20            21            54            27            2             9             
Kaohsiung         55            3             11            15            3             5             15            -             5             53            17            8             19            14            39            19            15            7             20            8             
Laem Chabang      2             1             6             4             2             6             10            2             -             9             3             4             2             5             11            9             15            2             1             2             
Los Angeles       27            5             9             5             3             2             10            16            2             -             20            5             21            7             46            26            9             4             9             11            
New Jersey        8             64            18            46            1             3             20            6             2             37            -             26            6             56            28            26            9             18            3             6             
Piraeus           5             8             16            10            1             2             24            6             2             6             15            -             5             22            18            17            10            23            2             5             
Qingdao           19            5             17            18            4             5             24            22            4             84            24            17            -             20            44            15            22            12            7             1             
Rotterdam         9             29            30            19            4             5             43            7             3             15            81            16            9             -             33            29            15            40            3             8             
Shanghai          30            11            24            27            7             10            28            37            8             103           48            19            25            33            -             25            38            15            15            18            
Shenzhen          32            10            30            32            9             10            42            42            8             60            52            26            7             41            20            -             44            15            6             3             
Singapore         15            8             57            16            8             16            93            10            9             42            23            18            13            23            51            43            -             13            3             15            
Tanger Med        5             17            16            15            2             4             23            3             2             5             22            12            5             19            18            16            9             -             3             5             
Tianjin           14            5             18            14            2             5             24            8             2             36            15            11            19            20            37            13            19            7             -             1             
Xiamen            36            4             25            26            3             5             34            22            6             29            27            20            6             29            22            88            28            10            2             -             

Port-Level Shipment Waiting and Vessel Queue Statistics

Port                       Origin Waiting TEU   Transshipment Waiting TEU   Total Waiting TEU   Vessels Waiting
---------------------------------------------------------------------------------------------------------------
Busan                                     505                         101                 606              0.01
Cartagena                                 220                           0                 220              0.00
Colombo                                   442                          21                 463              0.00
Hamburg                                   281                           0                 281              0.00
Ho Chi Minh City                           98                           0                  98              0.04
Jakarta                                   109                           0                 109              0.05
Jebel Ali                                 418                           0                 418              0.00
Kaohsiung                                 332                          32                 363              0.43
Laem Chabang                               95                           0                  95              0.02
Los Angeles                               236                           0                 236              0.00
New Jersey                                382                         145                 527              0.00
Piraeus                                   199                           0                 199              0.00
Qingdao                                   363                          31                 395              0.01
Rotterdam                                 397                           0                 397              0.00
Shanghai                                  521                       1,032               1,552              0.00
Shenzhen                                  489                         123                 611              0.00
Singapore                                 476                         545               1,021              0.01
Tanger Med                                202                          89                 291              0.00
Tianjin                                   269                           0                 269              0.01
Xiamen                                    422                           0                 422              0.01
---------------------------------------------------------------------------------------------------------------
TOTAL                                   6,457                       2,118               8,576              0.61



============================================================
Shipment Being Transported Statistics
============================================================

Average TEUs in Transition by Demand Matrix
------------------------------------------------------------
Origin Dest       Busan         Cartagena     Colombo       Hamburg       Ho Chi Minh CityJakarta       Jebel Ali     Kaohsiung     Laem Chabang  Los Angeles   New Jersey    Piraeus       Qingdao       Rotterdam     Shanghai      Shenzhen      Singapore     Tanger Med    Tianjin       Xiamen        
----------------------------------------------------------------------------------------------------------------------------------------------------------------------------------------------------------------------------------------------------------------------------------------------------------
Busan             -             42            64            168           10            14            121           142           12            456           220           120           7             203           29            38            57            80            5             19            
Cartagena         28            -             68            42            14            19            61            26            17            103           34            38            40            56            126           103           67            36            26            28            
Colombo           48            50            -             141           14            16            62            47            20            74            94            94            45            204           88            93            31            94            19            53            
Hamburg           79            32            176           -             21            29            207           60            22            128           67            29            70            8             248           258           102           24            42            82            
Ho Chi Minh City  10            15            26            39            -             7             54            9             2             67            31            27            11            54            38            42            15            29            7             15            
Jakarta           18            14            35            54            4             -             57            14            5             77            51            58            12            93            47            51            7             27            10            19            
Jebel Ali         60            40            59            127           17            25            -             64            17            139           80            74            43            185           75            87            54            137           20            56            
Kaohsiung         18            17            16            77            6             10            30            -             8             243           78            39            11            86            25            15            20            36            9             8             
Laem Chabang      11            9             24            45            4             6             54            11            -             76            29            39            12            57            35            37            10            26            11            14            
Los Angeles       283           116           108           103           36            34            152           153           28            -             438           91            228           182           431           272           104           70            96            144           
New Jersey        92            43            145           75            14            22            113           83            14            445           -             55            76            78            265           238           72            20            35            75            
Piraeus           60            42            118           18            13            23            139           46            16            78            62            -             55            36            183           157           72            20            29            63            
Qingdao           16            33            27            91            7             10            52            18            7             403           116           73            -             125           10            9             27            47            16            0             
Rotterdam         131           56            247           5             38            48            314           97            38            156           104           26            107           -             352           354           143           28            49            124           
Shanghai          12            83            58            271           20            24            104           26            26            437           288           161           19            342           -             15            57            136           41            5             
Shenzhen          130           70            57            296           21            22            132           16            19            226           292           192           33            386           63            -             40            119           31            16            
Singapore         40            52            31            133           5             9             102           46            8             277           104           111           44            194           75            86            -             90            15            64            
Tanger Med        65            30            123           14            23            36            152           45            25            78            20            11            47            14            172           168           89            -             30            59            
Tianjin           14            19            24            68            4             8             54            10            5             167           83            53            3             124           11            8             26            41            -             0             
Xiamen            72            31            33            134           5             8             60            12            7             134           143           76            19            150           40            14            26            51            2             -             

Completed TEUs by Demand Matrix
------------------------------------------------------------
Origin Dest       Busan         Cartagena     Colombo       Hamburg       Ho Chi Minh CityJakarta       Jebel Ali     Kaohsiung     Laem Chabang  Los Angeles   New Jersey    Piraeus       Qingdao       Rotterdam     Shanghai      Shenzhen      Singapore     Tanger Med    Tianjin       Xiamen        
----------------------------------------------------------------------------------------------------------------------------------------------------------------------------------------------------------------------------------------------------------------------------------------------------------
Busan             -             81            402           376           41            85            566           1597          54            1414          583           308           479           424           1177          619           475           201           280           340           
Cartagena         48            -             150           295           24            37            152           31            22            123           731           170           65            400           222           160           121           333           39            42            
Colombo           316           149           -             466           135           169           1272          188           177           165           380           406           258           679           918           829           765           344           88            258           
Hamburg           155           215           508           -             43            69            687           121           44            163           581           402           140           752           557           541           259           693           73            140           
Ho Chi Minh City  54            34            194           96            -             169           262           34            138           151           80            78            52            143           295           303           445           76            31            74            
Jakarta           86            32            292           138           109           -             306           43            116           186           148           180           61            242           409           385           410           93            40            81            
Jebel Ali         324           96            1249          478           120           174           -             209           112           277           229           397           200           698           535           553           638           614           70            231           
Kaohsiung         474           32            86            176           31            55            141           -             37            922           198           121           166           213           320           148           128           83            155           90            
Laem Chabang      72            22            211           115           55            177           254           40            -             169           84            114           64            147           295           281           429           75            53            65            
Los Angeles       727           146           195           124           62            85            325           287           53            -             599           122           550           227           1024          643           221           90            162           267           
New Jersey        196           913           407           745           36            53            315           137           35            549           -             313           157           818           656           529           196           295           60            150           
Piraeus           133           190           407           246           31            72            578           89            37            120           321           -             128           558           488           407           217           535           53            136           
Qingdao           304           68            179           240           43            76            295           264           40            1337          316           217           -             331           671           227           240           143           97            11            
Rotterdam         258           388           734           450           85            127           1037          178           77            197           974           410           207           -             778           793           363           1053          93            220           
Shanghai          733           175           600           643           153           241           777           471           185           1538          817           501           674           870           -             606           960           370           404           251           
Shenzhen          672           166           754           720           206           274           1140          527           156           725           976           651           161           1034          472           -             1002          345           120           69            
Singapore         352           142           831           397           244           504           1164          233           241           693           377           420           341           600           1279          1120          -             280           89            379           
Tanger Med        132           255           398           387           49            87            613           81            61            102           260           286           91            476           429           387           267           -             53            109           
Tianjin           230           36            141           181           25            48            297           115           30            490           217           169           234           327           490           161           218           113           -             10            
Xiamen            330           61            286           358           35            66            420           292           45            412           457           265           86            452           224           1146          315           157           7             -             


============================================================
Service Route Capacity and Utilization Statistics
============================================================
Route     Name                                Avg Capacity TEU     Avg Carried TEU    Utilization
-------------------------------------------------------------------------------------------------
S1        Asia-Europe-NorthEurope                      189,206              13,156          6.95%
S2        Intra-EastAsia                                10,806                 475          4.40%
S3        SEA-Feeder                                     6,990                 235          3.36%
S4        Transpacific-WestCoast                       125,772               5,173          4.11%
S5        Asia-US-East                                 115,023               3,656          3.18%
S6        Transatlantic-SouthConnector                  22,693                 867          3.82%
S7        IndianOcean-MiddleEast                         7,424                 447          6.02%
-------------------------------------------------------------------------------------------------
TOTAL                                                  477,913              24,009          5.02%


============================================================
Vessel Statistics
============================================================
Metric                                            Average Count
---------------------------------------------------------------
Average vessels sailing                                   36.65
Average vessels waiting for berth at port                  0.61
Average vessels being served at berth                      1.74
---------------------------------------------------------------
TOTAL average active/port vessels                         39.00


Period Result Output: Period 18 (Days 86-90)
Output Simulation Day: 90
Simulation Running Time: 00:07:38

Simulation Progress: Day 95 / 360
Simulation Clock Time: 0001-08-24 00:00:00


============================================================
Shipment Waiting for Loading Statistics
============================================================

TEUs by Demand Matrix
------------------------------------------------------------
Origin Dest       Busan         Cartagena     Colombo       Hamburg       Ho Chi Minh CityJakarta       Jebel Ali     Kaohsiung     Laem Chabang  Los Angeles   New Jersey    Piraeus       Qingdao       Rotterdam     Shanghai      Shenzhen      Singapore     Tanger Med    Tianjin       Xiamen        
----------------------------------------------------------------------------------------------------------------------------------------------------------------------------------------------------------------------------------------------------------------------------------------------------------
Busan             -             3             17            14            3             3             24            118           2             84            21            13            19            18            47            49            19            7             19            25            
Cartagena         3             -             9             20            2             3             11            2             2             8             50            16            4             25            15            13            10            21            2             4             
Colombo           11            6             -             17            13            15            107           11            15            9             21            17            11            29            36            33            62            16            3             10            
Hamburg           6             16            21            -             2             3             27            4             2             10            46            17            5             31            23            24            12            25            3             6             
Ho Chi Minh City  2             1             6             3             -             5             9             2             5             9             3             3             2             5             11            10            16            3             1             2             
Jakarta           3             1             8             4             3             -             11            3             4             8             4             6             2             8             14            13            12            2             1             3             
Jebel Ali         11            4             109           22            11            14            -             10            10            18            22            17            8             30            21            21            54            26            3             9             
Kaohsiung         54            3             10            15            3             5             14            -             5             51            17            8             18            14            37            18            15            7             19            7             
Laem Chabang      2             1             5             4             2             6             10            2             -             9             3             4             2             5             11            9             14            2             1             2             
Los Angeles       30            5             9             5             3             2             11            16            2             -             23            5             22            8             49            28            10            4             10            12            
New Jersey        8             66            18            45            1             3             19            6             2             35            -             25            6             54            27            25            9             18            3             6             
Piraeus           5             8             16            10            1             2             24            6             2             6             15            -             6             22            19            18            10            23            2             5             
Qingdao           19            5             17            17            4             4             23            21            3             82            24            17            -             20            43            15            22            13            7             1             
Rotterdam         9             28            31            19            4             5             44            7             3             14            79            16            10            -             34            30            15            40            3             8             
Shanghai          31            11            23            27            7             9             28            35            8             99            48            18            27            33            -             24            37            14            16            18            
Shenzhen          33            10            29            31            8             10            41            41            7             59            50            25            8             40            20            -             43            14            6             3             
Singapore         14            8             57            17            9             16            93            10            9             40            22            18            13            23            50            43            -             13            3             15            
Tanger Med        6             17            16            15            2             4             23            3             2             5             22            12            5             19            18            16            9             -             3             5             
Tianjin           14            4             17            13            2             5             24            8             2             36            15            11            18            19            36            13            19            7             -             0             
Xiamen            36            4             25            26            3             5             34            22            6             29            27            19            6             29            22            87            27            10            2             -             

Port-Level Shipment Waiting and Vessel Queue Statistics

Port                       Origin Waiting TEU   Transshipment Waiting TEU   Total Waiting TEU   Vessels Waiting
---------------------------------------------------------------------------------------------------------------
Busan                                     505                          98                 603              0.01
Cartagena                                 220                           0                 220              0.00
Colombo                                   443                          20                 463              0.00
Hamburg                                   282                           0                 282              0.00
Ho Chi Minh City                           98                           0                  98              0.04
Jakarta                                   109                           0                 109              0.06
Jebel Ali                                 421                           0                 421              0.00
Kaohsiung                                 321                          41                 362              0.41
Laem Chabang                               93                           0                  93              0.02
Los Angeles                               255                           0                 255              0.00
New Jersey                                376                         147                 523              0.00
Piraeus                                   201                           0                 201              0.00
Qingdao                                   356                          31                 387              0.01
Rotterdam                                 397                           0                 397              0.00
Shanghai                                  515                       1,032               1,547              0.00
Shenzhen                                  479                         143                 622              0.00
Singapore                                 472                         545               1,017              0.01
Tanger Med                                200                          85                 284              0.00
Tianjin                                   264                           0                 264              0.01
Xiamen                                    418                           0                 418              0.01
---------------------------------------------------------------------------------------------------------------
TOTAL                                   6,426                       2,143               8,568              0.59



============================================================
Shipment Being Transported Statistics
============================================================

Average TEUs in Transition by Demand Matrix
------------------------------------------------------------
Origin Dest       Busan         Cartagena     Colombo       Hamburg       Ho Chi Minh CityJakarta       Jebel Ali     Kaohsiung     Laem Chabang  Los Angeles   New Jersey    Piraeus       Qingdao       Rotterdam     Shanghai      Shenzhen      Singapore     Tanger Med    Tianjin       Xiamen        
----------------------------------------------------------------------------------------------------------------------------------------------------------------------------------------------------------------------------------------------------------------------------------------------------------
Busan             -             42            64            166           10            13            122           137           12            461           217           119           7             204           28            39            57            78            6             19            
Cartagena         28            -             67            42            14            20            61            25            18            103           32            39            40            55            127           104           66            36            25            28            
Colombo           49            50            -             139           13            17            67            48            19            74            95            92            46            202           87            91            29            94            18            53            
Hamburg           79            33            178           -             21            29            208           59            22            128           70            29            70            8             247           259           102           24            42            82            
Ho Chi Minh City  10            15            25            39            -             8             54            9             2             68            31            28            11            54            37            41            15            29            7             15            
Jakarta           18            15            34            53            4             -             58            15            5             77            51            58            13            91            46            50            7             27            10            19            
Jebel Ali         60            40            60            128           17            25            -             64            17            140           80            74            43            186           74            85            53            137           20            55            
Kaohsiung         19            17            18            78            7             11            32            -             9             246           78            39            13            85            30            18            22            36            11            9             
Laem Chabang      11            9             24            45            4             6             56            12            -             77            28            40            12            57            35            37            10            26            11            14            
Los Angeles       281           116           108           102           35            33            149           152           28            -             434           91            228           180           430           269           103           70            97            144           
New Jersey        92            40            145           74            14            23            112           82            15            447           -             56            76            78            264           238           72            21            35            74            
Piraeus           60            42            118           19            13            22            140           47            16            78            64            -             55            37            183           157           73            20            29            63            
Qingdao           16            33            31            91            8             11            55            18            8             408           115           74            -             123           10            9             29            48            16            0             
Rotterdam         131           56            248           5             38            48            315           96            38            157           108           26            107           -             349           352           144           28            49            124           
Shanghai          12            83            58            273           21            24            104           25            26            442           289           161           18            342           -             15            58            136           40            5             
Shenzhen          130           70            57            300           20            22            134           15            20            230           293           191           33            387           62            -             41            120           31            16            
Singapore         41            53            29            134           5             9             103           46            7             283           104           110           45            193           74            85            -             90            15            65            
Tanger Med        65            30            124           14            23            36            152           45            25            78            22            11            48            14            172           167           89            -             30            58            
Tianjin           14            20            27            68            5             8             57            10            6             171           83            53            3             123           11            8             27            41            -             0             
Xiamen            76            31            37            134           5             9             65            11            8             136           142           77            19            149           42            14            28            51            2             -             

Completed TEUs by Demand Matrix
------------------------------------------------------------
Origin Dest       Busan         Cartagena     Colombo       Hamburg       Ho Chi Minh CityJakarta       Jebel Ali     Kaohsiung     Laem Chabang  Los Angeles   New Jersey    Piraeus       Qingdao       Rotterdam     Shanghai      Shenzhen      Singapore     Tanger Med    Tianjin       Xiamen        
----------------------------------------------------------------------------------------------------------------------------------------------------------------------------------------------------------------------------------------------------------------------------------------------------------
Busan             -             81            402           411           52            88            635           1697          63            1414          638           334           479           490           1177          619           500           218           315           340           
Cartagena         48            -             150           295           24            41            152           31            22            123           731           200           65            400           261           160           144           333           39            42            
Colombo           316           149           -             497           169           206           1500          188           202           165           427           428           258           725           972           860           765           371           94            258           
Hamburg           155           215           508           -             46            77            752           121           53            163           581           438           140           818           575           561           277           693           82            140           
Ho Chi Minh City  54            34            194           102           -             182           332           34            148           151           95            86            52            149           324           323           486           84            32            74            
Jakarta           86            32            292           145           119           -             366           43            127           186           155           190           61            260           409           385           410           95            40            81            
Jebel Ali         324           96            1249          517           146           198           -             209           134           277           274           419           200           769           574           585           638           649           75            231           
Kaohsiung         662           32            86            199           31            59            141           -             37            922           207           121           233           232           468           148           141           91            236           90            
Laem Chabang      72            22            211           123           61            187           335           40            -             169           93            129           64            153           324           303           457           77            57            65            
Los Angeles       727           146           195           124           64            89            334           287           53            -             626           137           550           239           1150          643           237           93            186           267           
New Jersey        196           913           407           745           36            55            315           137           37            549           -             384           157           818           695           529           208           295           66            150           
Piraeus           133           190           407           280           37            76            631           89            42            120           321           -             128           615           503           420           228           587           57            136           
Qingdao           304           68            179           259           43            93            295           283           40            1337          338           217           -             364           727           227           339           156           123           11            
Rotterdam         258           388           734           489           94            137           1140          178           92            197           974           446           207           -             823           825           381           1053          99            220           
Shanghai          733           175           600           718           171           268           819           509           201           1538          912           537           674           943           -             638           1042          397           428           251           
Shenzhen          726           166           754           787           215           297           1219          527           169           725           1054          693           166           1144          550           -             1101          363           143           69            
Singapore         352           142           831           431           255           548           1333          233           254           693           424           434           341           637           1365          1166          -             307           93            379           
Tanger Med        132           255           398           407           54            93            670           81            64            102           260           312           91            518           441           406           284           -             55            109           
Tianjin           230           36            141           198           25            68            297           115           30            490           238           169           266           351           536           161           297           122           -             10            
Xiamen            373           61            286           396           35            89            420           292           45            412           475           265           93            473           244           1146          444           168           8             -             


============================================================
Service Route Capacity and Utilization Statistics
============================================================
Route     Name                                Avg Capacity TEU     Avg Carried TEU    Utilization
-------------------------------------------------------------------------------------------------
S1        Asia-Europe-NorthEurope                      189,144              13,170          6.96%
S2        Intra-EastAsia                                10,935                 500          4.58%
S3        SEA-Feeder                                     6,981                 236          3.39%
S4        Transpacific-WestCoast                       125,893               5,168          4.11%
S5        Asia-US-East                                 115,006               3,656          3.18%
S6        Transatlantic-SouthConnector                  22,737                 874          3.84%
S7        IndianOcean-MiddleEast                         7,428                 451          6.07%
-------------------------------------------------------------------------------------------------
TOTAL                                                  478,123              24,056          5.03%


============================================================
Vessel Statistics
============================================================
Metric                                            Average Count
---------------------------------------------------------------
Average vessels sailing                                   36.67
Average vessels waiting for berth at port                  0.59
Average vessels being served at berth                      1.74
---------------------------------------------------------------
TOTAL average active/port vessels                         39.00


Period Result Output: Period 19 (Days 91-95)
Output Simulation Day: 95
Simulation Running Time: 00:07:50

Simulation Progress: Day 100 / 360
Simulation Clock Time: 0001-08-29 00:00:00


============================================================
Shipment Waiting for Loading Statistics
============================================================

TEUs by Demand Matrix
------------------------------------------------------------
Origin Dest       Busan         Cartagena     Colombo       Hamburg       Ho Chi Minh CityJakarta       Jebel Ali     Kaohsiung     Laem Chabang  Los Angeles   New Jersey    Piraeus       Qingdao       Rotterdam     Shanghai      Shenzhen      Singapore     Tanger Med    Tianjin       Xiamen        
----------------------------------------------------------------------------------------------------------------------------------------------------------------------------------------------------------------------------------------------------------------------------------------------------------
Busan             -             3             16            13            3             3             24            115           2             82            21            13            19            18            46            48            18            8             19            24            
Cartagena         3             -             9             21            2             3             11            2             2             8             52            17            4             26            16            13            11            21            2             4             
Colombo           12            6             -             17            13            15            108           11            15            9             20            17            11            28            37            34            61            16            3             10            
Hamburg           6             16            21            -             2             3             27            5             2             10            46            17            5             31            22            24            12            25            3             6             
Ho Chi Minh City  2             1             5             3             -             5             9             2             5             9             3             3             2             5             11            10            16            3             1             2             
Jakarta           3             1             8             4             3             -             11            3             4             7             4             5             2             8             14            13            13            2             1             3             
Jebel Ali         12            5             106           23            11            14            -             10            9             18            22            18            8             31            21            22            52            26            3             9             
Kaohsiung         53            3             10            14            3             5             14            -             4             51            16            8             18            13            37            17            14            7             19            7             
Laem Chabang      2             1             5             4             2             6             10            2             -             9             3             4             2             5             10            9             14            2             1             2             
Los Angeles       34            6             10            6             3             3             13            18            2             -             28            5             25            9             55            31            11            5             11            14            
New Jersey        8             66            18            46            1             3             20            6             2             35            -             25            6             55            28            25            9             18            3             6             
Piraeus           5             8             16            10            1             2             24            6             2             6             15            -             6             23            19            18            10            23            2             5             
Qingdao           19            5             17            17            4             4             23            21            3             80            23            16            -             19            42            15            22            12            7             1             
Rotterdam         9             28            31            19            4             5             44            7             3             14            79            16            9             -             33            30            15            40            4             8             
Shanghai          30            10            23            26            7             9             28            35            8             97            47            18            27            32            -             24            37            14            16            18            
Shenzhen          32            10            29            31            8             10            40            41            7             57            49            25            8             40            19            -             42            14            6             3             
Singapore         15            8             59            16            8             16            96            11            9             41            22            17            14            22            52            46            -             13            3             16            
Tanger Med        6             16            16            15            2             3             23            3             2             5             21            12            5             18            18            16            9             -             3             4             
Tianjin           14            4             17            13            2             4             23            8             2             35            15            11            18            19            36            12            19            7             -             1             
Xiamen            34            4             24            25            3             5             33            21            5             28            26            19            6             28            21            84            27            10            2             -             

Port-Level Shipment Waiting and Vessel Queue Statistics

Port                       Origin Waiting TEU   Transshipment Waiting TEU   Total Waiting TEU   Vessels Waiting
---------------------------------------------------------------------------------------------------------------
Busan                                     495                          98                 593              0.01
Cartagena                                 229                           0                 229              0.00
Colombo                                   444                          21                 464              0.01
Hamburg                                   282                           0                 282              0.00
Ho Chi Minh City                           98                           0                  98              0.05
Jakarta                                   110                           0                 110              0.05
Jebel Ali                                 417                           0                 417              0.00
Kaohsiung                                 313                          47                 360              0.39
Laem Chabang                               93                           0                  93              0.02
Los Angeles                               289                           0                 289              0.00
New Jersey                                381                         144                 525              0.00
Piraeus                                   202                           0                 202              0.00
Qingdao                                   349                          31                 380              0.01
Rotterdam                                 397                           0                 397              0.00
Shanghai                                  507                       1,023               1,530              0.00
Shenzhen                                  470                         148                 618              0.00
Singapore                                 482                         555               1,037              0.01
Tanger Med                                197                          86                 283              0.00
Tianjin                                   261                           0                 261              0.01
Xiamen                                    404                           0                 404              0.01
---------------------------------------------------------------------------------------------------------------
TOTAL                                   6,418                       2,153               8,571              0.58



============================================================
Shipment Being Transported Statistics
============================================================

Average TEUs in Transition by Demand Matrix
------------------------------------------------------------
Origin Dest       Busan         Cartagena     Colombo       Hamburg       Ho Chi Minh CityJakarta       Jebel Ali     Kaohsiung     Laem Chabang  Los Angeles   New Jersey    Piraeus       Qingdao       Rotterdam     Shanghai      Shenzhen      Singapore     Tanger Med    Tianjin       Xiamen        
----------------------------------------------------------------------------------------------------------------------------------------------------------------------------------------------------------------------------------------------------------------------------------------------------------
Busan             -             42            64            165           10            13            123           136           12            472           215           119           7             204           29            39            56            77            6             19            
Cartagena         28            -             66            41            14            19            61            25            18            103           31            39            39            54            126           103           66            35            25            28            
Colombo           48            51            -             138           13            17            64            48            19            75            96            93            46            202           85            90            31            95            18            52            
Hamburg           79            33            180           -             21            28            210           58            22            128           69            29            70            8             247           260           104           23            42            82            
Ho Chi Minh City  10            15            25            39            -             8             53            9             2             69            31            28            11            55            37            41            16            29            7             15            
Jakarta           18            15            34            53            4             -             58            15            5             78            50            58            13            90            45            50            6             27            10            19            
Jebel Ali         58            41            62            130           17            25            -             63            17            141           81            74            43            185           74            84            55            136           20            55            
Kaohsiung         20            18            19            78            7             11            34            -             9             250           78            40            13            84            30            19            24            36            11            9             
Laem Chabang      11            10            24            45            4             6             55            12            -             77            28            40            11            57            35            36            10            26            11            14            
Los Angeles       275           116           106           102           35            33            146           150           27            -             431           90            225           177           423           264           102           69            97            142           
New Jersey        91            42            145           72            15            23            112           81            15            448           -             56            76            77            262           236           72            21            35            73            
Piraeus           60            43            117           19            13            22            140           47            16            78            65            -             55            37            183           158           74            20            29            62            
Qingdao           17            33            31            91            8             11            58            17            8             414           116           75            -             121           9             9             29            50            16            0             
Rotterdam         130           57            249           5             38            48            317           95            38            159           107           26            108           -             347           351           146           27            49            122           
Shanghai          12            84            58            274           22            24            106           24            26            449           292           161           19            342           -             14            58            136           40            5             
Shenzhen          127           71            56            303           20            22            135           15            20            237           294           190           33            386           60            -             41            120           31            15            
Singapore         40            53            28            134           5             9             98            45            7             289           105           109           45            193           71            82            -             90            15            63            
Tanger Med        65            31            124           14            23            36            152           45            25            79            23            11            48            14            171           167           89            -             30            57            
Tianjin           14            20            27            69            5             8             60            10            6             176           83            53            3             122           11            8             27            41            -             0             
Xiamen            80            32            37            134           6             9             71            11            8             139           142           78            19            150           45            14            28            52            3             -             

Completed TEUs by Demand Matrix
------------------------------------------------------------
Origin Dest       Busan         Cartagena     Colombo       Hamburg       Ho Chi Minh CityJakarta       Jebel Ali     Kaohsiung     Laem Chabang  Los Angeles   New Jersey    Piraeus       Qingdao       Rotterdam     Shanghai      Shenzhen      Singapore     Tanger Med    Tianjin       Xiamen        
----------------------------------------------------------------------------------------------------------------------------------------------------------------------------------------------------------------------------------------------------------------------------------------------------------
Busan             -             81            462           435           55            88            689           1889          63            1414          638           334           501           509           1287          692           531           231           315           362           
Cartagena         48            -             166           332           29            41            152           31            28            123           731           200           65            447           261           197           162           372           39            42            
Colombo           352           149           -             535           169           206           1500          254           202           165           427           428           308           773           1023          885           765           406           94            291           
Hamburg           171           215           549           -             49            77            752           133           55            163           692           473           155           818           604           603           277           748           82            158           
Ho Chi Minh City  63            34            194           108           -             182           332           45            155           151           95            86            67            156           324           323           533           92            32            80            
Jakarta           106           32            292           153           125           -             366           65            137           186           155           190           75            275           442           409           428           97            40            92            
Jebel Ali         358           96            1464          558           146           198           -             263           134           277           274           419           225           828           594           606           638           694           75            266           
Kaohsiung         730           32            98            199           33            59            158           -             38            922           207           121           233           232           468           224           141           91            236           116           
Laem Chabang      76            22            211           129           69            187           335           58            -             169           93            129           74            165           324           303           485           83            57            73            
Los Angeles       795           146           215           139           68            89            357           307           57            -             626           137           613           268           1150          698           237           103           186           285           
New Jersey        209           913           443           791           40            55            315           153           37            549           -             384           162           897           695           576           237           329           66            160           
Piraeus           154           190           453           300           38            76            631           106           44            120           405           -             140           671           535           438           228           621           57            149           
Qingdao           304           68            269           259           61            93            390           308           56            1337          338           217           -             364           727           249           339           156           123           11            
Rotterdam         290           388           822           534           101           137           1140          191           97            197           1145          474           228           -             857           867           381           1120          99            254           
Shanghai          798           175           675           785           194           268           873           551           215           1538          912           537           753           989           -             670           1089          434           428           270           
Shenzhen          919           166           820           874           232           297           1334          581           196           725           1054          693           197           1218          550           -             1146          396           143           89            
Singapore         395           142           831           455           279           548           1333          281           265           693           424           434           394           681           1401          1220          -             329           93            433           
Tanger Med        146           255           429           427           57            93            670           94            68            102           326           343           105           541           472           414           284           -             55            128           
Tianjin           233           36            218           198           37            68            393           137           39            490           238           169           266           351           536           177           297           122           -             10            
Xiamen            417           61            392           396           48            89            566           317           66            412           475           265           93            473           244           1244          444           168           8             -             


============================================================
Service Route Capacity and Utilization Statistics
============================================================
Route     Name                                Avg Capacity TEU     Avg Carried TEU    Utilization
-------------------------------------------------------------------------------------------------
S1        Asia-Europe-NorthEurope                      189,079              13,163          6.96%
S2        Intra-EastAsia                                11,033                 504          4.57%
S3        SEA-Feeder                                     6,974                 238          3.41%
S4        Transpacific-WestCoast                       125,959               5,192          4.12%
S5        Asia-US-East                                 114,972               3,656          3.18%
S6        Transatlantic-SouthConnector                  22,714                 870          3.83%
S7        IndianOcean-MiddleEast                         7,439                 446          6.00%
-------------------------------------------------------------------------------------------------
TOTAL                                                  478,170              24,070          5.03%


============================================================
Vessel Statistics
============================================================
Metric                                            Average Count
---------------------------------------------------------------
Average vessels sailing                                   36.68
Average vessels waiting for berth at port                  0.58
Average vessels being served at berth                      1.74
---------------------------------------------------------------
TOTAL average active/port vessels                         39.00


Period Result Output: Period 20 (Days 96-100)
Output Simulation Day: 100
Simulation Running Time: 00:08:02

Simulation Progress: Day 105 / 360
Simulation Clock Time: 0001-09-03 00:00:00


============================================================
Shipment Waiting for Loading Statistics
============================================================

TEUs by Demand Matrix
------------------------------------------------------------
Origin Dest       Busan         Cartagena     Colombo       Hamburg       Ho Chi Minh CityJakarta       Jebel Ali     Kaohsiung     Laem Chabang  Los Angeles   New Jersey    Piraeus       Qingdao       Rotterdam     Shanghai      Shenzhen      Singapore     Tanger Med    Tianjin       Xiamen        
----------------------------------------------------------------------------------------------------------------------------------------------------------------------------------------------------------------------------------------------------------------------------------------------------------
Busan             -             3             16            13            3             3             24            113           2             81            20            13            18            18            46            47            18            7             18            24            
Cartagena         3             -             9             20            2             3             11            2             2             8             51            17            4             25            16            13            10            21            2             4             
Colombo           12            6             -             17            13            15            110           11            15            9             20            17            12            28            37            35            60            15            3             11            
Hamburg           6             16            21            -             2             3             27            5             2             9             45            17            5             31            22            23            12            25            3             6             
Ho Chi Minh City  2             1             6             3             -             6             9             2             5             8             3             3             2             5             11            10            16            3             1             2             
Jakarta           3             1             8             4             3             -             11            3             4             7             4             6             2             8             14            13            13            2             1             3             
Jebel Ali         12            4             106           22            11            14            -             10            9             17            22            17            8             30            21            22            52            25            2             9             
Kaohsiung         53            3             10            14            3             5             14            -             4             49            16            8             17            13            36            17            14            7             18            7             
Laem Chabang      2             1             5             4             2             6             10            2             -             9             3             4             2             5             10            9             14            2             1             2             
Los Angeles       39            7             11            8             3             3             15            20            3             -             33            6             29            11            63            36            13            5             13            16            
New Jersey        9             64            19            48            2             3             21            7             2             37            -             27            7             58            29            27            10            19            3             7             
Piraeus           5             8             16            10            1             2             24            6             2             6             15            -             6             23            19            18            10            23            2             5             
Qingdao           18            5             16            16            4             4             22            20            3             78            22            16            -             18            41            15            21            12            7             1             
Rotterdam         9             28            30            19            3             5             43            7             3             14            77            15            9             -             33            29            15            39            4             8             
Shanghai          29            10            24            27            7             10            30            34            8             95            47            20            26            33            -             24            38            15            16            18            
Shenzhen          32            10            30            31            8             10            41            40            8             56            49            25            8             41            19            -             43            14            6             3             
Singapore         15            8             57            17            8             16            93            11            9             40            22            17            13            22            51            46            -             12            3             15            
Tanger Med        6             16            16            15            2             3             23            3             2             4             21            12            5             19            18            16            9             -             3             4             
Tianjin           14            4             16            13            2             4             23            8             2             34            14            11            18            18            34            12            18            7             -             1             
Xiamen            34            4             23            25            3             5             34            21            5             27            25            18            5             28            20            82            26            10            1             -             

Port-Level Shipment Waiting and Vessel Queue Statistics

Port                       Origin Waiting TEU   Transshipment Waiting TEU   Total Waiting TEU   Vessels Waiting
---------------------------------------------------------------------------------------------------------------
Busan                                     487                          97                 584              0.01
Cartagena                                 225                           0                 225              0.00
Colombo                                   446                          21                 467              0.01
Hamburg                                   277                           0                 277              0.00
Ho Chi Minh City                           98                           0                  98              0.05
Jakarta                                   109                           0                 109              0.05
Jebel Ali                                 415                           0                 415              0.00
Kaohsiung                                 308                          45                 352              0.37
Laem Chabang                               93                           0                  93              0.02
Los Angeles                               335                           0                 335              0.00
New Jersey                                398                         137                 536              0.00
Piraeus                                   202                           0                 202              0.00
Qingdao                                   339                          30                 370              0.01
Rotterdam                                 390                           0                 390              0.00
Shanghai                                  511                       1,017               1,528              0.00
Shenzhen                                  474                         148                 622              0.00
Singapore                                 475                         548               1,023              0.01
Tanger Med                                198                          87                 284              0.00
Tianjin                                   253                           0                 253              0.01
Xiamen                                    397                           0                 397              0.01
---------------------------------------------------------------------------------------------------------------
TOTAL                                   6,432                       2,129               8,561              0.56



============================================================
Shipment Being Transported Statistics
============================================================

Average TEUs in Transition by Demand Matrix
------------------------------------------------------------
Origin Dest       Busan         Cartagena     Colombo       Hamburg       Ho Chi Minh CityJakarta       Jebel Ali     Kaohsiung     Laem Chabang  Los Angeles   New Jersey    Piraeus       Qingdao       Rotterdam     Shanghai      Shenzhen      Singapore     Tanger Med    Tianjin       Xiamen        
----------------------------------------------------------------------------------------------------------------------------------------------------------------------------------------------------------------------------------------------------------------------------------------------------------
Busan             -             42            64            163           10            12            122           134           12            485           214           119           7             205           30            38            56            77            6             18            
Cartagena         27            -             66            41            15            19            62            25            18            104           34            40            39            54            125           103           65            35            25            28            
Colombo           48            51            -             137           14            18            63            47            19            76            98            93            45            201           86            91            30            96            18            51            
Hamburg           79            33            183           -             21            28            211           57            22            128           69            29            70            8             248           262           104           23            42            82            
Ho Chi Minh City  10            15            25            39            -             7             53            9             2             69            31            28            11            55            38            41            16            29            8             15            
Jakarta           18            15            34            53            4             -             59            15            6             79            50            57            13            89            46            50            6             27            10            18            
Jebel Ali         58            41            59            131           17            25            -             62            17            143           83            75            43            186           75            84            53            137           20            55            
Kaohsiung         19            18            20            78            7             11            35            -             10            257           78            40            12            84            29            18            25            36            10            9             
Laem Chabang      11            10            24            45            4             6             55            11            -             78            28            39            11            57            35            37            9             26            11            14            
Los Angeles       269           116           105           100           34            32            143           148           27            -             428           89            220           174           414           259           100           69            95            140           
New Jersey        89            43            143           69            15            23            110           80            15            450           -             56            76            74            259           234           71            20            35            72            
Piraeus           59            43            117           19            13            22            140           48            16            79            65            -             56            37            184           160           75            20            29            62            
Qingdao           18            33            32            92            8             11            58            17            8             423           117           77            -             121           9             9             29            51            15            0             
Rotterdam         130           58            251           5             38            48            319           94            38            161           107           26            109           -             347           351           146           28            49            120           
Shanghai          12            84            57            273           22            23            105           24            26            459           296           160           19            341           -             14            56            136           40            5             
Shenzhen          122           71            55            303           20            21            132           15            20            244           296           188           32            384           59            -             39            119           30            15            
Singapore         40            54            30            135           5             9             101           44            7             297           107           109           44            192           73            85            -             91            15            63            
Tanger Med        65            31            125           13            23            36            153           44            25            79            22            11            48            13            172           168           88            -             30            56            
Tianjin           15            21            27            70            5             8             60            10            6             183           84            54            3             121           11            8             28            41            -             0             
Xiamen            83            32            37            134           6             8             71            11            8             142           143           80            19            151           47            14            27            53            3             -             

Completed TEUs by Demand Matrix
------------------------------------------------------------
Origin Dest       Busan         Cartagena     Colombo       Hamburg       Ho Chi Minh CityJakarta       Jebel Ali     Kaohsiung     Laem Chabang  Los Angeles   New Jersey    Piraeus       Qingdao       Rotterdam     Shanghai      Shenzhen      Singapore     Tanger Med    Tianjin       Xiamen        
----------------------------------------------------------------------------------------------------------------------------------------------------------------------------------------------------------------------------------------------------------------------------------------------------------
Busan             -             104           462           435           58            92            747           1997          71            1414          638           346           535           509           1380          728           531           231           338           385           
Cartagena         56            -             166           332           36            46            167           31            35            123           731           200           75            447           292           197           162           372           39            50            
Colombo           369           167           -             535           193           206           1500          254           231           165           427           455           329           773           1023          885           872           406           99            310           
Hamburg           179           257           549           -             52            77            840           133           57            163           692           473           163           866           604           603           323           787           93            168           
Ho Chi Minh City  63            37            224           108           -             189           332           45            162           151           95            91            67            156           324           323           533           92            38            80            
Jakarta           111           36            322           153           129           -             366           65            152           186           155           208           80            275           442           409           457           97            50            97            
Jebel Ali         368           121           1464          558           164           198           -             263           158           277           274           465           239           828           594           606           728           694           87            276           
Kaohsiung         730           40            134           199           42            59            158           -             61            922           207           121           250           232           506           233           198           91            256           125           
Laem Chabang      76            29            239           129           75            203           335           58            -             169           93            138           74            165           324           303           485           83            59            73            
Los Angeles       817           154           240           139           76            89            357           307           59            -             626           150           658           268           1236          698           256           103           215           336           
New Jersey        226           1065          475           791           42            58            351           153           40            549           -             384           178           897           731           576           237           329           69            165           
Piraeus           162           232           453           300           42            76            691           106           49            120           405           -             145           671           535           438           258           621           69            158           
Qingdao           338           78            289           259           64            93            390           322           62            1337          338           217           -             364           780           269           368           156           136           11            
Rotterdam         315           457           822           534           103           137           1258          191           106           197           1145          474           244           -             857           867           422           1190          106           274           
Shanghai          843           209           708           785           227           278           934           585           239           1538          912           600           789           989           -             670           1138          434           475           296           
Shenzhen          919           189           851           874           246           317           1361          581           216           725           1054          752           223           1218          582           -             1191          396           179           95            
Singapore         416           161           941           455           293           595           1333          281           280           693           424           475           410           681           1401          1220          -             329           103           461           
Tanger Med        155           300           429           427           62            93            708           94            76            102           326           343           109           541           472           414           306           -             61            131           
Tianjin           258           43            235           198           40            68            393           138           45            490           238           169           299           351           582           192           320           122           -             12            
Xiamen            417           74            413           396           54            89            566           317           74            412           475           265           103           473           276           1338          475           168           10            -             


============================================================
Service Route Capacity and Utilization Statistics
============================================================
Route     Name                                Avg Capacity TEU     Avg Carried TEU    Utilization
-------------------------------------------------------------------------------------------------
S1        Asia-Europe-NorthEurope                      189,205              13,189          6.97%
S2        Intra-EastAsia                                11,070                 500          4.52%
S3        SEA-Feeder                                     6,966                 239          3.44%
S4        Transpacific-WestCoast                       126,024               5,233          4.15%
S5        Asia-US-East                                 115,002               3,664          3.19%
S6        Transatlantic-SouthConnector                  22,710                 867          3.82%
S7        IndianOcean-MiddleEast                         7,429                 448          6.03%
-------------------------------------------------------------------------------------------------
TOTAL                                                  478,405              24,139          5.05%


============================================================
Vessel Statistics
============================================================
Metric                                            Average Count
---------------------------------------------------------------
Average vessels sailing                                   36.69
Average vessels waiting for berth at port                  0.56
Average vessels being served at berth                      1.74
---------------------------------------------------------------
TOTAL average active/port vessels                         39.00


Period Result Output: Period 21 (Days 101-105)
Output Simulation Day: 105
Simulation Running Time: 00:08:13

Simulation Progress: Day 110 / 360
Simulation Clock Time: 0001-09-08 00:00:00


============================================================
Shipment Waiting for Loading Statistics
============================================================

TEUs by Demand Matrix
------------------------------------------------------------
Origin Dest       Busan         Cartagena     Colombo       Hamburg       Ho Chi Minh CityJakarta       Jebel Ali     Kaohsiung     Laem Chabang  Los Angeles   New Jersey    Piraeus       Qingdao       Rotterdam     Shanghai      Shenzhen      Singapore     Tanger Med    Tianjin       Xiamen        
----------------------------------------------------------------------------------------------------------------------------------------------------------------------------------------------------------------------------------------------------------------------------------------------------------
Busan             -             3             16            14            3             3             25            113           2             81            21            13            19            18            47            46            19            8             18            23            
Cartagena         3             -             9             20            2             3             11            2             2             8             51            16            4             25            16            13            10            21            2             4             
Colombo           12            6             -             17            13            15            107           11            16            8             20            16            11            28            37            35            61            15            3             11            
Hamburg           6             16            21            -             2             3             27            5             2             9             46            17            5             32            22            23            12            25            3             6             
Ho Chi Minh City  2             1             6             3             -             6             10            2             5             8             3             3             2             5             11            10            16            3             1             2             
Jakarta           3             1             8             4             3             -             11            3             4             8             4             6             2             8             14            13            13            2             1             3             
Jebel Ali         11            4             108           21            11            14            -             10            9             17            22            17            8             29            21            21            52            25            2             9             
Kaohsiung         51            3             9             14            3             5             13            -             4             48            15            8             17            13            35            16            14            7             18            7             
Laem Chabang      2             1             5             4             2             6             10            2             -             8             3             4             2             5             10            9             14            2             1             2             
Los Angeles       44            8             12            9             3             4             17            23            3             -             38            8             33            12            69            40            14            6             15            18            
New Jersey        9             65            19            47            2             3             20            7             2             37            -             26            7             56            30            28            10            19            3             7             
Piraeus           5             8             16            10            1             2             24            6             2             6             15            -             6             23            19            18            10            23            2             5             
Qingdao           18            5             16            16            4             4             22            20            3             78            22            15            -             18            41            14            21            12            7             1             
Rotterdam         9             28            29            19            3             5             44            7             3             14            77            15            9             -             35            29            15            41            4             8             
Shanghai          29            10            24            27            7             10            30            33            8             94            47            20            26            32            -             24            37            15            16            18            
Shenzhen          32            10            30            31            8             10            42            39            8             55            48            25            7             41            19            -             43            15            6             3             
Singapore         15            8             57            18            8             16            94            11            9             40            22            18            14            24            52            47            -             13            3             15            
Tanger Med        6             16            16            15            2             3             23            3             2             5             20            12            5             19            18            17            9             -             3             5             
Tianjin           13            4             16            12            2             4             22            8             2             33            14            10            18            18            34            12            18            7             -             1             
Xiamen            33            4             23            25            3             4             33            20            5             27            25            18            5             27            20            81            26            10            1             -             

Port-Level Shipment Waiting and Vessel Queue Statistics

Port                       Origin Waiting TEU   Transshipment Waiting TEU   Total Waiting TEU   Vessels Waiting
---------------------------------------------------------------------------------------------------------------
Busan                                     490                          95                 584              0.01
Cartagena                                 222                           0                 222              0.00
Colombo                                   444                          20                 464              0.01
Hamburg                                   281                           0                 281              0.00
Ho Chi Minh City                          100                           0                 100              0.05
Jakarta                                   109                           0                 109              0.06
Jebel Ali                                 413                           0                 413              0.00
Kaohsiung                                 299                          50                 349              0.36
Laem Chabang                               93                           0                  93              0.02
Los Angeles                               376                           0                 376              0.00
New Jersey                                398                         136                 534              0.00
Piraeus                                   199                           0                 199              0.00
Qingdao                                   337                          29                 366              0.01
Rotterdam                                 394                           0                 394              0.00
Shanghai                                  507                       1,010               1,517              0.00
Shenzhen                                  474                         147                 621              0.00
Singapore                                 482                         543               1,025              0.01
Tanger Med                                198                          85                 283              0.00
Tianjin                                   249                           0                 249              0.01
Xiamen                                    391                           0                 391              0.01
---------------------------------------------------------------------------------------------------------------
TOTAL                                   6,456                       2,116               8,572              0.55



============================================================
Shipment Being Transported Statistics
============================================================

Average TEUs in Transition by Demand Matrix
------------------------------------------------------------
Origin Dest       Busan         Cartagena     Colombo       Hamburg       Ho Chi Minh CityJakarta       Jebel Ali     Kaohsiung     Laem Chabang  Los Angeles   New Jersey    Piraeus       Qingdao       Rotterdam     Shanghai      Shenzhen      Singapore     Tanger Med    Tianjin       Xiamen        
----------------------------------------------------------------------------------------------------------------------------------------------------------------------------------------------------------------------------------------------------------------------------------------------------------
Busan             -             41            63            162           10            12            121           129           12            500           214           119           7             205           29            38            57            76            6             18            
Cartagena         27            -             66            41            15            20            63            24            18            104           33            41            39            54            125           102           65            36            25            28            
Colombo           49            51            -             136           13            18            67            46            18            77            99            93            46            201           85            92            29            97            18            51            
Hamburg           79            33            184           -             21            28            211           57            22            129           69            29            70            8             248           262           104           23            42            82            
Ho Chi Minh City  10            15            25            39            -             8             53            10            2             71            31            28            11            57            38            42            15            29            8             15            
Jakarta           17            16            34            53            4             -             60            15            6             81            49            57            13            89            46            51            6             27            10            18            
Jebel Ali         58            41            61            131           16            24            -             61            17            146           83            76            43            186           75            85            52            135           20            55            
Kaohsiung         19            18            19            79            7             12            37            -             10            263           80            41            12            85            29            18            25            37            10            9             
Laem Chabang      11            10            23            45            4             6             54            11            -             79            28            39            11            57            35            37            9             26            11            14            
Los Angeles       265           116           103           99            34            32            140           146           27            -             425           88            217           171           405           255           99            68            94            138           
New Jersey        89            41            143           71            15            23            110           79            15            453           -             56            77            76            259           232           71            21            35            72            
Piraeus           59            42            116           19            13            21            140           48            16            80            65            -             56            38            185           163           75            20            29            61            
Qingdao           18            33            31            93            8             11            58            16            8             432           119           79            -             120           10            9             29            53            15            0             
Rotterdam         129           58            251           5             37            49            318           93            37            163           108           25            109           -             346           351           147           28            49            118           
Shanghai          12            84            57            273           21            24            106           23            25            472           299           160           19            340           -             14            57            136           40            5             
Shenzhen          118           71            54            303           19            21            131           14            20            253           297           187           31            384           58            -             40            118           29            15            
Singapore         40            54            29            135           5             9             103           44            7             305           108           107           44            190           72            86            -             90            15            62            
Tanger Med        66            30            124           14            23            36            154           43            24            80            22            11            49            14            172           170           88            -             30            56            
Tianjin           15            22            27            71            5             8             60            10            6             190           85            55            3             121           11            8             28            41            -             0             
Xiamen            85            32            36            135           5             8             73            11            8             146           144           82            19            153           46            14            27            54            3             -             

Completed TEUs by Demand Matrix
------------------------------------------------------------
Origin Dest       Busan         Cartagena     Colombo       Hamburg       Ho Chi Minh CityJakarta       Jebel Ali     Kaohsiung     Laem Chabang  Los Angeles   New Jersey    Piraeus       Qingdao       Rotterdam     Shanghai      Shenzhen      Singapore     Tanger Med    Tianjin       Xiamen        
----------------------------------------------------------------------------------------------------------------------------------------------------------------------------------------------------------------------------------------------------------------------------------------------------------
Busan             -             104           462           445           58            92            747           1997          71            1414          690           377           535           534           1380          728           531           238           356           385           
Cartagena         57            -             166           332           36            46            167           36            35            150           867           237           75            447           292           228           162           372           46            50            
Colombo           410           167           -             571           193           235           1718          254           231           170           501           479           329           825           1113          992           872           431           103           310           
Hamburg           194           257           633           -             52            81            855           139           57            186           764           500           163           952           658           662           339           787           96            168           
Ho Chi Minh City  71            37            224           111           -             205           374           45            162           160           105           101           67            164           370           363           564           96            38            80            
Jakarta           118           36            322           163           129           -             424           67            152           193           176           219           80            286           460           446           482           100           50            97            
Jebel Ali         389           121           1464          612           164           220           -             265           158           301           321           494           239           897           659           654           728           760           91            276           
Kaohsiung         801           40            134           199           42            74            206           -             61            1143          207           121           271           232           541           233           198           91            271           125           
Laem Chabang      87            29            239           134           75            222           385           58            -             171           103           148           74            173           368           339           517           88            59            73            
Los Angeles       886           154           240           150           76            93            375           343           59            -             716           156           658           284           1332          739           256           113           238           336           
New Jersey        237           1065          475           791           42            65            351           163           40            641           -             432           178           897           731           629           246           329           75            165           
Piraeus           177           232           502           331           42            81            717           107           49            133           441           -             145           734           585           470           287           677           72            158           
Qingdao           367           78            289           259           64            99            418           322           62            1337          338           217           -             364           836           269           368           156           147           11            
Rotterdam         333           457           904           566           103           147           1291          207           106           234           1272          502           244           -             930           925           470           1190          111           274           
Shanghai          899           209           708           846           227           289           974           585           239           1538          1083          627           789           1071          -             721           1138          457           504           296           
Shenzhen          980           189           851           995           246           321           1415          640           216           725           1233          777           235           1299          620           -             1191          441           191           95            
Singapore         452           161           941           493           293           630           1532          281           280           693           498           498           410           737           1535          1372          -             359           108           461           
Tanger Med        170           300           476           455           62            107           724           102           76            117           352           363           109           602           511           452           329           -             65            131           
Tianjin           275           43            235           198           40            71            423           154           45            490           238           169           331           351           615           192           320           122           -             12            
Xiamen            587           74            413           396           54            93            610           340           74            412           475           265           110           473           362           1338          475           168           10            -             


============================================================
Service Route Capacity and Utilization Statistics
============================================================
Route     Name                                Avg Capacity TEU     Avg Carried TEU    Utilization
-------------------------------------------------------------------------------------------------
S1        Asia-Europe-NorthEurope                      189,100              13,186          6.97%
S2        Intra-EastAsia                                11,185                 500          4.47%
S3        SEA-Feeder                                     6,978                 237          3.40%
S4        Transpacific-WestCoast                       126,017               5,275          4.19%
S5        Asia-US-East                                 115,002               3,674          3.19%
S6        Transatlantic-SouthConnector                  22,724                 872          3.84%
S7        IndianOcean-MiddleEast                         7,432                 450          6.05%
-------------------------------------------------------------------------------------------------
TOTAL                                                  478,439              24,194          5.06%


============================================================
Vessel Statistics
============================================================
Metric                                            Average Count
---------------------------------------------------------------
Average vessels sailing                                   36.71
Average vessels waiting for berth at port                  0.55
Average vessels being served at berth                      1.75
---------------------------------------------------------------
TOTAL average active/port vessels                         39.00


Period Result Output: Period 22 (Days 106-110)
Output Simulation Day: 110
Simulation Running Time: 00:08:25

Simulation Progress: Day 115 / 360
Simulation Clock Time: 0001-09-13 00:00:00


============================================================
Shipment Waiting for Loading Statistics
============================================================

TEUs by Demand Matrix
------------------------------------------------------------
Origin Dest       Busan         Cartagena     Colombo       Hamburg       Ho Chi Minh CityJakarta       Jebel Ali     Kaohsiung     Laem Chabang  Los Angeles   New Jersey    Piraeus       Qingdao       Rotterdam     Shanghai      Shenzhen      Singapore     Tanger Med    Tianjin       Xiamen        
----------------------------------------------------------------------------------------------------------------------------------------------------------------------------------------------------------------------------------------------------------------------------------------------------------
Busan             -             3             16            13            3             3             25            110           2             79            20            12            18            18            46            46            19            8             18            23            
Cartagena         3             -             9             20            2             3             11            2             2             8             51            16            5             26            16            13            10            21            2             4             
Colombo           11            6             -             17            13            15            109           11            16            8             20            17            11            29            36            35            61            16            3             11            
Hamburg           6             17            21            -             2             3             28            5             2             9             49            17            5             32            22            23            12            24            3             6             
Ho Chi Minh City  2             1             6             3             -             6             10            2             5             8             3             3             2             5             11            10            16            3             1             2             
Jakarta           3             1             8             4             3             -             11            3             4             8             4             6             2             8             14            13            13            2             1             3             
Jebel Ali         11            4             108           21            11            14            -             10            9             17            22            17            8             29            20            22            51            25            2             9             
Kaohsiung         50            3             9             13            3             5             13            -             4             47            15            8             16            13            34            16            13            6             17            6             
Laem Chabang      2             1             5             4             2             6             10            2             -             8             3             4             2             5             10            9             14            2             1             2             
Los Angeles       44            8             12            9             3             4             16            22            3             -             38            7             32            12            68            40            14            6             14            17            
New Jersey        9             64            19            47            2             3             20            7             2             36            -             26            7             56            29            27            10            19            3             7             
Piraeus           5             8             16            10            1             2             24            6             2             6             15            -             6             23            20            18            10            23            2             5             
Qingdao           18            5             16            16            4             4             21            19            3             75            22            15            -             17            40            14            21            12            7             1             
Rotterdam         9             29            29            18            3             5             44            7             3             14            80            15            9             -             35            29            14            41            4             8             
Shanghai          29            10            25            28            7             10            30            32            8             92            46            21            25            33            -             24            38            15            16            17            
Shenzhen          32            9             31            32            9             10            42            38            8             54            47            26            7             42            19            -             44            16            6             3             
Singapore         15            7             59            17            8             16            97            10            9             39            21            17            13            23            50            46            -             13            3             15            
Tanger Med        6             17            16            14            2             3             23            3             2             5             20            11            5             19            18            17            9             -             3             5             
Tianjin           13            4             16            12            2             4             22            8             2             33            14            10            18            17            33            11            18            7             -             1             
Xiamen            32            4             22            24            3             4             32            20            5             26            24            17            5             27            19            79            25            10            1             -             

Port-Level Shipment Waiting and Vessel Queue Statistics

Port                       Origin Waiting TEU   Transshipment Waiting TEU   Total Waiting TEU   Vessels Waiting
---------------------------------------------------------------------------------------------------------------
Busan                                     481                          96                 578              0.01
Cartagena                                 222                           0                 222              0.00
Colombo                                   445                          20                 465              0.01
Hamburg                                   284                           0                 284              0.00
Ho Chi Minh City                           99                           0                  99              0.05
Jakarta                                   109                           0                 109              0.06
Jebel Ali                                 411                           0                 411              0.00
Kaohsiung                                 293                          52                 345              0.34
Laem Chabang                               93                           0                  93              0.02
Los Angeles                               370                           0                 370              0.00
New Jersey                                392                         131                 523              0.00
Piraeus                                   203                           0                 203              0.00
Qingdao                                   329                          29                 358              0.01
Rotterdam                                 396                           0                 396              0.00
Shanghai                                  506                       1,004               1,510              0.00
Shenzhen                                  475                         147                 622              0.00
Singapore                                 481                         542               1,024              0.01
Tanger Med                                198                          90                 287              0.00
Tianjin                                   246                           0                 246              0.01
Xiamen                                    381                           0                 381              0.01
---------------------------------------------------------------------------------------------------------------
TOTAL                                   6,414                       2,111               8,525              0.54



============================================================
Shipment Being Transported Statistics
============================================================

Average TEUs in Transition by Demand Matrix
------------------------------------------------------------
Origin Dest       Busan         Cartagena     Colombo       Hamburg       Ho Chi Minh CityJakarta       Jebel Ali     Kaohsiung     Laem Chabang  Los Angeles   New Jersey    Piraeus       Qingdao       Rotterdam     Shanghai      Shenzhen      Singapore     Tanger Med    Tianjin       Xiamen        
----------------------------------------------------------------------------------------------------------------------------------------------------------------------------------------------------------------------------------------------------------------------------------------------------------
Busan             -             41            64            161           10            12            122           129           12            519           213           119           7             206           29            38            58            76            6             18            
Cartagena         27            -             66            41            15            20            63            24            18            104           33            41            39            55            124           101           65            36            25            28            
Colombo           48            52            -             134           13            18            64            46            18            78            99            92            45            200           85            94            31            97            18            52            
Hamburg           79            32            185           -             21            28            212           56            22            129           66            30            70            8             248           263           104           23            42            82            
Ho Chi Minh City  10            15            25            39            -             8             53            10            2             72            31            28            11            58            38            42            16            29            8             15            
Jakarta           17            16            34            53            4             -             60            15            6             83            48            56            13            88            47            51            6             27            10            18            
Jebel Ali         58            41            63            131           17            24            -             60            17            148           84            77            42            185           76            85            54            133           20            54            
Kaohsiung         19            18            19            80            7             12            37            -             10            261           81            42            12            86            29            18            25            38            10            8             
Laem Chabang      11            10            23            45            4             7             53            11            -             81            29            39            11            58            35            37            10            26            11            14            
Los Angeles       265           117           103           100           34            32            140           147           27            -             427           88            216           170           404           257           100           68            95            137           
New Jersey        88            43            143           73            15            23            110           78            15            455           -             56            77            79            258           232           71            21            35            72            
Piraeus           58            42            115           19            13            21            140           49            16            81            65            -             56            37            185           165           75            20            28            61            
Qingdao           18            34            32            95            8             11            58            16            8             446           121           81            -             121           9             9             30            55            15            0             
Rotterdam         128           57            251           5             38            49            319           92            37            165           103           25            109           -             347           352           146           28            50            116           
Shanghai          12            83            58            273           21            25            106           22            25            487           299           160           19            338           -             14            56            136           40            5             
Shenzhen          115           72            56            300           19            20            131           14            20            263           295           187           30            382           56            -             39            117           28            14            
Singapore         41            54            28            136           5             9             99            44            7             316           109           107           44            190           74            88            -             90            15            62            
Tanger Med        66            30            125           13            23            36            154           43            24            80            21            11            49            14            173           171           88            -             30            55            
Tianjin           15            22            27            72            5             7             60            10            6             197           87            56            3             122           11            7             29            42            -             0             
Xiamen            83            32            36            138           6             8             74            11            8             151           146           84            19            156           45            14            28            56            3             -             

Completed TEUs by Demand Matrix
------------------------------------------------------------
Origin Dest       Busan         Cartagena     Colombo       Hamburg       Ho Chi Minh CityJakarta       Jebel Ali     Kaohsiung     Laem Chabang  Los Angeles   New Jersey    Piraeus       Qingdao       Rotterdam     Shanghai      Shenzhen      Singapore     Tanger Med    Tianjin       Xiamen        
----------------------------------------------------------------------------------------------------------------------------------------------------------------------------------------------------------------------------------------------------------------------------------------------------------
Busan             -             109           515           470           58            97            747           2166          71            1414          728           377           578           589           1482          792           602           254           356           412           
Cartagena         57            -             166           332           36            46            203           39            35            150           867           237           81            499           292           228           162           424           46            56            
Colombo           410           189           -             590           193           235           1718          274           231           170           519           479           349           873           1184          992           872           465           103           334           
Hamburg           194           280           633           -             52            85            913           141           57            186           764           546           177           1004          722           662           348           837           96            185           
Ho Chi Minh City  71            41            224           123           -             219           374           53            169           160           109           101           71            172           393           363           600           99            38            93            
Jakarta           118           44            322           175           135           -             424           69            161           193           176           219           86            305           528           446           482           105           50            100           
Jebel Ali         389           129           1718          668           164           220           -             285           158           301           321           494           259           954           711           654           728           798           91            307           
Kaohsiung         855           40            137           199           42            79            206           -             61            1143          207           121           271           232           541           253           213           91            271           132           
Laem Chabang      87            31            239           143           81            238           385           60            -             171           110           148           80            181           386           339           556           91            59            86            
Los Angeles       924           179           258           153           76            96            375           343           59            -             731           156           718           294           1391          739           270           113           238           365           
New Jersey        250           1188          499           791           44            65            394           169           44            641           -             432           196           1033          778           666           259           379           75            175           
Piraeus           177           248           502           344           42            84            770           107           49            133           441           -             158           767           626           470           301           719           72            169           
Qingdao           389           78            312           259           64            105           418           346           62            1337          338           217           -             364           836           289           395           156           147           15            
Rotterdam         333           511           904           590           103           160           1395          214           106           234           1272          525           268           -             1009          925           491           1300          111           286           
Shanghai          938           245           777           904           227           326           974           624           239           1538          1144          627           822           1142          -             721           1224          479           504           321           
Shenzhen          1051          221           948           1052          246           336           1415          685           216           725           1283          777           235           1387          620           -             1299          465           191           102           
Singapore         452           189           941           515           306           671           1532          310           309           693           514           498           442           764           1654          1372          -             376           108           501           
Tanger Med        170           326           476           467           62            120           788           103           76            117           352           384           131           629           548           452           340           -             65            141           
Tianjin           288           43            247           198           40            72            423           169           45            490           238           169           331           351           615           204           353           122           -             13            
Xiamen            631           74            441           396           54            97            610           367           74            412           475           265           125           473           362           1442          506           168           10            -             


============================================================
Service Route Capacity and Utilization Statistics
============================================================
Route     Name                                Avg Capacity TEU     Avg Carried TEU    Utilization
-------------------------------------------------------------------------------------------------
S1        Asia-Europe-NorthEurope                      189,110              13,205          6.98%
S2        Intra-EastAsia                                11,271                 496          4.40%
S3        SEA-Feeder                                     6,973                 238          3.41%
S4        Transpacific-WestCoast                       126,032               5,370          4.26%
S5        Asia-US-East                                 114,977               3,690          3.21%
S6        Transatlantic-SouthConnector                  22,728                 872          3.84%
S7        IndianOcean-MiddleEast                         7,441                 448          6.01%
-------------------------------------------------------------------------------------------------
TOTAL                                                  478,531              24,318          5.08%


============================================================
Vessel Statistics
============================================================
Metric                                            Average Count
---------------------------------------------------------------
Average vessels sailing                                   36.72
Average vessels waiting for berth at port                  0.54
Average vessels being served at berth                      1.75
---------------------------------------------------------------
TOTAL average active/port vessels                         39.00


Period Result Output: Period 23 (Days 111-115)
Output Simulation Day: 115
Simulation Running Time: 00:08:36

Simulation Progress: Day 120 / 360
Simulation Clock Time: 0001-09-18 00:00:00


============================================================
Shipment Waiting for Loading Statistics
============================================================

TEUs by Demand Matrix
------------------------------------------------------------
Origin Dest       Busan         Cartagena     Colombo       Hamburg       Ho Chi Minh CityJakarta       Jebel Ali     Kaohsiung     Laem Chabang  Los Angeles   New Jersey    Piraeus       Qingdao       Rotterdam     Shanghai      Shenzhen      Singapore     Tanger Med    Tianjin       Xiamen        
----------------------------------------------------------------------------------------------------------------------------------------------------------------------------------------------------------------------------------------------------------------------------------------------------------
Busan             -             3             15            13            3             3             24            108           2             78            20            12            18            18            46            45            19            8             18            22            
Cartagena         3             -             9             20            2             2             11            2             2             8             50            16            4             25            15            12            10            21            2             4             
Colombo           11            6             -             17            13            15            112           10            16            8             20            17            11            29            36            35            60            16            3             11            
Hamburg           6             16            21            -             2             3             28            5             2             9             47            17            5             32            22            23            11            24            3             6             
Ho Chi Minh City  2             1             6             3             -             6             9             2             5             8             3             3             2             5             11            10            16            3             1             2             
Jakarta           3             1             8             4             3             -             11            2             4             8             4             6             2             8             14            13            13            2             1             3             
Jebel Ali         12            5             111           21            11            14            -             9             10            16            22            18            8             30            21            22            52            25            2             9             
Kaohsiung         49            3             9             13            3             5             13            -             4             46            14            8             16            13            34            16            13            6             17            7             
Laem Chabang      2             1             5             4             2             6             10            2             -             8             3             4             2             5             10            9             14            2             1             2             
Los Angeles       43            8             12            8             3             4             16            22            3             -             37            7             32            12            67            40            13            6             14            17            
New Jersey        9             65            19            47            2             3             20            7             2             35            -             25            7             55            28            26            10            19            3             7             
Piraeus           6             8             16            10            1             2             23            6             2             6             15            -             6             23            19            18            10            23            2             5             
Qingdao           17            4             16            15            4             4             21            19            3             74            21            15            -             17            39            14            20            11            7             1             
Rotterdam         9             28            29            18            3             5             44            7             3             14            78            15            9             -             34            29            14            40            4             8             
Shanghai          29            10            25            27            7             10            30            32            8             90            46            20            25            32            -             23            37            15            15            17            
Shenzhen          32            9             31            31            8             10            42            38            8             53            47            26            7             41            19            -             43            15            6             3             
Singapore         15            7             58            17            8             16            95            11            9             39            21            17            14            24            51            48            -             13            3             15            
Tanger Med        5             18            16            15            2             3             23            3             2             4             20            11            5             19            17            17            9             -             3             5             
Tianjin           13            4             15            12            2             4             21            8             2             32            14            10            17            17            33            11            17            6             -             1             
Xiamen            32            4             22            24            3             4             32            20            5             26            24            17            5             27            19            77            25            9             1             -             

Port-Level Shipment Waiting and Vessel Queue Statistics

Port                       Origin Waiting TEU   Transshipment Waiting TEU   Total Waiting TEU   Vessels Waiting
---------------------------------------------------------------------------------------------------------------
Busan                                     474                          92                 566              0.01
Cartagena                                 218                           0                 218              0.00
Colombo                                   447                          20                 467              0.01
Hamburg                                   281                           0                 281              0.00
Ho Chi Minh City                           98                           0                  98              0.05
Jakarta                                   111                           0                 111              0.05
Jebel Ali                                 417                           0                 417              0.00
Kaohsiung                                 288                          50                 338              0.33
Laem Chabang                               93                           0                  93              0.02
Los Angeles                               364                           0                 364              0.00
New Jersey                                389                         132                 521              0.00
Piraeus                                   202                           0                 202              0.00
Qingdao                                   323                          28                 351              0.01
Rotterdam                                 392                           0                 392              0.00
Shanghai                                  497                         997               1,494              0.00
Shenzhen                                  469                         147                 616              0.00
Singapore                                 481                         543               1,024              0.01
Tanger Med                                198                          92                 291              0.00
Tianjin                                   240                           0                 240              0.01
Xiamen                                    376                           0                 376              0.01
---------------------------------------------------------------------------------------------------------------
TOTAL                                   6,357                       2,103               8,460              0.52



============================================================
Shipment Being Transported Statistics
============================================================

Average TEUs in Transition by Demand Matrix
------------------------------------------------------------
Origin Dest       Busan         Cartagena     Colombo       Hamburg       Ho Chi Minh CityJakarta       Jebel Ali     Kaohsiung     Laem Chabang  Los Angeles   New Jersey    Piraeus       Qingdao       Rotterdam     Shanghai      Shenzhen      Singapore     Tanger Med    Tianjin       Xiamen        
----------------------------------------------------------------------------------------------------------------------------------------------------------------------------------------------------------------------------------------------------------------------------------------------------------
Busan             -             40            64            161           10            12            123           125           12            529           213           120           7             207           29            38            58            77            6             18            
Cartagena         27            -             66            42            15            20            63            24            18            105           34            42            39            55            125           100           65            36            25            28            
Colombo           48            52            -             134           14            19            63            46            19            79            98            91            46            201           84            94            30            98            18            52            
Hamburg           79            33            185           -             21            28            214           57            22            129           69            29            70            8             247           263           105           23            42            82            
Ho Chi Minh City  10            15            26            39            -             8             53            10            2             73            31            28            11            59            38            42            16            29            8             15            
Jakarta           17            16            34            53            3             -             61            14            5             85            48            56            13            87            46            50            6             28            10            18            
Jebel Ali         58            41            61            130           17            25            -             59            17            150           85            78            42            184           74            85            52            132           19            53            
Kaohsiung         19            18            19            82            7             12            36            -             10            261           82            43            12            87            28            18            25            38            10            8             
Laem Chabang      11            10            24            45            4             7             53            11            -             83            29            39            11            58            35            37            10            26            11            14            
Los Angeles       265           118           102           100           33            32            140           149           27            -             430           89            215           170           404           258           100           69            95            137           
New Jersey        88            42            142           73            15            23            109           78            15            457           -             58            77            77            258           232           71            21            35            72            
Piraeus           58            42            114           19            13            21            140           50            16            82            66            -             56            37            185           166           75            20            28            61            
Qingdao           18            34            32            97            8             11            58            16            8             450           122           82            -             121           9             9             30            58            15            0             
Rotterdam         128           57            251           5             37            49            319           91            37            167           104           25            110           -             347           352           145           28            50            115           
Shanghai          12            82            60            273           21            25            108           22            25            494           297           162           18            338           -             14            58            137           39            5             
Shenzhen          110           71            56            298           19            21            133           14            21            268           291           188           29            382           55            -             41            118           27            14            
Singapore         41            54            31            137           5             9             102           43            7             326           109           106           44            189           71            87            -             90            15            61            
Tanger Med        66            29            126           13            23            35            155           43            24            81            21            11            49            13            173           172           88            -             30            55            
Tianjin           15            23            27            75            5             7             60            10            6             201           88            57            3             123           11            7             29            43            -             0             
Xiamen            80            32            36            140           6             8             75            11            8             153           146           85            19            160           44            14            29            58            3             -             

Completed TEUs by Demand Matrix
------------------------------------------------------------
Origin Dest       Busan         Cartagena     Colombo       Hamburg       Ho Chi Minh CityJakarta       Jebel Ali     Kaohsiung     Laem Chabang  Los Angeles   New Jersey    Piraeus       Qingdao       Rotterdam     Shanghai      Shenzhen      Singapore     Tanger Med    Tianjin       Xiamen        
----------------------------------------------------------------------------------------------------------------------------------------------------------------------------------------------------------------------------------------------------------------------------------------------------------
Busan             -             109           515           470           69            97            821           2265          77            1844          728           392           597           589           1528          846           650           254           384           443           
Cartagena         57            -             186           373           36            46            203           39            35            150           956           237           81            507           292           228           189           424           48            56            
Colombo           410           189           -             590           193           235           1718          295           231           170           549           533           349           873           1214          1123          1001          465           110           385           
Hamburg           194           280           690           -             60            85            913           141           65            186           764           546           177           1004          743           749           348           873           99            211           
Ho Chi Minh City  71            41            257           123           -             219           374           56            174           160           109           105           71            172           393           389           625           99            45            97            
Jakarta           118           44            368           175           142           -             424           84            166           193           186           234           86            305           528           495           509           105           53            114           
Jebel Ali         389           129           1718          668           164           220           -             303           158           301           321           538           259           954           735           729           816           798           99            331           
Kaohsiung         855           40            137           199           47            79            218           -             62            1213          221           127           282           232           575           266           228           91            296           137           
Laem Chabang      87            31            264           143           85            238           385           62            -             171           110           155           80            181           386           363           592           91            66            86            
Los Angeles       924           179           258           153           82            96            388           343           63            -             778           170           742           294           1450          829           301           113           273           386           
New Jersey        250           1188          535           912           47            65            394           169           45            698           -             432           204           1040          820           697           274           379           80            187           
Piraeus           177           248           527           344           49            84            770           107           56            133           441           -             158           767           643           532           301           719           76            182           
Qingdao           389           78            312           259           70            105           449           360           66            1742          433           296           -             364           882           300           429           156           156           16            
Rotterdam         333           511           985           590           117           160           1395          214           115           234           1272          525           268           -             1037          1032          491           1381          119           314           
Shanghai          938           245           777           904           236           326           1071          659           258           2020          1196          658           844           1142          -             777           1312          479           563           338           
Shenzhen          1051          221           948           1052          259           336           1543          685           243           962           1335          828           252           1387          658           -             1386          465           204           111           
Singapore         452           189           1075          515           320           671           1532          332           326           693           535           524           442           764           1679          1538          -             376           113           550           
Tanger Med        170           326           526           467           72            120           788           103           81            117           352           384           131           629           561           522           340           -             76            151           
Tianjin           288           43            247           198           41            72            449           169           48            648           299           211           352           351           668           214           381           122           -             14            
Xiamen            631           74            441           396           57            97            689           367           79            539           589           345           137           473           378           1513          557           168           17            -             


============================================================
Service Route Capacity and Utilization Statistics
============================================================
Route     Name                                Avg Capacity TEU     Avg Carried TEU    Utilization
-------------------------------------------------------------------------------------------------
S1        Asia-Europe-NorthEurope                      189,209              13,227          6.99%
S2        Intra-EastAsia                                11,325                 496          4.38%
S3        SEA-Feeder                                     6,977                 239          3.42%
S4        Transpacific-WestCoast                       126,029               5,430          4.31%
S5        Asia-US-East                                 114,954               3,693          3.21%
S6        Transatlantic-SouthConnector                  22,699                 868          3.82%
S7        IndianOcean-MiddleEast                         7,429                 451          6.07%
-------------------------------------------------------------------------------------------------
TOTAL                                                  478,623              24,402          5.10%


============================================================
Vessel Statistics
============================================================
Metric                                            Average Count
---------------------------------------------------------------
Average vessels sailing                                   36.72
Average vessels waiting for berth at port                  0.52
Average vessels being served at berth                      1.76
---------------------------------------------------------------
TOTAL average active/port vessels                         39.00


Period Result Output: Period 24 (Days 116-120)
Output Simulation Day: 120
Simulation Running Time: 00:08:49

Simulation Progress: Day 125 / 360
Simulation Clock Time: 0001-09-23 00:00:00


============================================================
Shipment Waiting for Loading Statistics
============================================================

TEUs by Demand Matrix
------------------------------------------------------------
Origin Dest       Busan         Cartagena     Colombo       Hamburg       Ho Chi Minh CityJakarta       Jebel Ali     Kaohsiung     Laem Chabang  Los Angeles   New Jersey    Piraeus       Qingdao       Rotterdam     Shanghai      Shenzhen      Singapore     Tanger Med    Tianjin       Xiamen        
----------------------------------------------------------------------------------------------------------------------------------------------------------------------------------------------------------------------------------------------------------------------------------------------------------
Busan             -             3             15            13            2             3             24            105           2             77            20            12            18            18            45            44            18            8             17            22            
Cartagena         3             -             9             20            2             3             11            2             2             8             50            16            5             26            16            13            10            21            2             4             
Colombo           11            6             -             17            13            15            110           11            16            8             20            17            11            29            37            35            62            16            3             11            
Hamburg           6             16            21            -             2             3             29            5             2             9             47            17            6             32            22            23            11            25            3             6             
Ho Chi Minh City  2             1             6             3             -             6             9             2             5             8             3             3             2             5             11            11            16            3             1             2             
Jakarta           3             1             8             4             3             -             11            2             4             8             4             6             2             8             14            13            13            2             1             3             
Jebel Ali         11            5             113           21            10            14            -             9             10            16            22            18            8             30            20            21            52            25            2             9             
Kaohsiung         48            3             9             13            3             4             12            -             4             45            14            7             16            13            33            15            13            6             17            6             
Laem Chabang      2             1             5             4             2             6             10            2             -             8             3             4             3             5             10            10            14            2             1             2             
Los Angeles       43            8             12            8             3             4             16            22            3             -             37            7             32            12            66            40            13            6             14            17            
New Jersey        8             68            19            47            2             3             20            7             2             35            -             25            7             54            29            26            10            19            3             7             
Piraeus           6             8             15            10            2             2             23            6             2             6             15            -             6             23            19            18            10            23            2             5             
Qingdao           17            4             16            15            4             4             21            19            3             72            21            15            -             17            38            14            20            11            7             1             
Rotterdam         9             28            30            18            3             5             45            7             3             14            77            15            9             -             34            31            15            40            4             8             
Shanghai          29            10            25            28            7             10            31            31            8             88            45            21            24            33            -             23            38            15            15            17            
Shenzhen          32            9             31            32            8             10            42            37            8             51            46            26            7             41            19            -             43            15            6             3             
Singapore         15            7             57            17            8             16            95            10            9             38            21            17            14            23            49            47            -             13            3             15            
Tanger Med        5             18            16            15            2             3             23            3             2             4             20            12            5             19            18            17            10            -             3             5             
Tianjin           13            4             15            12            2             4             21            8             2             32            14            10            17            17            33            11            17            6             -             1             
Xiamen            31            4             22            23            3             4             32            19            5             25            24            17            5             26            19            76            25            9             1             -             

Port-Level Shipment Waiting and Vessel Queue Statistics

Port                       Origin Waiting TEU   Transshipment Waiting TEU   Total Waiting TEU   Vessels Waiting
---------------------------------------------------------------------------------------------------------------
Busan                                     467                          91                 558              0.01
Cartagena                                 221                           0                 221              0.00
Colombo                                   448                          19                 468              0.01
Hamburg                                   284                           0                 284              0.00
Ho Chi Minh City                           97                           0                  97              0.05
Jakarta                                   110                           0                 110              0.06
Jebel Ali                                 418                           0                 418              0.00
Kaohsiung                                 281                          50                 331              0.32
Laem Chabang                               94                           0                  94              0.02
Los Angeles                               362                           0                 362              0.00
New Jersey                                390                         138                 529              0.00
Piraeus                                   199                           0                 199              0.00
Qingdao                                   319                          28                 347              0.01
Rotterdam                                 397                           0                 397              0.00
Shanghai                                  498                         984               1,481              0.00
Shenzhen                                  468                         151                 619              0.00
Singapore                                 475                         538               1,013              0.01
Tanger Med                                199                          92                 291              0.00
Tianjin                                   238                           0                 238              0.01
Xiamen                                    371                           0                 371              0.01
---------------------------------------------------------------------------------------------------------------
TOTAL                                   6,338                       2,091               8,429              0.51



============================================================
Shipment Being Transported Statistics
============================================================

Average TEUs in Transition by Demand Matrix
------------------------------------------------------------
Origin Dest       Busan         Cartagena     Colombo       Hamburg       Ho Chi Minh CityJakarta       Jebel Ali     Kaohsiung     Laem Chabang  Los Angeles   New Jersey    Piraeus       Qingdao       Rotterdam     Shanghai      Shenzhen      Singapore     Tanger Med    Tianjin       Xiamen        
----------------------------------------------------------------------------------------------------------------------------------------------------------------------------------------------------------------------------------------------------------------------------------------------------------
Busan             -             40            63            161           10            12            123           123           12            534           213           120           7             207           29            38            58            77            6             18            
Cartagena         27            -             66            42            15            20            63            23            18            105           33            41            39            55            124           100           64            36            25            27            
Colombo           47            52            -             134           14            18            67            45            19            81            98            90            45            202           84            94            29            98            18            50            
Hamburg           78            33            184           -             21            28            214           56            22            130           71            29            70            8             246           262           105           23            42            81            
Ho Chi Minh City  10            15            26            39            -             8             53            9             2             75            31            28            11            60            39            43            15            29            8             14            
Jakarta           17            16            33            53            4             -             62            14            6             88            47            56            13            87            47            51            6             28            10            18            
Jebel Ali         57            41            63            129           17            24            -             58            17            153           86            78            42            184           74            84            52            131           19            52            
Kaohsiung         19            19            19            83            8             12            36            -             10            260           83            44            12            89            29            18            25            39            10            8             
Laem Chabang      11            11            23            46            4             7             53            11            -             84            29            38            11            59            35            38            10            26            11            14            
Los Angeles       265           119           101           101           33            32            140           149           28            -             432           89            215           169           403           259           100           69            95            136           
New Jersey        87            40            141           74            15            23            110           77            15            458           -             57            77            78            257           232           71            21            36            72            
Piraeus           58            42            114           19            13            21            139           50            16            83            68            -             56            37            186           168           75            20            28            60            
Qingdao           18            34            32            98            8             11            58            15            8             450           121           81            -             121           9             8             30            58            15            0             
Rotterdam         127           57            250           5             37            49            317           90            37            169           107           24            110           -             347           351           144           28            51            113           
Shanghai          11            82            60            272           21            24            108           21            25            495           297           163           18            338           -             14            56            137           38            5             
Shenzhen          107           71            56            298           19            20            133           14            21            270           290           189           29            381           55            -             40            118           27            14            
Singapore         40            54            29            138           5             9             104           42            8             336           109           106           44            190           72            88            -             91            15            59            
Tanger Med        65            31            126           14            23            35            154           42            24            81            22            10            50            14            173           172           87            -             30            54            
Tianjin           14            23            27            76            5             7             60            9             6             203           89            57            3             124           11            7             29            43            -             0             
Xiamen            77            33            36            142           6             8             74            10            8             153           145           85            18            162           43            13            30            58            3             -             

Completed TEUs by Demand Matrix
------------------------------------------------------------
Origin Dest       Busan         Cartagena     Colombo       Hamburg       Ho Chi Minh CityJakarta       Jebel Ali     Kaohsiung     Laem Chabang  Los Angeles   New Jersey    Piraeus       Qingdao       Rotterdam     Shanghai      Shenzhen      Singapore     Tanger Med    Tianjin       Xiamen        
----------------------------------------------------------------------------------------------------------------------------------------------------------------------------------------------------------------------------------------------------------------------------------------------------------
Busan             -             109           546           490           76            100           821           2374          86            1988          773           422           613           626           1602          846           681           269           406           443           
Cartagena         57            -             207           373           45            56            203           39            41            177           956           284           81            507           339           258           189           458           48            56            
Colombo           448           189           -             625           221           275           1965          309           265           212           577           551           390           930           1214          1123          1001          523           119           385           
Hamburg           221           280           751           -             64            85            990           155           69            214           764           569           198           1063          743           749           369           873           112           211           
Ho Chi Minh City  75            41            257           130           -             230           417           56            184           198           115           118           78            189           393           389           625           111           51            97            
Jakarta           126           44            368           182           154           -             510           84            176           236           191           241           97            314           528           495           534           120           58            114           
Jebel Ali         438           129           1718          700           190           246           -             308           174           306           381           591           283           1013          735           729           816           855           106           331           
Kaohsiung         906           40            145           212           49            87            218           -             68            1283          279           159           304           243           575           266           228           96            310           137           
Laem Chabang      91            31            264           153           88            250           421           62            -             212           117           169           83            200           386           363           592           101           67            86            
Los Angeles       958           179           289           161           92            106           388           400           72            -             851           189           764           304           1450          829           301           124           283           386           
New Jersey        257           1188          572           912           50            76            394           169           51            756           -             496           216           1040          871           721           274           412           88            187           
Piraeus           188           248           564           375           54            84            816           140           61            150           441           -             169           820           643           532           324           799           82            182           
Qingdao           409           78            329           328           74            116           449           382           71            1821          461           319           -             431           882           300           429           213           177           16            
Rotterdam         368           511           1057          633           125           160           1486          237           120           265           1272          546           293           -             1037          1032          528           1381          131           314           
Shanghai          983           245           854           947           259           343           1071          689           277           2123          1257          707           877           1213          -             777           1336          541           573           338           
Shenzhen          1129          221           1016          1102          290           360           1543          735           275           1027          1387          884           262           1465          658           -             1419          497           220           111           
Singapore         502           189           1075          564           333           706           1739          341           341           969           573           558           486           818           1679          1538          -             424           127           550           
Tanger Med        191           326           551           513           77            120           836           119           87            137           352           403           142           670           561           522           366           -             81            151           
Tianjin           304           43            263           253           45            76            449           180           51            713           322           229           368           419           668           214           381           152           -             14            
Xiamen            655           74            459           500           62            100           689           393           83            574           615           371           144           593           378           1513          557           212           18            -             


============================================================
Service Route Capacity and Utilization Statistics
============================================================
Route     Name                                Avg Capacity TEU     Avg Carried TEU    Utilization
-------------------------------------------------------------------------------------------------
S1        Asia-Europe-NorthEurope                      189,108              13,210          6.99%
S2        Intra-EastAsia                                11,409                 495          4.34%
S3        SEA-Feeder                                     6,968                 241          3.46%
S4        Transpacific-WestCoast                       126,086               5,468          4.34%
S5        Asia-US-East                                 114,943               3,694          3.21%
S6        Transatlantic-SouthConnector                  22,741                 874          3.84%
S7        IndianOcean-MiddleEast                         7,431                 454          6.11%
-------------------------------------------------------------------------------------------------
TOTAL                                                  478,686              24,437          5.10%


============================================================
Vessel Statistics
============================================================
Metric                                            Average Count
---------------------------------------------------------------
Average vessels sailing                                   36.73
Average vessels waiting for berth at port                  0.51
Average vessels being served at berth                      1.76
---------------------------------------------------------------
TOTAL average active/port vessels                         39.00


Period Result Output: Period 25 (Days 121-125)
Output Simulation Day: 125
Simulation Running Time: 00:09:02

Simulation Progress: Day 130 / 360
Simulation Clock Time: 0001-09-28 00:00:00


============================================================
Shipment Waiting for Loading Statistics
============================================================

TEUs by Demand Matrix
------------------------------------------------------------
Origin Dest       Busan         Cartagena     Colombo       Hamburg       Ho Chi Minh CityJakarta       Jebel Ali     Kaohsiung     Laem Chabang  Los Angeles   New Jersey    Piraeus       Qingdao       Rotterdam     Shanghai      Shenzhen      Singapore     Tanger Med    Tianjin       Xiamen        
----------------------------------------------------------------------------------------------------------------------------------------------------------------------------------------------------------------------------------------------------------------------------------------------------------
Busan             -             3             16            14            3             3             25            106           3             79            21            13            18            19            47            43            19            8             17            22            
Cartagena         4             -             10            20            2             3             11            2             2             8             51            16            5             27            16            14            10            22            2             4             
Colombo           12            6             -             17            13            15            112           11            16            8             20            16            11            29            37            36            61            16            3             10            
Hamburg           6             17            20            -             2             3             29            5             2             9             46            16            6             32            22            23            11            24            3             5             
Ho Chi Minh City  2             1             6             3             -             6             9             2             5             8             3             3             2             5             11            11            16            3             1             2             
Jakarta           3             1             8             4             3             -             11            3             4             8             4             6             2             8             14            13            12            2             1             3             
Jebel Ali         11            5             111           21            10            14            -             9             10            16            22            18            8             29            20            22            51            25            2             9             
Kaohsiung         48            3             9             13            3             4             12            -             4             45            14            7             16            12            32            15            12            6             16            6             
Laem Chabang      2             1             6             4             2             6             10            2             -             8             3             4             3             5             10            10            14            2             1             2             
Los Angeles       43            8             12            8             3             4             16            21            3             -             36            7             31            11            64            39            13            6             14            16            
New Jersey        8             68            19            48            2             3             21            7             2             35            -             25            7             54            28            26            10            19            3             7             
Piraeus           6             8             16            10            2             2             25            6             2             6             15            -             6             22            20            19            10            23            2             5             
Qingdao           17            4             15            15            4             4             21            19            3             73            20            15            -             16            37            14            19            11            7             1             
Rotterdam         9             28            29            18            3             5             44            7             3             13            77            15            9             -             34            30            15            39            4             8             
Shanghai          30            10            25            28            7             10            31            30            8             89            45            21            25            33            -             23            38            15            16            17            
Shenzhen          32            10            31            33            8             10            42            36            8             51            45            26            7             41            19            -             43            15            6             3             
Singapore         15            7             59            17            8             16            98            10            9             37            20            17            14            24            48            47            -             13            3             15            
Tanger Med        5             18            16            15            2             3             23            3             2             4             20            12            5             19            18            16            10            -             3             5             
Tianjin           13            4             15            12            2             4             21            8             2             31            14            10            16            17            32            11            17            6             -             1             
Xiamen            31            4             21            23            3             4             31            19            5             24            24            17            5             25            18            75            25            9             1             -             

Port-Level Shipment Waiting and Vessel Queue Statistics

Port                       Origin Waiting TEU   Transshipment Waiting TEU   Total Waiting TEU   Vessels Waiting
---------------------------------------------------------------------------------------------------------------
Busan                                     478                          87                 565              0.01
Cartagena                                 229                           0                 229              0.00
Colombo                                   449                          20                 469              0.01
Hamburg                                   280                           0                 280              0.00
Ho Chi Minh City                           98                           0                  98              0.04
Jakarta                                   110                           0                 110              0.06
Jebel Ali                                 414                           0                 414              0.00
Kaohsiung                                 277                          52                 329              0.31
Laem Chabang                               94                           0                  94              0.02
Los Angeles                               355                           0                 355              0.00
New Jersey                                392                         133                 525              0.00
Piraeus                                   202                           0                 202              0.00
Qingdao                                   316                          29                 345              0.01
Rotterdam                                 391                           0                 391              0.00
Shanghai                                  501                         991               1,492              0.00
Shenzhen                                  466                         157                 623              0.00
Singapore                                 479                         534               1,013              0.01
Tanger Med                                198                          94                 292              0.00
Tianjin                                   235                           0                 235              0.01
Xiamen                                    365                           0                 365              0.02
---------------------------------------------------------------------------------------------------------------
TOTAL                                   6,328                       2,096               8,425              0.50



============================================================
Shipment Being Transported Statistics
============================================================

Average TEUs in Transition by Demand Matrix
------------------------------------------------------------
Origin Dest       Busan         Cartagena     Colombo       Hamburg       Ho Chi Minh CityJakarta       Jebel Ali     Kaohsiung     Laem Chabang  Los Angeles   New Jersey    Piraeus       Qingdao       Rotterdam     Shanghai      Shenzhen      Singapore     Tanger Med    Tianjin       Xiamen        
----------------------------------------------------------------------------------------------------------------------------------------------------------------------------------------------------------------------------------------------------------------------------------------------------------
Busan             -             40            61            160           10            11            121           118           12            533           212           119           7             205           28            38            56            78            5             18            
Cartagena         27            -             65            41            14            19            63            23            18            104           31            40            39            54            123           98            63            34            24            27            
Colombo           47            52            -             133           14            18            64            45            19            81            98            90            44            203           84            94            31            98            17            49            
Hamburg           78            34            183           -             21            29            216           56            22            130           70            29            70            8             245           262           105           23            42            80            
Ho Chi Minh City  10            16            26            39            -             8             53            10            2             75            31            27            11            61            38            43            15            29            8             14            
Jakarta           16            16            34            53            4             -             61            14            6             89            47            56            13            86            47            51            6             28            10            18            
Jebel Ali         57            42            65            129           17            25            -             58            17            156           86            78            42            184           74            84            54            130           19            52            
Kaohsiung         19            20            19            85            8             12            36            -             10            258           82            44            12            90            28            18            26            40            10            8             
Laem Chabang      11            11            24            45            4             7             53            10            -             85            29            38            11            59            35            38            10            26            11            14            
Los Angeles       268           120           101           102           33            32            139           150           28            -             433           89            216           169           405           262           100           69            95            136           
New Jersey        87            43            141           73            15            23            110           77            15            459           -             56            77            76            257           232           71            20            36            73            
Piraeus           58            43            113           19            13            21            138           51            16            84            69            -             57            36            185           168           74            20            27            60            
Qingdao           18            35            33            97            8             11            59            15            8             448           120           81            -             120           9             9             30            58            15            0             
Rotterdam         127           57            249           5             37            49            318           90            37            171           105           25            110           -             348           352           143           28            51            112           
Shanghai          11            81            59            272           21            24            108           21            25            494           296           165           17            336           -             14            58            137           36            5             
Shenzhen          105           71            56            298           19            20            132           13            21            270           288           189           28            381           53            -             40            118           26            13            
Singapore         41            54            28            137           5             9             100           42            8             337           109           105           44            190           70            89            -             91            15            58            
Tanger Med        65            32            126           14            22            34            154           42            24            81            21            11            50            14            172           173           87            -             30            54            
Tianjin           15            24            27            76            5             7             59            10            6             203           89            57            3             123           11            7             30            42            -             0             
Xiamen            75            33            37            142           6             8             75            10            8             153           144           85            18            163           42            14            31            58            3             -             

Completed TEUs by Demand Matrix
------------------------------------------------------------
Origin Dest       Busan         Cartagena     Colombo       Hamburg       Ho Chi Minh CityJakarta       Jebel Ali     Kaohsiung     Laem Chabang  Los Angeles   New Jersey    Piraeus       Qingdao       Rotterdam     Shanghai      Shenzhen      Singapore     Tanger Med    Tianjin       Xiamen        
----------------------------------------------------------------------------------------------------------------------------------------------------------------------------------------------------------------------------------------------------------------------------------------------------------
Busan             -             109           568           519           76            104           918           2374          86            1988          773           422           613           665           1602          905           708           269           406           470           
Cartagena         57            -             207           414           45            59            216           44            41            177           956           296           81            558           339           258           200           458           48            65            
Colombo           448           189           -             638           221           275           1965          309           265           212           577           551           390           1002          1289          1190          1001          545           119           403           
Hamburg           221           280           751           -             64            95            1035          158           69            214           897           599           198           1086          802           819           404           954           112           225           
Ho Chi Minh City  75            41            257           139           -             243           417           56            184           198           115           118           78            222           434           443           654           119           51            104           
Jakarta           126           44            368           192           154           -             510           84            176           236           191           241           97            333           557           524           559           120           58            122           
Jebel Ali         438           129           1983          720           190           246           -             308           174           306           381           591           283           1078          769           776           816           883           106           347           
Kaohsiung         906           40            145           212           49            87            234           -             68            1283          279           159           304           294           610           284           247           126           310           148           
Laem Chabang      91            31            264           164           88            267           421           62            -             212           117           169           83            220           422           415           624           107           67            98            
Los Angeles       958           179           289           161           92            106           417           416           72            -             851           189           764           332           1450          851           315           130           283           400           
New Jersey        257           1188          572           1008          50            80            415           194           51            756           -             534           216           1122          871           721           286           412           88            206           
Piraeus           188           248           564           384           54            88            863           140           61            150           502           -             169           851           704           594           334           826           82            195           
Qingdao           409           78            329           328           74            116           478           382           71            1821          461           319           -             454           914           329           445           236           177           18            
Rotterdam         368           511           1057          643           125           170           1565          242           120           265           1440          582           293           -             1097          1109          558           1489          131           326           
Shanghai          983           245           885           978           259           351           1170          689           277           2123          1257          707           877           1301          -             830           1445          562           573           368           
Shenzhen          1129          221           1040          1124          290           367           1671          770           275           1027          1387          884           262           1569          705           -             1508          512           220           118           
Singapore         502           189           1075          584           333           752           1739          341           341           969           573           558           486           859           1772          1664          -             434           127           578           
Tanger Med        191           326           551           540           77            123           888           119           87            137           390           432           142           710           598           551           377           -             81            159           
Tianjin           304           43            263           253           45            76            477           195           51            713           322           229           368           450           721           220           405           161           -             14            
Xiamen            655           74            459           500           62            100           718           419           83            574           615           371           144           637           405           1619          596           235           18            -             


============================================================
Service Route Capacity and Utilization Statistics
============================================================
Route     Name                                Avg Capacity TEU     Avg Carried TEU    Utilization
-------------------------------------------------------------------------------------------------
S1        Asia-Europe-NorthEurope                      189,056              13,191          6.98%
S2        Intra-EastAsia                                11,459                 493          4.30%
S3        SEA-Feeder                                     6,978                 239          3.42%
S4        Transpacific-WestCoast                       126,222               5,482          4.34%
S5        Asia-US-East                                 114,983               3,685          3.20%
S6        Transatlantic-SouthConnector                  22,736                 870          3.82%
S7        IndianOcean-MiddleEast                         7,439                 453          6.09%
-------------------------------------------------------------------------------------------------
TOTAL                                                  478,874              24,411          5.10%


============================================================
Vessel Statistics
============================================================
Metric                                            Average Count
---------------------------------------------------------------
Average vessels sailing                                   36.75
Average vessels waiting for berth at port                  0.50
Average vessels being served at berth                      1.75
---------------------------------------------------------------
TOTAL average active/port vessels                         39.00


Period Result Output: Period 26 (Days 126-130)
Output Simulation Day: 130
Simulation Running Time: 00:09:12

Simulation Progress: Day 135 / 360
Simulation Clock Time: 0001-10-03 00:00:00


============================================================
Shipment Waiting for Loading Statistics
============================================================

TEUs by Demand Matrix
------------------------------------------------------------
Origin Dest       Busan         Cartagena     Colombo       Hamburg       Ho Chi Minh CityJakarta       Jebel Ali     Kaohsiung     Laem Chabang  Los Angeles   New Jersey    Piraeus       Qingdao       Rotterdam     Shanghai      Shenzhen      Singapore     Tanger Med    Tianjin       Xiamen        
----------------------------------------------------------------------------------------------------------------------------------------------------------------------------------------------------------------------------------------------------------------------------------------------------------
Busan             -             4             17            15            3             3             28            111           3             84            23            14            20            20            51            42            20            9             17            22            
Cartagena         4             -             11            21            2             3             11            2             2             8             54            17            5             30            17            15            11            23            2             4             
Colombo           12            7             -             17            13            15            113           11            15            8             19            17            11            29            37            36            61            16            3             10            
Hamburg           6             18            20            -             2             3             28            5             2             9             45            16            5             31            22            23            11            24            3             5             
Ho Chi Minh City  2             1             6             3             -             6             9             2             5             8             3             3             2             5             10            11            16            3             1             2             
Jakarta           3             1             8             4             3             -             12            3             4             8             4             6             2             8             14            13            13            2             1             3             
Jebel Ali         12            5             112           21            10            15            -             10            10            16            22            18            8             30            21            22            52            24            2             10            
Kaohsiung         47            3             9             12            3             4             12            -             4             47            14            7             16            12            32            15            12            6             16            6             
Laem Chabang      2             1             6             4             2             6             10            2             -             8             3             4             3             5             10            10            14            2             1             2             
Los Angeles       42            9             12            8             3             4             15            21            3             -             35            7             31            11            63            38            13            5             13            16            
New Jersey        8             70            19            50            2             3             22            7             2             34            -             26            7             56            29            26            10            21            3             7             
Piraeus           6             8             15            10            2             2             24            6             2             6             15            -             6             23            19            18            10            23            2             5             
Qingdao           17            5             15            15            4             4             21            20            3             76            20            15            -             16            37            13            19            10            7             1             
Rotterdam         9             29            28            18            3             5             43            7             3             13            76            15            9             -             33            29            14            39            4             8             
Shanghai          33            10            25            29            7             10            31            31            8             92            44            21            27            33            -             23            38            15            18            16            
Shenzhen          32            10            31            33            8             10            43            36            8             50            44            27            7             42            19            -             43            15            6             3             
Singapore         15            8             58            17            8             16            96            10            9             37            20            17            14            24            50            48            -             13            3             15            
Tanger Med        5             18            16            15            2             3             22            3             2             4             19            11            5             19            17            16            9             -             3             5             
Tianjin           13            4             14            12            2             4             21            8             2             31            14            9             16            17            32            11            17            6             -             1             
Xiamen            31            4             21            23            3             4             31            19            5             24            23            16            6             25            18            75            24            9             1             -             

Port-Level Shipment Waiting and Vessel Queue Statistics

Port                       Origin Waiting TEU   Transshipment Waiting TEU   Total Waiting TEU   Vessels Waiting
---------------------------------------------------------------------------------------------------------------
Busan                                     503                          84                 587              0.01
Cartagena                                 242                           0                 242              0.00
Colombo                                   450                          19                 469              0.01
Hamburg                                   276                           0                 276              0.00
Ho Chi Minh City                           96                           0                  96              0.04
Jakarta                                   111                           0                 111              0.06
Jebel Ali                                 420                           0                 420              0.00
Kaohsiung                                 276                          62                 338              0.29
Laem Chabang                               94                           0                  94              0.02
Los Angeles                               349                           0                 349              0.00
New Jersey                                402                         130                 531              0.00
Piraeus                                   202                           0                 202              0.00
Qingdao                                   317                          30                 347              0.01
Rotterdam                                 387                           0                 387              0.00
Shanghai                                  511                       1,011               1,522              0.00
Shenzhen                                  469                         159                 627              0.00
Singapore                                 479                         534               1,013              0.01
Tanger Med                                196                          91                 287              0.00
Tianjin                                   232                           0                 232              0.01
Xiamen                                    363                           0                 363              0.02
---------------------------------------------------------------------------------------------------------------
TOTAL                                   6,373                       2,120               8,493              0.49



============================================================
Shipment Being Transported Statistics
============================================================

Average TEUs in Transition by Demand Matrix
------------------------------------------------------------
Origin Dest       Busan         Cartagena     Colombo       Hamburg       Ho Chi Minh CityJakarta       Jebel Ali     Kaohsiung     Laem Chabang  Los Angeles   New Jersey    Piraeus       Qingdao       Rotterdam     Shanghai      Shenzhen      Singapore     Tanger Med    Tianjin       Xiamen        
----------------------------------------------------------------------------------------------------------------------------------------------------------------------------------------------------------------------------------------------------------------------------------------------------------
Busan             -             40            59            158           10            11            117           114           12            529           210           119           6             204           27            38            54            78            6             18            
Cartagena         27            -             64            39            14            19            62            23            17            104           30            38            40            52            121           96            62            33            24            26            
Colombo           48            53            -             133           14            18            65            45            20            82            98            90            44            203           84            95            30            98            17            49            
Hamburg           78            35            182           -             21            29            219           57            22            130           70            28            71            8             246           261           105           23            42            79            
Ho Chi Minh City  10            16            27            39            -             8             53            10            2             76            31            27            12            61            38            44            15            28            8             14            
Jakarta           16            16            34            53            4             -             61            14            6             91            47            57            13            86            47            52            6             29            10            17            
Jebel Ali         57            42            63            128           17            25            -             57            17            159           85            79            43            183           73            84            53            129           19            51            
Kaohsiung         18            20            20            84            8             13            36            -             10            254           81            44            12            90            28            18            26            40            10            8             
Laem Chabang      11            11            24            45            4             7             53            11            -             86            29            39            12            59            34            38            10            25            10            14            
Los Angeles       272           122           101           102           33            33            140           152           28            -             434           89            218           168           408           265           101           69            95            136           
New Jersey        88            46            142           70            15            23            109           76            15            460           -             54            78            73            256           231           71            20            36            73            
Piraeus           59            43            112           18            13            21            139           51            16            85            69            -             57            35            185           169           75            20            27            60            
Qingdao           19            35            34            97            8             11            60            14            8             444           119           81            -             118           9             9             31            58            14            0             
Rotterdam         128           58            248           5             36            50            319           90            37            173           105           25            112           -             349           353           143           28            52            111           
Shanghai          11            81            59            272           21            24            108           20            25            489           295           168           16            335           -             14            57            137           35            5             
Shenzhen          101           71            56            298           19            20            133           13            21            273           288           191           27            380           52            -             40            119           25            13            
Singapore         42            54            30            137           5             9             102           42            8             339           109           106           44            191           69            88            -             91            15            56            
Tanger Med        65            33            127           14            22            34            154           41            24            81            21            11            51            14            173           173           88            -             30            54            
Tianjin           16            25            27            77            5             7             60            10            7             203           89            56            3             123           11            7             30            42            -             0             
Xiamen            73            34            38            141           6             8             76            10            9             153           143           85            18            162           41            14            32            58            3             -             

Completed TEUs by Demand Matrix
------------------------------------------------------------
Origin Dest       Busan         Cartagena     Colombo       Hamburg       Ho Chi Minh CityJakarta       Jebel Ali     Kaohsiung     Laem Chabang  Los Angeles   New Jersey    Piraeus       Qingdao       Rotterdam     Shanghai      Shenzhen      Singapore     Tanger Med    Tianjin       Xiamen        
----------------------------------------------------------------------------------------------------------------------------------------------------------------------------------------------------------------------------------------------------------------------------------------------------------
Busan             -             109           580           519           76            108           918           2374          86            2069          818           473           613           665           1602          905           708           269           432           509           
Cartagena         57            -             207           414           47            59            216           44            46            177           956           296           81            558           359           281           200           458           48            69            
Colombo           448           189           -             661           221           306           1965          309           265           212           609           587           390           1002          1348          1262          1137          545           119           423           
Hamburg           221           280           791           -             66            100           1035          158           75            214           897           607           198           1111          838           855           404           982           112           232           
Ho Chi Minh City  75            41            293           139           -             258           417           56            191           198           130           125           78            222           457           476           684           119           51            109           
Jakarta           126           44            412           192           164           -             510           84            188           236           200           268           97            333           590           565           559           120           58            127           
Jebel Ali         438           129           1983          749           190           277           -             308           174           306           381           640           283           1078          812           808           933           883           106           367           
Kaohsiung         970           40            157           273           49            91            234           -             68            1314          296           171           328           294           641           284           247           126           326           159           
Laem Chabang      91            31            297           172           91            278           421           62            -             212           128           174           83            220           452           445           663           107           67            107           
Los Angeles       958           179           295           173           92            111           417           416           72            -             899           198           764           332           1450          851           315           130           283           400           
New Jersey        257           1188          572           1008          55            80            415           194           52            756           -             534           216           1122          918           771           286           412           88            214           
Piraeus           188           248           588           387           54            91            863           140           63            150           502           -             169           851           741           643           334           826           82            204           
Qingdao           409           78            361           350           74            124           478           382           71            1880          485           329           -             454           961           329           445           236           184           19            
Rotterdam         368           511           1108          655           133           180           1565          242           127           265           1440          593           293           -             1159          1172          558           1528          131           333           
Shanghai          983           245           928           1028          259           373           1170          689           277           2219          1354          775           877           1301          -             875           1445          562           573           394           
Shenzhen          1214          221           1104          1179          290           388           1671          770           275           1027          1459          957           279           1569          735           -             1508          512           232           121           
Singapore         502           189           1191          608           347           805           1739          341           370           969           617           601           486           859           1822          1754          -             434           127           600           
Tanger Med        191           326           581           560           79            131           888           119           91            137           390           442           142           710           647           585           377           -             81            166           
Tianjin           304           43            277           274           45            77            477           195           51            762           343           241           390           450           761           220           405           161           -             15            
Xiamen            692           74            488           526           62            103           718           419           83            574           648           389           160           637           422           1619          596           235           20            -             


============================================================
Service Route Capacity and Utilization Statistics
============================================================
Route     Name                                Avg Capacity TEU     Avg Carried TEU    Utilization
-------------------------------------------------------------------------------------------------
S1        Asia-Europe-NorthEurope                      189,101              13,174          6.97%
S2        Intra-EastAsia                                11,502                 490          4.26%
S3        SEA-Feeder                                     6,974                 239          3.43%
S4        Transpacific-WestCoast                       126,354               5,496          4.35%
S5        Asia-US-East                                 114,988               3,672          3.19%
S6        Transatlantic-SouthConnector                  22,774                 871          3.83%
S7        IndianOcean-MiddleEast                         7,430                 454          6.11%
-------------------------------------------------------------------------------------------------
TOTAL                                                  479,124              24,396          5.09%


============================================================
Vessel Statistics
============================================================
Metric                                            Average Count
---------------------------------------------------------------
Average vessels sailing                                   36.77
Average vessels waiting for berth at port                  0.49
Average vessels being served at berth                      1.74
---------------------------------------------------------------
TOTAL average active/port vessels                         39.00


Period Result Output: Period 27 (Days 131-135)
Output Simulation Day: 135
Simulation Running Time: 00:09:23

Simulation Progress: Day 140 / 360
Simulation Clock Time: 0001-10-08 00:00:00


============================================================
Shipment Waiting for Loading Statistics
============================================================

TEUs by Demand Matrix
------------------------------------------------------------
Origin Dest       Busan         Cartagena     Colombo       Hamburg       Ho Chi Minh CityJakarta       Jebel Ali     Kaohsiung     Laem Chabang  Los Angeles   New Jersey    Piraeus       Qingdao       Rotterdam     Shanghai      Shenzhen      Singapore     Tanger Med    Tianjin       Xiamen        
----------------------------------------------------------------------------------------------------------------------------------------------------------------------------------------------------------------------------------------------------------------------------------------------------------
Busan             -             4             18            17            3             3             32            119           3             90            26            15            22            22            56            42            22            10            17            21            
Cartagena         5             -             11            21            2             3             12            3             2             9             57            18            6             32            18            16            11            24            2             4             
Colombo           13            7             -             17            14            15            111           11            16            8             19            17            12            29            38            37            63            16            3             11            
Hamburg           6             19            20            -             2             3             30            5             2             9             46            16            5             32            22            23            11            24            3             5             
Ho Chi Minh City  2             1             6             3             -             6             9             2             5             8             3             3             2             5             10            11            16            3             1             2             
Jakarta           3             1             8             4             3             -             12            3             4             8             4             6             2             8             14            13            13            2             1             3             
Jebel Ali         12            5             112           21            10            15            -             9             10            16            22            18            8             30            21            22            52            24            2             9             
Kaohsiung         46            4             8             12            3             4             12            -             4             50            13            7             15            12            31            15            12            6             16            6             
Laem Chabang      2             1             6             4             2             6             10            2             -             8             3             4             2             5             10            10            14            2             1             2             
Los Angeles       42            10            12            8             3             4             15            21            3             -             34            7             31            11            62            38            13            5             13            16            
New Jersey        8             74            19            53            2             3             23            7             2             34            -             28            7             60            29            26            10            23            3             7             
Piraeus           6             10            15            10            1             2             24            6             2             6             15            -             6             23            19            18            10            23            2             5             
Qingdao           17            5             15            15            4             4             21            21            3             82            20            14            -             16            37            13            19            10            7             1             
Rotterdam         9             31            29            18            3             5             45            7             3             13            78            15            10            -             34            31            15            40            4             8             
Shanghai          37            11            25            29            7             10            31            32            8             98            45            22            29            34            -             23            38            15            21            16            
Shenzhen          31            11            31            33            8             10            43            35            8             49            44            26            8             42            19            -             43            15            6             3             
Singapore         15            8             58            17            8             17            95            10            9             37            20            17            14            24            50            47            -             13            3             14            
Tanger Med        5             19            16            15            2             3             22            3             2             4             19            12            5             20            17            16            10            -             3             4             
Tianjin           13            4             14            12            2             4             20            8             2             31            14            9             16            17            32            11            17            6             -             1             
Xiamen            30            4             21            22            3             4             30            19            5             24            23            16            5             25            18            73            24            9             1             -             

Port-Level Shipment Waiting and Vessel Queue Statistics

Port                       Origin Waiting TEU   Transshipment Waiting TEU   Total Waiting TEU   Vessels Waiting
---------------------------------------------------------------------------------------------------------------
Busan                                     543                          81                 624              0.01
Cartagena                                 254                           0                 254              0.02
Colombo                                   457                          18                 475              0.01
Hamburg                                   285                           0                 285              0.00
Ho Chi Minh City                           96                           0                  96              0.04
Jakarta                                   112                           0                 112              0.05
Jebel Ali                                 420                           0                 420              0.00
Kaohsiung                                 275                          74                 350              0.29
Laem Chabang                               94                           0                  94              0.02
Los Angeles                               347                           0                 347              0.00
New Jersey                                416                         127                 543              0.00
Piraeus                                   201                           0                 201              0.00
Qingdao                                   324                          32                 356              0.01
Rotterdam                                 398                           0                 398              0.00
Shanghai                                  531                       1,045               1,577              0.00
Shenzhen                                  466                         161                 627              0.00
Singapore                                 477                         529               1,006              0.01
Tanger Med                                199                          88                 287              0.00
Tianjin                                   231                           0                 231              0.01
Xiamen                                    357                           0                 357              0.02
---------------------------------------------------------------------------------------------------------------
TOTAL                                   6,483                       2,157               8,640              0.50



============================================================
Shipment Being Transported Statistics
============================================================

Average TEUs in Transition by Demand Matrix
------------------------------------------------------------
Origin Dest       Busan         Cartagena     Colombo       Hamburg       Ho Chi Minh CityJakarta       Jebel Ali     Kaohsiung     Laem Chabang  Los Angeles   New Jersey    Piraeus       Qingdao       Rotterdam     Shanghai      Shenzhen      Singapore     Tanger Med    Tianjin       Xiamen        
----------------------------------------------------------------------------------------------------------------------------------------------------------------------------------------------------------------------------------------------------------------------------------------------------------
Busan             -             40            57            157           9             11            114           110           12            523           207           117           6             202           26            38            52            77            6             18            
Cartagena         27            -             64            38            13            19            62            22            17            103           30            37            40            50            119           95            61            32            24            26            
Colombo           48            53            -             133           14            18            67            45            20            82            99            91            45            204           84            95            29            99            17            47            
Hamburg           78            36            181           -             21            29            219           57            22            130           68            28            72            7             245           260           104           22            42            79            
Ho Chi Minh City  10            16            27            40            -             8             53            10            2             76            31            27            12            62            37            44            15            28            8             14            
Jakarta           17            16            33            53            4             -             61            14            6             93            46            56            14            86            47            51            6             29            10            17            
Jebel Ali         57            43            64            128           17            24            -             58            18            162           86            79            44            185           73            84            53            129           19            51            
Kaohsiung         19            21            20            84            8             13            37            -             10            251           80            43            12            90            28            18            25            39            10            8             
Laem Chabang      11            11            25            45            4             7             53            11            -             86            29            39            12            59            34            38            10            26            11            13            
Los Angeles       277           123           101           103           33            33            140           153           28            -             435           89            221           168           413           269           101           70            96            137           
New Jersey        88            48            143           67            16            23            109           76            15            463           -             52            79            70            256           231           72            19            37            73            
Piraeus           60            43            112           18            13            21            140           52            15            86            69            -             58            36            185           169           75            20            27            59            
Qingdao           20            36            35            97            8             11            61            14            8             439           118           82            -             117           9             8             31            58            14            0             
Rotterdam         128           58            248           4             36            50            318           90            37            174           103           24            113           -             348           352           142           27            52            110           
Shanghai          10            81            59            273           21            24            108           19            25            483           293           170           16            335           -             14            57            137           34            5             
Shenzhen          99            71            56            299           19            20            133           13            22            275           286           192           27            382           52            -             39            120           25            13            
Singapore         44            54            29            137           5             9             102           43            8             341           109           106           46            193           71            89            -             92            15            55            
Tanger Med        66            34            129           14            22            34            154           41            24            81            20            11            51            14            172           173           88            -             30            53            
Tianjin           17            25            28            77            5             7             60            9             7             203           89            56            3             123           11            7             31            42            -             0             
Xiamen            71            34            38            142           6             8             77            10            9             153           142           85            17            162           40            14            33            58            3             -             

Completed TEUs by Demand Matrix
------------------------------------------------------------
Origin Dest       Busan         Cartagena     Colombo       Hamburg       Ho Chi Minh CityJakarta       Jebel Ali     Kaohsiung     Laem Chabang  Los Angeles   New Jersey    Piraeus       Qingdao       Rotterdam     Shanghai      Shenzhen      Singapore     Tanger Med    Tianjin       Xiamen        
----------------------------------------------------------------------------------------------------------------------------------------------------------------------------------------------------------------------------------------------------------------------------------------------------------
Busan             -             123           580           519           78            108           949           2374          96            2223          853           473           613           665           1602          958           708           301           450           509           
Cartagena         57            -             234           414           47            59            216           47            46            185           956           296           81            558           359           281           200           458           48            69            
Colombo           448           228           -             661           246           306           2199          309           294           231           643           587           390           1002          1441          1262          1137          583           119           423           
Hamburg           221           327           791           -             70            100           1106          158           76            223           961           621           198           1111          870           855           427           982           112           232           
Ho Chi Minh City  75            48            293           139           -             258           457           56            201           219           137           125           78            222           477           476           717           122           51            109           
Jakarta           126           52            412           192           173           -             559           84            195           264           209           268           97            333           620           565           588           135           58            127           
Jebel Ali         438           142           1983          749           206           277           -             308           195           396           422           640           283           1078          843           808           933           936           106           367           
Kaohsiung         1028          41            157           273           56            91            244           -             71            1386          309           171           328           294           641           300           260           133           345           159           
Laem Chabang      91            34            297           172           97            278           466           62            -             238           141           174           83            220           473           445           686           111           67            107           
Los Angeles       958           221           295           173           94            111           429           416           75            -             943           198           764           332           1450          851           315           139           283           400           
New Jersey        257           1307          632           1008          55            80            415           194           52            774           -             534           216           1122          918           771           286           412           88            214           
Piraeus           188           273           588           387           57            91            906           140           66            150           575           -             169           851           777           643           351           871           82            204           
Qingdao           409           105           361           350           82            124           507           382           72            1991          509           329           -             454           961           345           475           246           192           19            
Rotterdam         368           577           1108          655           138           180           1668          242           134           272           1546          605           293           -             1214          1172          580           1528          131           333           
Shanghai          983           272           928           1028          279           373           1237          689           291           2339          1401          775           877           1301          -             875           1517          601           573           394           
Shenzhen          1251          251           1104          1179          303           388           1782          810           294           1164          1516          957           279           1569          735           -             1585          546           246           121           
Singapore         502           217           1191          608           357           805           1912          341           387           1033          637           601           486           859           1966          1754          -             468           127           600           
Tanger Med        191           385           581           560           82            131           932           119           94            137           410           461           142           710           675           585           392           -             81            166           
Tianjin           304           69            277           274           50            77            497           210           58            801           369           241           390           450           761           234           421           168           -             15            
Xiamen            736           100           488           526           68            103           752           460           90            648           648           389           160           637           422           1749          645           250           21            -             


============================================================
Service Route Capacity and Utilization Statistics
============================================================
Route     Name                                Avg Capacity TEU     Avg Carried TEU    Utilization
-------------------------------------------------------------------------------------------------
S1        Asia-Europe-NorthEurope                      189,205              13,172          6.96%
S2        Intra-EastAsia                                11,569                 487          4.21%
S3        SEA-Feeder                                     6,979                 240          3.43%
S4        Transpacific-WestCoast                       126,452               5,501          4.35%
S5        Asia-US-East                                 114,990               3,654          3.18%
S6        Transatlantic-SouthConnector                  22,599                 862          3.81%
S7        IndianOcean-MiddleEast                         7,433                 454          6.11%
-------------------------------------------------------------------------------------------------
TOTAL                                                  479,225              24,369          5.09%


============================================================
Vessel Statistics
============================================================
Metric                                            Average Count
---------------------------------------------------------------
Average vessels sailing                                   36.78
Average vessels waiting for berth at port                  0.50
Average vessels being served at berth                      1.73
---------------------------------------------------------------
TOTAL average active/port vessels                         39.00


Period Result Output: Period 28 (Days 136-140)
Output Simulation Day: 140
Simulation Running Time: 00:09:37

Simulation Progress: Day 145 / 360
Simulation Clock Time: 0001-10-13 00:00:00


============================================================
Shipment Waiting for Loading Statistics
============================================================

TEUs by Demand Matrix
------------------------------------------------------------
Origin Dest       Busan         Cartagena     Colombo       Hamburg       Ho Chi Minh CityJakarta       Jebel Ali     Kaohsiung     Laem Chabang  Los Angeles   New Jersey    Piraeus       Qingdao       Rotterdam     Shanghai      Shenzhen      Singapore     Tanger Med    Tianjin       Xiamen        
----------------------------------------------------------------------------------------------------------------------------------------------------------------------------------------------------------------------------------------------------------------------------------------------------------
Busan             -             4             20            19            3             4             36            130           3             99            30            17            25            25            63            41            24            11            17            21            
Cartagena         4             -             11            21            2             3             11            3             2             8             56            18            6             31            18            15            11            24            2             4             
Colombo           12            8             -             17            14            15            112           11            16            8             19            17            11            29            38            37            62            16            3             11            
Hamburg           6             20            20            -             2             3             30            5             2             9             48            16            5             32            22            23            11            24            3             5             
Ho Chi Minh City  2             1             6             3             -             6             9             2             5             8             3             3             2             5             10            11            16            3             1             2             
Jakarta           3             2             8             4             3             -             12            2             4             8             4             6             2             8             14            13            13            2             1             3             
Jebel Ali         12            5             111           20            10            15            -             9             10            16            22            18            8             31            21            22            51            25            2             9             
Kaohsiung         46            4             8             12            2             4             12            -             4             55            13            7             15            12            31            14            12            6             15            6             
Laem Chabang      2             2             6             4             2             6             11            2             -             8             3             4             2             5             10            10            14            2             1             2             
Los Angeles       41            11            11            8             3             4             15            20            3             -             34            7             30            11            60            38            12            5             13            16            
New Jersey        8             79            19            55            2             3             24            7             2             33            -             29            7             62            29            25            9             24            3             7             
Piraeus           6             11            15            10            2             2             25            6             2             6             15            -             6             23            20            18            10            23            2             5             
Qingdao           17            5             15            14            4             4             20            23            3             89            20            14            -             16            37            13            19            10            6             1             
Rotterdam         9             33            29            18            3             5             45            8             3             13            80            15            10            -             34            31            15            41            4             8             
Shanghai          39            13            25            29            7             10            31            34            8             107           48            22            31            33            -             23            37            15            23            16            
Shenzhen          31            12            30            32            8             10            43            34            8             49            47            26            8             42            19            -             43            15            6             3             
Singapore         16            9             59            17            8             17            97            10            9             37            20            17            14            24            50            47            -             13            3             14            
Tanger Med        6             20            17            15            2             3             23            4             2             4             20            12            5             20            17            17            10            -             3             5             
Tianjin           12            4             14            12            2             3             20            8             2             30            13            9             16            17            31            10            17            6             -             1             
Xiamen            30            5             21            22            3             4             30            19            5             23            23            16            5             24            17            72            24            9             1             -             

Port-Level Shipment Waiting and Vessel Queue Statistics

Port                       Origin Waiting TEU   Transshipment Waiting TEU   Total Waiting TEU   Vessels Waiting
---------------------------------------------------------------------------------------------------------------
Busan                                     593                          78                 671              0.01
Cartagena                                 249                           0                 249              0.02
Colombo                                   456                          19                 475              0.01
Hamburg                                   287                           0                 287              0.00
Ho Chi Minh City                           96                           0                  96              0.04
Jakarta                                   112                           0                 112              0.06
Jebel Ali                                 417                           0                 417              0.00
Kaohsiung                                 278                          87                 366              0.28
Laem Chabang                               96                           0                  96              0.02
Los Angeles                               341                           0                 341              0.00
New Jersey                                426                         129                 555              0.00
Piraeus                                   205                           0                 205              0.00
Qingdao                                   330                          36                 365              0.01
Rotterdam                                 404                           0                 404              0.00
Shanghai                                  551                       1,093               1,644              0.00
Shenzhen                                  467                         162                 629              0.00
Singapore                                 483                         532               1,015              0.01
Tanger Med                                205                          87                 292              0.00
Tianjin                                   227                           0                 227              0.01
Xiamen                                    351                           0                 351              0.02
---------------------------------------------------------------------------------------------------------------
TOTAL                                   6,574                       2,222               8,796              0.49



============================================================
Shipment Being Transported Statistics
============================================================

Average TEUs in Transition by Demand Matrix
------------------------------------------------------------
Origin Dest       Busan         Cartagena     Colombo       Hamburg       Ho Chi Minh CityJakarta       Jebel Ali     Kaohsiung     Laem Chabang  Los Angeles   New Jersey    Piraeus       Qingdao       Rotterdam     Shanghai      Shenzhen      Singapore     Tanger Med    Tianjin       Xiamen        
----------------------------------------------------------------------------------------------------------------------------------------------------------------------------------------------------------------------------------------------------------------------------------------------------------
Busan             -             39            55            154           9             10            110           107           11            515           204           115           6             199           25            37            51            77            5             18            
Cartagena         28            -             63            39            13            19            62            22            17            103           33            37            41            52            119           95            60            34            24            26            
Colombo           51            52            -             132           14            18            65            47            20            83            98            91            46            204           85            96            32            99            18            47            
Hamburg           79            35            181           -             21            29            220           58            22            131           66            28            73            8             246           260           104           23            42            78            
Ho Chi Minh City  11            16            27            40            -             8             52            10            2             76            31            27            13            62            37            43            15            28            8             14            
Jakarta           17            16            33            53            4             -             61            14            6             94            46            56            14            86            47            52            6             29            10            17            
Jebel Ali         59            42            64            127           17            25            -             58            18            163           86            79            46            186           74            85            54            129           19            50            
Kaohsiung         19            21            20            83            8             13            37            -             10            245           80            43            12            91            28            18            25            39            10            8             
Laem Chabang      12            11            25            45            4             7             53            11            -             86            29            39            13            59            34            38            10            26            11            13            
Los Angeles       283           122           101           104           33            34            141           156           28            -             435           90            225           167           417           275           102           70            97            138           
New Jersey        89            46            144           68            16            24            108           76            15            466           -             51            81            71            258           231           72            19            37            73            
Piraeus           61            43            111           18            13            20            141           52            15            88            68            -             60            35            184           169           75            20            27            59            
Qingdao           22            35            36            96            9             11            62            13            8             431           118           82            -             116           9             9             32            58            14            0             
Rotterdam         129           57            247           5             36            50            318           91            36            176           99            24            115           -             348           352           142           28            53            109           
Shanghai          12            79            59            274           22            24            108           18            25            474           289           171           17            335           -             14            58            137           34            5             
Shenzhen          96            71            55            301           19            21            133           13            22            275           283           193           26            383           51            -             40            120           24            12            
Singapore         46            54            28            136           5             9             98            43            8             342           109           105           48            193           70            88            -             93            16            54            
Tanger Med        66            33            129           13            22            34            153           41            24            82            20            11            52            14            171           172           88            -             30            53            
Tianjin           18            25            28            77            5             7             61            9             7             203           89            56            3             123           11            7             32            42            -             0             
Xiamen            70            34            39            142           6             8             78            10            9             152           143           85            17            162           39            14            33            58            3             -             

Completed TEUs by Demand Matrix
------------------------------------------------------------
Origin Dest       Busan         Cartagena     Colombo       Hamburg       Ho Chi Minh CityJakarta       Jebel Ali     Kaohsiung     Laem Chabang  Los Angeles   New Jersey    Piraeus       Qingdao       Rotterdam     Shanghai      Shenzhen      Singapore     Tanger Med    Tianjin       Xiamen        
----------------------------------------------------------------------------------------------------------------------------------------------------------------------------------------------------------------------------------------------------------------------------------------------------------
Busan             -             123           580           570           78            108           949           2374          96            2297          853           502           613           734           1602          1005          708           301           450           531           
Cartagena         57            -             234           414           47            59            248           47            46            185           1140          296           81            558           359           281           222           458           48            69            
Colombo           448           228           -             712           246           306           2199          309           294           235           643           623           390           1086          1441          1356          1137          583           119           436           
Hamburg           221           327           852           -             70            102           1170          158           76            223           961           621           198           1183          870           892           444           1053          112           246           
Ho Chi Minh City  75            48            293           143           -             271           457           56            212           226           137           129           78            239           477           501           717           122           51            118           
Jakarta           126           52            412           215           183           -             559           84            202           295           209           278           97            359           620           587           612           135           58            134           
Jebel Ali         438           142           2180          791           206           277           -             308           195           426           422           688           283           1163          843           860           933           936           106           388           
Kaohsiung         1028          41            164           285           59            100           254           -             74            1418          309           178           341           306           682           322           266           133           345           163           
Laem Chabang      91            34            297           181           98            294           466           62            -             247           141           181           83            234           473           463           686           111           67            111           
Los Angeles       958           221           295           187           94            111           429           416           75            -             943           207           764           344           1730          851           315           139           283           400           
New Jersey        257           1307          649           1008          55            80            471           194           52            774           -             534           216           1122          918           771           322           412           88            214           
Piraeus           188           273           641           413           57            97            931           140           66            150           575           -             169           902           777           670           380           871           82            215           
Qingdao           409           105           382           368           84            129           549           382           79            2036          509           347           -             476           1029          367           494           246           192           22            
Rotterdam         368           577           1204          702           138           197           1719          242           134           272           1546          605           293           -             1214          1225          608           1659          131           346           
Shanghai          983           272           980           1096          295           386           1313          689           304           2427          1401          837           877           1370          -             927           1606          601           573           410           
Shenzhen          1251          251           1164          1245          319           413           1885          851           324           1164          1516          1031          297           1681          774           -             1663          546           246           127           
Singapore         502           217           1191          657           373           838           1912          341           408           1097          637           632           486           934           1966          1858          -             468           127           624           
Tanger Med        191           385           659           591           82            133           963           119           94            137           410           461           142           786           675           625           421           -             81            171           
Tianjin           304           69            294           291           53            79            523           217           61            801           369           256           410           467           825           248           461           168           -             16            
Xiamen            736           100           526           560           72            105           811           486           96            648           648           404           174           675           439           1810          673           250           21            -             


============================================================
Service Route Capacity and Utilization Statistics
============================================================
Route     Name                                Avg Capacity TEU     Avg Carried TEU    Utilization
-------------------------------------------------------------------------------------------------
S1        Asia-Europe-NorthEurope                      189,188              13,150          6.95%
S2        Intra-EastAsia                                11,611                 483          4.16%
S3        SEA-Feeder                                     6,976                 239          3.42%
S4        Transpacific-WestCoast                       126,443               5,491          4.34%
S5        Asia-US-East                                 115,032               3,628          3.15%
S6        Transatlantic-SouthConnector                  22,622                 866          3.83%
S7        IndianOcean-MiddleEast                         7,440                 452          6.08%
-------------------------------------------------------------------------------------------------
TOTAL                                                  479,312              24,310          5.07%


============================================================
Vessel Statistics
============================================================
Metric                                            Average Count
---------------------------------------------------------------
Average vessels sailing                                   36.79
Average vessels waiting for berth at port                  0.49
Average vessels being served at berth                      1.72
---------------------------------------------------------------
TOTAL average active/port vessels                         39.00


Period Result Output: Period 29 (Days 141-145)
Output Simulation Day: 145
Simulation Running Time: 00:09:51

Simulation Progress: Day 150 / 360
Simulation Clock Time: 0001-10-18 00:00:00


============================================================
Shipment Waiting for Loading Statistics
============================================================

TEUs by Demand Matrix
------------------------------------------------------------
Origin Dest       Busan         Cartagena     Colombo       Hamburg       Ho Chi Minh CityJakarta       Jebel Ali     Kaohsiung     Laem Chabang  Los Angeles   New Jersey    Piraeus       Qingdao       Rotterdam     Shanghai      Shenzhen      Singapore     Tanger Med    Tianjin       Xiamen        
----------------------------------------------------------------------------------------------------------------------------------------------------------------------------------------------------------------------------------------------------------------------------------------------------------
Busan             -             5             20            19            3             3             36            127           3             98            29            17            25            24            62            40            24            11            17            21            
Cartagena         4             -             11            21            2             3             11            3             2             8             55            18            6             31            18            15            11            23            2             4             
Colombo           12            9             -             18            13            15            113           11            15            8             20            17            11            28            38            36            62            16            3             10            
Hamburg           6             22            20            -             2             3             31            5             2             9             52            16            5             32            22            24            11            25            3             5             
Ho Chi Minh City  2             2             6             3             -             6             9             2             5             7             3             3             2             5             10            11            16            3             1             2             
Jakarta           3             2             9             4             4             -             12            2             4             7             4             5             2             8             14            12            13            2             1             3             
Jebel Ali         12            6             112           20            11            15            -             9             11            16            22            18            8             31            21            23            52            25            2             9             
Kaohsiung         45            4             8             12            3             4             11            -             3             59            13            7             15            12            31            14            12            6             15            6             
Laem Chabang      2             2             6             4             2             6             10            2             -             8             3             4             2             5             11            9             14            2             1             2             
Los Angeles       40            12            11            8             3             3             15            20            3             -             33            7             30            11            59            37            12            5             13            16            
New Jersey        8             86            19            54            2             3             24            7             2             32            -             29            7             61            29            25            9             23            3             7             
Piraeus           6             13            15            9             2             2             25            6             2             6             15            -             6             23            20            18            10            23            2             5             
Qingdao           17            6             15            14            3             4             20            23            3             90            20            14            -             15            36            13            19            10            6             1             
Rotterdam         9             35            30            18            3             5             45            8             3             13            84            16            10            -             34            31            15            41            4             9             
Shanghai          39            14            25            30            7             10            31            34            8             110           48            22            31            34            -             23            37            14            23            16            
Shenzhen          32            13            31            33            8             10            44            34            9             48            50            27            7             43            19            -             43            15            6             3             
Singapore         16            10            58            17            8             17            95            10            9             37            22            17            14            24            49            47            -             13            3             14            
Tanger Med        6             22            17            15            2             3             23            4             2             4             21            12            5             20            17            16            10            -             3             4             
Tianjin           12            5             14            12            2             3             20            7             2             30            13            9             15            16            31            10            16            6             -             1             
Xiamen            30            5             20            21            3             4             30            19            5             23            23            16            5             24            17            72            24            9             1             -             

Port-Level Shipment Waiting and Vessel Queue Statistics

Port                       Origin Waiting TEU   Transshipment Waiting TEU   Total Waiting TEU   Vessels Waiting
---------------------------------------------------------------------------------------------------------------
Busan                                     584                          76                 660              0.01
Cartagena                                 247                           0                 247              0.02
Colombo                                   458                          20                 478              0.01
Hamburg                                   295                           0                 295              0.00
Ho Chi Minh City                           96                           0                  96              0.04
Jakarta                                   112                           0                 112              0.06
Jebel Ali                                 424                           0                 424              0.00
Kaohsiung                                 280                          96                 376              0.27
Laem Chabang                               96                           0                  96              0.02
Los Angeles                               337                           0                 337              0.00
New Jersey                                430                         133                 563              0.00
Piraeus                                   207                           0                 207              0.00
Qingdao                                   328                          36                 364              0.01
Rotterdam                                 415                           0                 415              0.00
Shanghai                                  557                       1,115               1,672              0.00
Shenzhen                                  476                         165                 641              0.00
Singapore                                 479                         529               1,008              0.01
Tanger Med                                207                          87                 294              0.00
Tianjin                                   225                           0                 225              0.01
Xiamen                                    350                           0                 350              0.02
---------------------------------------------------------------------------------------------------------------
TOTAL                                   6,603                       2,257               8,861              0.48



============================================================
Shipment Being Transported Statistics
============================================================

Average TEUs in Transition by Demand Matrix
------------------------------------------------------------
Origin Dest       Busan         Cartagena     Colombo       Hamburg       Ho Chi Minh CityJakarta       Jebel Ali     Kaohsiung     Laem Chabang  Los Angeles   New Jersey    Piraeus       Qingdao       Rotterdam     Shanghai      Shenzhen      Singapore     Tanger Med    Tianjin       Xiamen        
----------------------------------------------------------------------------------------------------------------------------------------------------------------------------------------------------------------------------------------------------------------------------------------------------------
Busan             -             39            57            154           9             11            113           117           11            517           204           115           7             198           30            37            53            77            6             18            
Cartagena         28            -             63            39            13            19            61            22            17            104           33            38            41            55            118           95            60            35            24            25            
Colombo           52            51            -             133           15            18            65            48            20            84            98            92            47            203           86            97            31            99            18            46            
Hamburg           79            34            180           -             21            29            221           58            22            131           64            28            73            8             246           260           103           23            42            78            
Ho Chi Minh City  11            16            28            41            -             8             52            11            2             77            31            26            13            62            37            44            15            28            8             13            
Jakarta           17            16            34            53            4             -             62            14            6             94            46            56            15            86            48            52            6             29            10            17            
Jebel Ali         59            42            62            127           17            24            -             59            19            163           86            79            46            187           74            85            53            129           19            50            
Kaohsiung         18            22            21            83            9             13            38            -             10            242           80            43            12            91            28            18            25            39            10            8             
Laem Chabang      12            12            25            45            4             7             54            11            -             87            30            39            13            59            34            39            10            26            11            13            
Los Angeles       284           122           102           105           33            34            143           157           28            -             437           90            226           167           415           281           103           70            97            140           
New Jersey        90            45            144           72            16            24            109           76            16            469           -             53            81            75            259           232           71            22            37            73            
Piraeus           62            42            110           19            14            20            142           53            15            89            68            -             60            36            184           170           75            20            27            