Simulation warm-up started: 140 days
Simulation warm-up completed. Measurement starts at simulation day 140.

Simulation Progress: Day 5 / 360
Simulation Clock Time: 0001-05-26 00:00:00


============================================================
Shipment Waiting for Loading Statistics
============================================================

TEUs by Demand Matrix
------------------------------------------------------------
Origin Dest       Busan         Cartagena     Colombo       Hamburg       Ho Chi Minh CityJakarta       Jebel Ali     Kaohsiung     Laem Chabang  Los Angeles   New Jersey    Piraeus       Qingdao       Rotterdam     Shanghai      Shenzhen      Singapore     Tanger Med    Tianjin       Xiamen        
----------------------------------------------------------------------------------------------------------------------------------------------------------------------------------------------------------------------------------------------------------------------------------------------------------
Busan             -             4             15            8             3             2             20            66            2             48            20            7             13            10            32            21            11            9             5             9             
Cartagena         3             -             6             15            0             1             6             5             1             5             44            5             4             16            16            8             7             23            2             3             
Colombo           22            5             -             17            10            11            92            12            24            11            17            23            27            49            64            51            76            15            4             8             
Hamburg           8             21            17            -             3             1             13            6             3             6             97            11            4             34            19            13            7             24            1             4             
Ho Chi Minh City  2             1             3             5             -             4             9             1             6             4             6             3             2             3             12            7             15            5             2             2             
Jakarta           1             0             4             2             3             -             13            2             3             9             4             4             1             6             10            9             6             2             1             1             
Jebel Ali         13            12            170           25            19            19            -             12            18            11            34            19            7             29            17            23            74            32            3             13            
Kaohsiung         22            1             2             13            2             4             6             -             3             27            8             0             14            12            13            8             8             6             4             2             
Laem Chabang      2             2             5             4             3             6             10            1             -             6             4             6             3             9             11            9             13            1             3             3             
Los Angeles       21            2             12            5             2             2             11            6             2             -             17            4             18            9             39            24            9             3             7             8             
New Jersey        6             32            14            32            1             2             16            3             1             24            -             14            6             36            18            13            4             24            2             7             
Piraeus           8             10            23            12            2             2             35            3             3             6             15            -             8             23            23            24            18            23            4             4             
Qingdao           10            2             7             7             2             1             13            6             2             41            11            8             -             8             32            8             11            5             8             0             
Rotterdam         7             55            22            19            5             3             35            6             5             6             163           11            6             -             30            22            16            31            3             5             
Shanghai          38            24            30            26            8             11            49            14            5             59            85            30            15            58            -             27            52            19            10            13            
Shenzhen          48            30            24            29            7             10            31            25            4             41            106           22            12            41            25            -             33            11            9             4             
Singapore         9             8             29            19            9             16            55            9             10            24            36            18            9             36            36            37            -             13            4             11            
Tanger Med        5             35            12            10            4             2             14            3             2             3             32            11            4             12            14            14            9             -             5             2             
Tianjin           10            1             4             5             1             3             11            5             0             20            8             4             9             11            14            3             7             4             -             0             
Xiamen            18            4             25            21            3             2             26            20            2             29            20            16            5             24            16            76            21            8             1             -             

Port-Level Shipment Waiting and Vessel Queue Statistics

Port                       Origin Waiting TEU   Transshipment Waiting TEU   Total Waiting TEU   Vessels Waiting
---------------------------------------------------------------------------------------------------------------
Busan                                     304                         113                 417              0.00
Cartagena                                 170                           0                 170              0.00
Colombo                                   537                           0                 537              0.00
Hamburg                                   292                           0                 292              0.00
Ho Chi Minh City                           94                           0                  94              0.05
Jakarta                                    81                           0                  81              0.05
Jebel Ali                                 551                           0                 551              0.00
Kaohsiung                                 155                           3                 159              0.00
Laem Chabang                               98                           0                  98              0.03
Los Angeles                               202                           0                 202              0.00
New Jersey                                254                         123                 376              0.00
Piraeus                                   245                           0                 245              0.00
Qingdao                                   182                          40                 222              0.01
Rotterdam                                 450                           0                 450              0.04
Shanghai                                  574                         862               1,437              0.00
Shenzhen                                  512                          55                 567              0.00
Singapore                                 386                         432                 818              0.00
Tanger Med                                193                         154                 347              0.00
Tianjin                                   120                           0                 120              0.00
Xiamen                                    337                           0                 337              0.03
---------------------------------------------------------------------------------------------------------------
TOTAL                                   5,736                       1,783               7,519              0.21



============================================================
Shipment Being Transported Statistics
============================================================

Average TEUs in Transition by Demand Matrix
------------------------------------------------------------
Origin Dest       Busan         Cartagena     Colombo       Hamburg       Ho Chi Minh CityJakarta       Jebel Ali     Kaohsiung     Laem Chabang  Los Angeles   New Jersey    Piraeus       Qingdao       Rotterdam     Shanghai      Shenzhen      Singapore     Tanger Med    Tianjin       Xiamen        
----------------------------------------------------------------------------------------------------------------------------------------------------------------------------------------------------------------------------------------------------------------------------------------------------------
Busan             -             42            72            167           3             18            128           99            12            475           224           121           9             198           37            24            74            92            10            26            
Cartagena         26            -             75            69            18            27            55            16            14            124           26            44            40            71            153           99            60            50            28            25            
Colombo           35            55            -             143           14            5             150           38            22            58            88            71            28            172           55            52            0             82            20            35            
Hamburg           82            14            193           -             17            30            220           75            25            134           0             39            79            12            263           247           90            33            49            77            
Ho Chi Minh City  3             19            22            34            -             7             69            12            3             70            27            25            8             54            26            43            12            28            9             16            
Jakarta           18            17            32            59            5             -             78            6             7             102           49            62            10            95            40            33            6             35            11            15            
Jebel Ali         62            42            0             114           17            3             -             65            22            135           74            79            34            164           78            84            0             153           22            63            
Kaohsiung         3             18            25            81            4             11            36            -             11            303           75            58            6             92            18            14            19            32            6             18            
Laem Chabang      13            12            29            46            5             4             53            11            -             80            30            38            7             57            21            26            5             27            18            15            
Los Angeles       269           131           90            101           28            39            155           130           26            -             476           101           215           184           369           271           106           72            66            116           
New Jersey        113           61            165           140           19            27            113           80            18            477           -             72            98            135           332           241           80            25            33            84            
Piraeus           56            28            98            13            11            25            138           42            16            96            52            -             51            27            196           155           59            6             28            61            
Qingdao           18            36            35            112           9             11            55            7             7             394           116           70            -             138           14            12            29            69            23            1             
Rotterdam         113           20            276           6             38            61            326           94            36            163           0             47            98            -             295           376           122           41            55            119           
Shanghai          10            62            61            244           8             21            112           11            16            474           187           195           19            327           -             2             62            136           32            7             
Shenzhen          3             49            44            287           23            23            181           0             12            212           284           202           5             437           33            -             48            107           4             13            
Singapore         29            58            39            135           6             8             212           41            11            318           92            93            48            205           86            72            -             82            15            60            
Tanger Med        51            15            127           18            18            30            182           41            26            79            0             15            42            13            178           151           111           -             27            46            
Tianjin           23            16            26            95            6             14            63            8             5             187           88            68            5             133           16            7             27            39            -             1             
Xiamen            7             29            40            147           5             7             70            4             5             140           184           92            5             194           14            18            30            55            0             -             

Completed TEUs by Demand Matrix
------------------------------------------------------------
Origin Dest       Busan         Cartagena     Colombo       Hamburg       Ho Chi Minh CityJakarta       Jebel Ali     Kaohsiung     Laem Chabang  Los Angeles   New Jersey    Piraeus       Qingdao       Rotterdam     Shanghai      Shenzhen      Singapore     Tanger Med    Tianjin       Xiamen        
----------------------------------------------------------------------------------------------------------------------------------------------------------------------------------------------------------------------------------------------------------------------------------------------------------
Busan             -             10            0             27            0             3             52            134           0             114           36            0             31            42            78            0             67            20            30            32            
Cartagena         0             -             0             0             5             0             24            0             1             5             0             0             0             43            0             0             12            66            0             0             
Colombo           25            13            -             30            21            27            0             18            25            10            33            0             22            26            0             0             0             26            8             17            
Hamburg           9             21            0             -             3             2             65            15            5             10            0             37            12            65            0             0             23            75            5             11            
Ho Chi Minh City  5             2             19            7             -             17            0             4             12            15            8             0             8             13            0             0             0             4             5             12            
Jakarta           3             0             43            7             8             -             0             1             9             12            10            0             6             19            0             0             22            10            4             5             
Jebel Ali         40            10            0             27            25            19            -             21            25            6             0             0             14            30            0             0             0             30            4             27            
Kaohsiung         52            3             0             19            0             5             16            -             0             98            14            0             14            25            29            0             14            2             16            20            
Laem Chabang      8             4             29            10            7             12            0             9             -             10            9             0             8             9             0             0             0             4             4             9             
Los Angeles       26            12            0             0             0             18            60            19            0             -             0             0             21            0             0             0             7             0             8             16            
New Jersey        0             90            0             0             7             0             36            0             7             35            -             0             0             114           0             0             30            49            3             0             
Piraeus           6             18            0             16            6             6             43            5             2             6             0             -             9             41            0             0             13            34            4             11            
Qingdao           20            0             0             21            0             8             26            15            0             117           25            0             -             28            66            0             24            17            0             2             
Rotterdam         25            29            0             33            7             9             70            15            11            14            0             49            15            -             0             0             24            112           10            15            
Shanghai          43            7             0             48            0             15            82            34            0             109           57            0             42            39            -             0             93            18            23            23            
Shenzhen          48            16            0             42            0             13            121           0             0             79            87            0             11            69            53            -             76            24            11            14            
Singapore         22            13            103           25            19            46            0             22            20            51            46            0             33            43            0             0             -             13            7             43            
Tanger Med        9             22            0             28            3             7             73            7             9             9             0             23            11            25            0             0             19            -             3             3             
Tianjin           24            0             0             21            0             2             28            0             0             56            15            0             25            24            46            0             23            9             -             1             
Xiamen            33            0             0             34            0             6             54            0             0             27            39            0             8             40            17            0             38            13            1             -             


============================================================
Service Route Capacity and Utilization Statistics
============================================================
Route     Name                                Avg Capacity TEU     Avg Carried TEU    Utilization
-------------------------------------------------------------------------------------------------
S1        Asia-Europe-NorthEurope                      190,240              13,471          7.08%
S2        Intra-EastAsia                                12,754                 249          1.95%
S3        SEA-Feeder                                     6,921                 226          3.27%
S4        Transpacific-WestCoast                       126,615               5,516          4.36%
S5        Asia-US-East                                 115,922               3,886          3.35%
S6        Transatlantic-SouthConnector                  22,612                 771          3.41%
S7        IndianOcean-MiddleEast                         7,676                 518          6.75%
-------------------------------------------------------------------------------------------------
TOTAL                                                  482,740              24,636          5.10%


============================================================
Vessel Statistics
============================================================
Metric                                            Average Count
---------------------------------------------------------------
Average vessels sailing                                   37.08
Average vessels waiting for berth at port                  0.21
Average vessels being served at berth                      1.71
---------------------------------------------------------------
TOTAL average active/port vessels                         39.00


Period Result Output: Period 1 (Days 1-5)
Output Simulation Day: 5
Simulation Running Time: 00:03:50

Simulation Progress: Day 10 / 360
Simulation Clock Time: 0001-05-31 00:00:00


============================================================
Shipment Waiting for Loading Statistics
============================================================

TEUs by Demand Matrix
------------------------------------------------------------
Origin Dest       Busan         Cartagena     Colombo       Hamburg       Ho Chi Minh CityJakarta       Jebel Ali     Kaohsiung     Laem Chabang  Los Angeles   New Jersey    Piraeus       Qingdao       Rotterdam     Shanghai      Shenzhen      Singapore     Tanger Med    Tianjin       Xiamen        
----------------------------------------------------------------------------------------------------------------------------------------------------------------------------------------------------------------------------------------------------------------------------------------------------------
Busan             -             6             25            16            5             4             37            99            2             86            34            12            22            16            64            37            22            13            7             12            
Cartagena         2             -             6             15            0             0             8             4             1             3             44            12            4             15            12            7             7             18            2             6             
Colombo           15            9             -             17            12            17            88            9             31            7             24            19            16            39            44            36            104           13            4             6             
Hamburg           5             12            14            -             3             2             19            5             3             6             56            16            6             32            19            21            7             23            2             4             
Ho Chi Minh City  1             0             6             5             -             5             12            2             6             3             4             3             2             5             17            8             16            4             2             3             
Jakarta           1             0             5             2             3             -             11            1             3             8             5             5             1             7             10            10            6             2             1             2             
Jebel Ali         11            7             115           25            13            14            -             8             12            9             23            19            7             35            16            24            51            39            2             9             
Kaohsiung         22            1             2             10            2             4             4             -             2             30            9             1             11            11            14            6             7             5             5             1             
Laem Chabang      2             1             7             4             3             5             8             1             -             6             2             4             2             5             11            9             11            1             2             1             
Los Angeles       22            3             12            5             2             2             12            6             2             -             20            4             25            9             40            25            11            4             8             9             
New Jersey        7             60            12            34            2             1             15            3             1             20            -             15            5             34            17            14            4             21            2             6             
Piraeus           8             7             18            9             2             2             26            5             2             3             14            -             6             18            18            16            11            18            3             4             
Qingdao           13            2             10            8             3             2             17            11            1             58            21            11            -             14            39            9             14            4             8             0             
Rotterdam         7             36            25            20            4             5             40            7             5             7             108           11            7             -             33            22            14            32            4             5             
Shanghai          56            17            28            22            7             9             33            15            6             65            64            21            25            40            -             26            42            15            17            13            
Shenzhen          35            26            26            26            7             11            32            17            5             31            99            23            9             40            17            -             34            13            7             3             
Singapore         11            11            51            20            8             16            91            10            9             29            43            20            11            31            52            52            -             11            7             14            
Tanger Med        4             33            12            15            3             2             13            2             2             3             31            12            3             19            12            13            8             -             5             4             
Tianjin           10            2             5             7             1             3             15            7             1             25            8             5             12            13            17            5             14            6             -             0             
Xiamen            16            3             16            18            3             1             23            16            2             19            17            14            4             19            15            56            18            7             1             -             

Port-Level Shipment Waiting and Vessel Queue Statistics

Port                       Origin Waiting TEU   Transshipment Waiting TEU   Total Waiting TEU   Vessels Waiting
---------------------------------------------------------------------------------------------------------------
Busan                                     518                         140                 659              0.02
Cartagena                                 165                           0                 165              0.00
Colombo                                   510                           0                 510              0.00
Hamburg                                   256                           0                 256              0.00
Ho Chi Minh City                          104                           0                 104              0.04
Jakarta                                    85                           0                  85              0.04
Jebel Ali                                 439                           0                 439              0.00
Kaohsiung                                 146                          46                 192              0.02
Laem Chabang                               87                           0                  87              0.02
Los Angeles                               221                           0                 221              0.00
New Jersey                                273                         161                 434              0.00
Piraeus                                   191                           0                 191              0.00
Qingdao                                   245                          46                 291              0.01
Rotterdam                                 391                           0                 391              0.02
Shanghai                                  522                         931               1,453              0.00
Shenzhen                                  460                          88                 548              0.00
Singapore                                 496                         495                 991              0.00
Tanger Med                                195                         137                 332              0.00
Tianjin                                   156                           0                 156              0.00
Xiamen                                    266                           0                 266              0.02
---------------------------------------------------------------------------------------------------------------
TOTAL                                   5,727                       2,043               7,771              0.17



============================================================
Shipment Being Transported Statistics
============================================================

Average TEUs in Transition by Demand Matrix
------------------------------------------------------------
Origin Dest       Busan         Cartagena     Colombo       Hamburg       Ho Chi Minh CityJakarta       Jebel Ali     Kaohsiung     Laem Chabang  Los Angeles   New Jersey    Piraeus       Qingdao       Rotterdam     Shanghai      Shenzhen      Singapore     Tanger Med    Tianjin       Xiamen        
----------------------------------------------------------------------------------------------------------------------------------------------------------------------------------------------------------------------------------------------------------------------------------------------------------
Busan             -             39            54            157           3             15            117           50            13            446           208           110           4             187           18            17            55            90            8             13            
Cartagena         28            -             70            53            16            26            52            18            14            126           29            47            42            55            155           101           60            45            30            27            
Colombo           50            50            -             145           7             2             100           40            11            62            76            75            40            194           76            73            0             84            21            36            
Hamburg           88            22            177           -             18            28            202           73            24            137           56            29            79            6             256           239           91            25            49            74            
Ho Chi Minh City  4             18            21            35            -             6             61            11            2             68            29            24            8             53            25            37            10            29            10            12            
Jakarta           19            17            29            59            5             -             67            7             6             103           51            61            11            96            42            37            6             35            11            14            
Jebel Ali         65            44            89            116           18            13            -             64            21            141           79            70            38            168           72            88            43            160           24            62            
Kaohsiung         13            18            22            82            5             11            37            -             13            298           75            54            12            92            22            15            20            36            8             11            
Laem Chabang      14            12            27            45            5             5             54            8             -             81            31            38            8             60            22            28            5             28            19            12            
Los Angeles       281           129           96            104           29            39            147           127           27            -             477           100           225           190           395           274           110           73            69            115           
New Jersey        119           30            162           101           18            26            110           84            16            483           -             82            105           96            308           237           77            24            35            90            
Piraeus           62            29            100           15            11            24            144           42            17            97            64            -             55            31            197           160           68            16            31            59            
Qingdao           21            37            29            107           11            10            53            4             8             378           111           70            -             133           7             10            27            68            26            0             
Rotterdam         118           43            257           3             39            62            322           91            36            162           97            36            100           -             289           374           133           33            56            116           
Shanghai          12            72            62            248           14            25            128           6             21            473           212           194           13            358           -             10            69            147           30            3             
Shenzhen          23            52            49            291           29            25            172           5             17            228           284           189           11            444           37            -             45            110           8             11            
Singapore         30            53            19            138           6             12            129           33            8             306           80            90            45            214           62            64            -             86            16            46            
Tanger Med        55            17            123           13            20            31            158           41            25            79            9             14            42            13            174           155           114           -             29            48            
Tianjin           26            17            22            89            7             14            62            11            5             179           85            64            4             130           11            6             24            40            -             0             
Xiamen            13            33            45            150           6             7             71            5             6             156           176           92            6             199           19            12            35            59            1             -             

Completed TEUs by Demand Matrix
------------------------------------------------------------
Origin Dest       Busan         Cartagena     Colombo       Hamburg       Ho Chi Minh CityJakarta       Jebel Ali     Kaohsiung     Laem Chabang  Los Angeles   New Jersey    Piraeus       Qingdao       Rotterdam     Shanghai      Shenzhen      Singapore     Tanger Med    Tianjin       Xiamen        
----------------------------------------------------------------------------------------------------------------------------------------------------------------------------------------------------------------------------------------------------------------------------------------------------------
Busan             -             10            55            27            0             15            52            134           0             222           81            30            31            42            78            28            104           37            47            32            
Cartagena         0             -             20            60            5             5             29            0             1             5             70            40            0             61            18            12            40            66            0             0             
Colombo           25            13            -             30            21            27            226           18            25            22            54            21            22            26            55            52            0             52            19            17            
Hamburg           9             21            73            -             3             11            99            15            5             15            0             57            12            65            46            52            46            117           11            11            
Ho Chi Minh City  5             2             19            7             -             27            39            4             12            25            12            8             8             13            18            38            31            9             8             12            
Jakarta           3             0             43            7             19            -             51            1             9             31            10            12            6             19            16            12            41            22            8             5             
Jebel Ali         40            10            0             27            25            19            -             21            25            31            38            42            14            30            47            49            0             85            14            27            
Kaohsiung         101           3             15            19            0             11            16            -             0             152           30            12            14            25            29            14            24            8             30            20            
Laem Chabang      8             4             29            10            11            23            23            9             -             21            13            9             8             9             17            22            25            8             15            9             
Los Angeles       26            12            3             0             1             19            60            19            0             -             40            7             21            0             80            37            21            7             16            16            
New Jersey        0             90            59            140           7             9             51            0             7             83            -             72            0             140           108           80            46            49            3             0             
Piraeus           6             18            41            16            6             11            67            5             2             21            0             -             9             41            36            32            29            74            8             11            
Qingdao           20            0             27            21            6             15            26            15            0             198           44            10            -             28            66            22            49            37            13            2             
Rotterdam         25            29            116           33            7             21            124           15            11            31            0             73            15            -             60            73            55            177           15            15            
Shanghai          43            7             59            48            8             33            82            34            0             189           93            55            42            39            -             46            169           54            47            23            
Shenzhen          114           16            44            42            23            34            121           42            0             79            163           83            11            69            53            -             137           55            24            14            
Singapore         22            13            103           25            34            97            212           22            20            123           64            34            33            43            91            76            -             35            15            43            
Tanger Med        9             22            48            28            3             9             121           7             9             15            0             44            11            25            32            27            44            -             8             3             
Tianjin           24            0             18            21            4             9             28            0             0             102           33            16            25            24            46            10            40            17            -             1             
Xiamen            63            0             34            34            4             12            54            28            0             27            92            25            8             40            17            120           78            22            2             -             


============================================================
Service Route Capacity and Utilization Statistics
============================================================
Route     Name                                Avg Capacity TEU     Avg Carried TEU    Utilization
-------------------------------------------------------------------------------------------------
S1        Asia-Europe-NorthEurope                      189,699              13,398          7.06%
S2        Intra-EastAsia                                12,981                 267          2.05%
S3        SEA-Feeder                                     7,049                 207          2.93%
S4        Transpacific-WestCoast                       127,550               5,382          4.22%
S5        Asia-US-East                                 115,079               3,805          3.31%
S6        Transatlantic-SouthConnector                  22,405                 780          3.48%
S7        IndianOcean-MiddleEast                         7,569                 474          6.26%
-------------------------------------------------------------------------------------------------
TOTAL                                                  482,332              24,312          5.04%


============================================================
Vessel Statistics
============================================================
Metric                                            Average Count
---------------------------------------------------------------
Average vessels sailing                                   37.09
Average vessels waiting for berth at port                  0.17
Average vessels being served at berth                      1.74
---------------------------------------------------------------
TOTAL average active/port vessels                         39.00


Period Result Output: Period 2 (Days 6-10)
Output Simulation Day: 10
Simulation Running Time: 00:03:59

Simulation Progress: Day 15 / 360
Simulation Clock Time: 0001-06-05 00:00:00


============================================================
Shipment Waiting for Loading Statistics
============================================================

TEUs by Demand Matrix
------------------------------------------------------------
Origin Dest       Busan         Cartagena     Colombo       Hamburg       Ho Chi Minh CityJakarta       Jebel Ali     Kaohsiung     Laem Chabang  Los Angeles   New Jersey    Piraeus       Qingdao       Rotterdam     Shanghai      Shenzhen      Singapore     Tanger Med    Tianjin       Xiamen        
----------------------------------------------------------------------------------------------------------------------------------------------------------------------------------------------------------------------------------------------------------------------------------------------------------
Busan             -             5             21            17            4             3             31            84            2             69            28            10            18            14            51            32            18            10            9             11            
Cartagena         3             -             9             22            0             1             12            4             1             4             56            19            5             21            14            10            11            21            3             7             
Colombo           13            13            -             18            9             13            111           9             22            7             31            18            13            36            41            32            76            15            3             6             
Hamburg           5             12            14            -             2             3             22            5             2             6             49            16            6             32            19            22            8             24            2             5             
Ho Chi Minh City  1             1             5             5             -             7             11            2             5             4             4             2             2             5             14            8             17            3             1             2             
Jakarta           2             0             7             3             4             -             10            1             3             7             7             5             2             8             12            14            7             3             1             3             
Jebel Ali         10            7             110           21            12            13            -             7             9             9             25            18            8             31            14            21            48            33            2             8             
Kaohsiung         29            1             2             9             2             4             6             -             3             41            10            2             12            12            17            6             7             5             6             2             
Laem Chabang      1             1             6             4             2             5             8             0             -             6             2             3             2             4             10            8             12            1             2             2             
Los Angeles       32            4             11            5             3             3             13            7             2             -             22            4             21            9             48            24            12            5             8             10            
New Jersey        7             86            13            39            2             1             18            3             1             18            -             16            5             37            21            17            4             19            2             5             
Piraeus           6             6             15            8             1             2             25            4             2             3             13            -             5             18            16            15            9             19            2             5             
Qingdao           9             2             7             6             2             2             13            12            1             59            16            9             -             11            30            7             10            3             6             0             
Rotterdam         7             31            28            19            4             5             44            8             5             7             86            12            8             -             37            25            15            36            4             6             
Shanghai          41            13            35            26            7             10            34            18            8             66            57            22            21            42            -             32            47            16            14            10            
Shenzhen          40            20            34            26            8             15            49            18            5             34            84            31            9             51            19            -             44            19            9             4             
Singapore         9             10            62            16            9             15            102           8             9             23            35            16            9             26            42            43            -             11            5             12            
Tanger Med        5             24            20            12            3             4             18            4             3             4             23            16            3             17            18            18            11            -             5             7             
Tianjin           9             2             6             6             1             2             15            6             1             21            9             4             9             12            16            6             11            5             -             0             
Xiamen            16            2             15            17            2             2             21            14            2             18            17            12            4             17            15            51            17            6             1             -             

Port-Level Shipment Waiting and Vessel Queue Statistics

Port                       Origin Waiting TEU   Transshipment Waiting TEU   Total Waiting TEU   Vessels Waiting
---------------------------------------------------------------------------------------------------------------
Busan                                     435                         142                 578              0.01
Cartagena                                 222                           0                 222              0.00
Colombo                                   484                          15                 499              0.00
Hamburg                                   253                           0                 253              0.00
Ho Chi Minh City                           99                           0                  99              0.03
Jakarta                                    99                           0                  99              0.06
Jebel Ali                                 407                           0                 407              0.00
Kaohsiung                                 177                          62                 239              0.03
Laem Chabang                               81                           0                  81              0.02
Los Angeles                               244                           0                 244              0.00
New Jersey                                314                         195                 510              0.00
Piraeus                                   175                           0                 175              0.00
Qingdao                                   205                          81                 286              0.01
Rotterdam                                 387                           0                 387              0.01
Shanghai                                  519                         959               1,478              0.00
Shenzhen                                  520                         108                 628              0.00
Singapore                                 462                         506                 968              0.01
Tanger Med                                215                          98                 314              0.00
Tianjin                                   140                           0                 140              0.00
Xiamen                                    249                           0                 249              0.02
---------------------------------------------------------------------------------------------------------------
TOTAL                                   5,688                       2,166               7,855              0.19



============================================================
Shipment Being Transported Statistics
============================================================

Average TEUs in Transition by Demand Matrix
------------------------------------------------------------
Origin Dest       Busan         Cartagena     Colombo       Hamburg       Ho Chi Minh CityJakarta       Jebel Ali     Kaohsiung     Laem Chabang  Los Angeles   New Jersey    Piraeus       Qingdao       Rotterdam     Shanghai      Shenzhen      Singapore     Tanger Med    Tianjin       Xiamen        
----------------------------------------------------------------------------------------------------------------------------------------------------------------------------------------------------------------------------------------------------------------------------------------------------------
Busan             -             41            57            158           5             14            120           83            12            463           213           108           8             191           37            36            52            93            5             14            
Cartagena         28            -             67            44            16            25            51            19            14            127           19            34            42            47            149           99            52            41            30            27            
Colombo           52            50            -             148           10            11            74            45            21            64            69            76            44            205           92            86            40            84            20            36            
Hamburg           89            26            174           -             19            27            196           73            25            139           80            28            80            9             257           242           86            29            49            74            
Ho Chi Minh City  4             19            26            36            -             7             62            11            2             68            29            23            8             54            35            37            12            29            9             13            
Jakarta           17            17            31            58            4             -             64            8             5             102           54            60            11            98            44            44            5             33            10            15            
Jebel Ali         65            46            64            121           19            18            -             65            23            140           78            71            40            178           75            96            54            167           22            62            
Kaohsiung         14            18            19            82            6             11            35            -             13            290           75            50            12            91            24            15            19            37            7             9             
Laem Chabang      12            12            31            46            5             5             56            7             -             83            30            37            8             62            27            34            6             28            17            11            
Los Angeles       274           131           102           106           31            39            145           127           27            -             476           99            225           192           392           280           111           73            72            115           
New Jersey        117           21            155           92            19            25            113           85            15            482           -             66            104           90            297           229           71            26            37            91            
Piraeus           62            31            105           15            11            24            145           45            18            95            77            -             56            32            201           162           68            17            31            59            
Qingdao           22            39            28            107           11            10            58            7             9             385           117           75            -             133           11            14            27            66            27            0             
Rotterdam         119           58            249           4             41            60            320           93            37            161           153           28            100           -             299           376           134           39            57            116           
Shanghai          15            80            60            246           14            25            121           10            20            475           225           189           19            358           -             15            58            145           37            4             
Shenzhen          22            61            45            287           25            23            140           6             16            246           295           178           12            435           36            -             30            106           7             11            
Singapore         32            57            29            141           4             11            109           35            6             301           86            94            44            217           82            84            -             87            18            49            
Tanger Med        56            30            119           14            21            30            143           41            25            78            28            10            42            14            172           156           108           -             29            48            
Tianjin           23            18            21            86            6             14            61            15            4             178           83            62            3             129           10            8             27            42            -             0             
Xiamen            17            34            44            152           6             6             69            6             6             166           169           88            7             195           25            14            32            61            1             -             

Completed TEUs by Demand Matrix
------------------------------------------------------------
Origin Dest       Busan         Cartagena     Colombo       Hamburg       Ho Chi Minh CityJakarta       Jebel Ali     Kaohsiung     Laem Chabang  Los Angeles   New Jersey    Piraeus       Qingdao       Rotterdam     Shanghai      Shenzhen      Singapore     Tanger Med    Tianjin       Xiamen        
----------------------------------------------------------------------------------------------------------------------------------------------------------------------------------------------------------------------------------------------------------------------------------------------------------
Busan             -             10            75            62            0             21            117           134           9             222           112           55            82            70            215           28            104           51            47            32            
Cartagena         2             -             20            60            5             13            29            0             1             5             70            40            3             61            62            12            40            106           0             3             
Colombo           54            13            -             64            21            27            226           40            25            22            80            55            40            69            147           52            163           77            19            37            
Hamburg           18            21            109           -             3             19            143           25            5             15            0             57            20            139           93            52            61            117           11            22            
Ho Chi Minh City  6             2             19            15            -             38            39            12            23            25            17            15            11            24            38            38            63            20            8             15            
Jakarta           14            0             43            16            19            -             51            2             16            31            20            26            9             30            68            12            41            29            8             8             
Jebel Ali         67            10            217           74            25            19            -             44            25            31            38            60            31            75            92            49            103           145           14            42            
Kaohsiung         101           3             25            31            0             15            28            -             4             152           39            26            35            41            60            14            24            11            30            20            
Laem Chabang      18            4             29            16            11            31            23            11            -             21            23            19            11            19            39            22            47            17            15            15            
Los Angeles       120           12            12            5             1             21            74            45            4             -             97            20            129           18            124           37            21            16            16            36            
New Jersey        27            90            59            140           7             14            51            24            7             83            -             72            25            140           158           80            65            88            3             21            
Piraeus           25            18            66            36            6             22            99            13            2             21            0             -             22            83            90            32            38            105           8             21            
Qingdao           68            0             42            42            6             20            56            15            3             198           69            25            -             60            144           26            49            49            13            2             
Rotterdam         46            29            159           69            7             39            191           32            11            31            0             73            34            -             109           73            61            177           15            27            
Shanghai          160           7             105           102           8             54            148           76            16            189           158           86            120           122           -             46            169           78            47            43            
Shenzhen          114           16            104           100           23            58            239           76            12            79            245           121           29            153           94            -             137           75            24            14            
Singapore         47            13            118           73            34            124           212           44            36            123           102           52            68            94            214           76            -             56            15            66            
Tanger Med        17            22            72            60            3             18            157           15            9             15            0             44            17            75            81            27            56            -             8             14            
Tianjin           68            0             29            42            4             19            57            14            4             102           47            34            52            55            90            10            40            27            -             1             
Xiamen            63            0             74            61            4             15            90            50            5             27            118           56            16            87            40            219           78            36            2             -             


============================================================
Service Route Capacity and Utilization Statistics
============================================================
Route     Name                                Avg Capacity TEU     Avg Carried TEU    Utilization
-------------------------------------------------------------------------------------------------
S1        Asia-Europe-NorthEurope                      189,364              13,297          7.02%
S2        Intra-EastAsia                                12,825                 276          2.15%
S3        SEA-Feeder                                     7,032                 217          3.09%
S4        Transpacific-WestCoast                       126,780               5,398          4.26%
S5        Asia-US-East                                 114,899               3,822          3.33%
S6        Transatlantic-SouthConnector                  22,721                 871          3.83%
S7        IndianOcean-MiddleEast                         7,443                 459          6.16%
-------------------------------------------------------------------------------------------------
TOTAL                                                  481,063              24,340          5.06%


============================================================
Vessel Statistics
============================================================
Metric                                            Average Count
---------------------------------------------------------------
Average vessels sailing                                   37.00
Average vessels waiting for berth at port                  0.19
Average vessels being served at berth                      1.81
---------------------------------------------------------------
TOTAL average active/port vessels                         39.00


Period Result Output: Period 3 (Days 11-15)
Output Simulation Day: 15
Simulation Running Time: 00:05:51

Simulation Progress: Day 20 / 360
Simulation Clock Time: 0001-06-10 00:00:00


============================================================
Shipment Waiting for Loading Statistics
============================================================

TEUs by Demand Matrix
------------------------------------------------------------
Origin Dest       Busan         Cartagena     Colombo       Hamburg       Ho Chi Minh CityJakarta       Jebel Ali     Kaohsiung     Laem Chabang  Los Angeles   New Jersey    Piraeus       Qingdao       Rotterdam     Shanghai      Shenzhen      Singapore     Tanger Med    Tianjin       Xiamen        
----------------------------------------------------------------------------------------------------------------------------------------------------------------------------------------------------------------------------------------------------------------------------------------------------------
Busan             -             4             18            17            3             3             26            71            1             60            24            9             15            14            44            28            16            9             8             10            
Cartagena         4             -             12            25            0             1             14            4             2             4             64            23            6             26            15            12            14            25            3             7             
Colombo           10            10            -             21            8             10            103           9             17            6             27            17            10            33            36            29            61            17            3             6             
Hamburg           5             12            14            -             2             3             22            4             2             5             44            16            5             28            19            21            8             21            1             6             
Ho Chi Minh City  1             1             5             5             -             6             11            2             5             4             3             2             2             5             13            8             16            3             1             2             
Jakarta           3             1             8             3             4             -             10            1             3             7             6             5             2             8             13            16            8             3             1             3             
Jebel Ali         14            6             122           20            14            16            -             9             9             13            28            17            10            31            21            25            53            30            2             10            
Kaohsiung         30            1             3             8             2             3             5             -             3             35            9             2             11            11            16            6             8             4             8             2             
Laem Chabang      2             1             6             4             2             6             9             0             -             5             2             3             3             4             11            8             14            2             2             2             
Los Angeles       29            3             9             4             3             3             13            7             2             -             20            4             20            9             43            22            11            4             6             9             
New Jersey        7             67            14            42            1             1             20            5             1             20            -             17            6             52            21            20            4             19            2             5             
Piraeus           6             6             15            9             1             2             26            3             2             4             14            -             5             20            18            16            9             23            2             6             
Qingdao           8             2             7             5             1             2             11            13            1             56            14            8             -             10            28            7             9             3             5             0             
Rotterdam         6             29            24            18            4             4             39            7             4             7             76            12            8             -             31            23            13            30            3             6             
Shanghai          36            11            29            21            7             9             29            20            7             58            48            19            22            36            -             26            40            15            14            11            
Shenzhen          32            16            27            22            7             12            41            19            5             34            66            26            8             43            16            -             36            17            7             3             
Singapore         9             9             52            17            8             13            85            7             9             22            29            16            10            28            40            40            -             11            4             12            
Tanger Med        5             23            18            11            3             4             18            4             3             4             21            14            4             18            17            17            10            -             4             6             
Tianjin           8             2             6             6             1             2             15            5             1             20            9             4             8             12            17            6             11            4             -             0             
Xiamen            17            2             17            16            3             2             24            14            2             23            17            12            5             20            15            54            18            7             1             -             

Port-Level Shipment Waiting and Vessel Queue Statistics

Port                       Origin Waiting TEU   Transshipment Waiting TEU   Total Waiting TEU   Vessels Waiting
---------------------------------------------------------------------------------------------------------------
Busan                                     381                         136                 516              0.02
Cartagena                                 261                           0                 261              0.00
Colombo                                   434                          11                 445              0.00
Hamburg                                   238                           0                 238              0.00
Ho Chi Minh City                           95                           0                  95              0.03
Jakarta                                   104                           0                 104              0.04
Jebel Ali                                 450                           0                 450              0.00
Kaohsiung                                 168                          46                 215              0.02
Laem Chabang                               85                           0                  85              0.02
Los Angeles                               222                           0                 222              0.00
New Jersey                                324                         146                 470              0.00
Piraeus                                   190                           0                 190              0.00
Qingdao                                   189                          99                 288              0.01
Rotterdam                                 342                           0                 343              0.01
Shanghai                                  458                         975               1,433              0.00
Shenzhen                                  436                          83                 519              0.00
Singapore                                 421                         503                 924              0.01
Tanger Med                                201                          83                 284              0.00
Tianjin                                   138                           0                 138              0.00
Xiamen                                    270                           0                 270              0.01
---------------------------------------------------------------------------------------------------------------
TOTAL                                   5,405                       2,083               7,488              0.17



============================================================
Shipment Being Transported Statistics
============================================================

Average TEUs in Transition by Demand Matrix
------------------------------------------------------------
Origin Dest       Busan         Cartagena     Colombo       Hamburg       Ho Chi Minh CityJakarta       Jebel Ali     Kaohsiung     Laem Chabang  Los Angeles   New Jersey    Piraeus       Qingdao       Rotterdam     Shanghai      Shenzhen      Singapore     Tanger Med    Tianjin       Xiamen        
----------------------------------------------------------------------------------------------------------------------------------------------------------------------------------------------------------------------------------------------------------------------------------------------------------
Busan             -             42            62            162           6             13            123           127           10            470           217           108           8             192           35            38            52            93            6             20            
Cartagena         28            -             66            38            14            22            50            20            14            123           22            30            42            41            140           92            50            33            30            27            
Colombo           57            56            -             148           12            18            92            47            23            67            74            78            47            208           91            88            39            82            21            38            
Hamburg           92            32            170           -             19            27            192           72            25            140           75            31            82            8             254           240           84            27            47            75            
Ho Chi Minh City  5             19            26            37            -             8             67            10            2             69            30            23            9             55            41            39            15            28            9             13            
Jakarta           17            17            31            56            4             -             66            8             5             100           57            60            12            99            42            44            4             32            9             16            
Jebel Ali         64            47            49            123           17            21            -             61            20            138           79            73            40            181           67            88            41            164           21            61            
Kaohsiung         14            19            17            82            7             11            35            -             13            298           77            48            14            92            28            14            20            38            7             10            
Laem Chabang      12            13            30            48            5             6             60            6             -             84            28            37            9             62            29            35            9             28            16            10            
Los Angeles       279           132           107           108           33            41            150           126           28            -             476           98            218           194           402           274           115           73            73            118           
New Jersey        116           54            152           83            19            24            114           81            15            478           -             59            102           73            286           222           67            23            37            90            
Piraeus           63            33            104           15            12            22            142           45            19            93            72            -             57            31            196           157           68            17            31            60            
Qingdao           20            40            27            105           11            10            61            14            10            396           121           78            -             132           10            12            29            63            26            0             
Rotterdam         123           67            249           5             41            58            326           94            38            162           136           29            102           -             307           373           139           34            57            119           
Shanghai          14            85            68            248           16            25            123           10            22            474           242           189           17            363           -             15            69            146           36            5             
Shenzhen          33            67            53            287           25            25            146           4             17            255           306           185           14            442           40            -             39            111           10            13            
Singapore         36            59            35            138           5             12            136           34            6             293           88            96            44            214           76            80            -             84            19            53            
Tanger Med        59            35            124           12            23            31            138           42            26            80            26            12            43            14            166           158           107           -             30            51            
Tianjin           19            19            21            82            6             12            60            16            4             182           84            59            3             125           11            8             29            41            -             0             
Xiamen            24            35            40            152           6             6             67            5             7             164           166           85            8             187           29            11            32            60            1             -             

Completed TEUs by Demand Matrix
------------------------------------------------------------
Origin Dest       Busan         Cartagena     Colombo       Hamburg       Ho Chi Minh CityJakarta       Jebel Ali     Kaohsiung     Laem Chabang  Los Angeles   New Jersey    Piraeus       Qingdao       Rotterdam     Shanghai      Shenzhen      Singapore     Tanger Med    Tianjin       Xiamen        
----------------------------------------------------------------------------------------------------------------------------------------------------------------------------------------------------------------------------------------------------------------------------------------------------------
Busan             -             29            75            88            3             21            159           134           13            390           112           79            101           108           276           109           151           51            69            32            
Cartagena         2             -             31            85            14            13            44            0             3             40            70            50            3             92            62            48            40            106           3             3             
Colombo           54            42            -             100           37            27            277           40            65            39            80            71            40            130           196           161           198           77            25            37            
Hamburg           18            49            109           -             7             19            218           25            12            38            127           97            20            175           117           125           72            197           22            22            
Ho Chi Minh City  6             12            55            19            -             38            39            12            32            42            17            18            11            32            38            52            103           20            11            15            
Jakarta           14            11            74            28            28            -             51            2             25            65            20            37            9             47            68            58            58            29            11            8             
Jebel Ali         67            24            217           93            47            19            -             44            50            67            38            96            31            143           110           122           105           145           17            42            
Kaohsiung         168           10            25            41            4             15            44            -             11            301           39            39            45            56            81            26            37            11            48            20            
Laem Chabang      18            12            68            19            17            31            23            11            -             41            23            26            11            28            42            53            89            17            20            15            
Los Angeles       120           33            12            12            3             21            84            45            7             -             97            38            129           34            212           115           51            16            35            36            
New Jersey        27            254           107           212           15            14            83            24            13            167           -             106           25            218           195           146           65            88            14            21            
Piraeus           25            34            66            48            10            22            160           13            10            36            81            -             22            116           99            87            49            105           11            21            
Qingdao           68            24            42            62            12            20            77            15            10            341           69            37            -             84            186           45            79            49            41            2             
Rotterdam         46            106           159           97            22            39            280           32            24            55            263           101           34            -             133           171           78            277           24            27            
Shanghai          160           41            105           143           19            54            227           76            26            402           158           142           120           192           -             136           276           78            104           43            
Shenzhen          162           42            104           155           41            58            306           76            26            200           245           155           41            245           116           -             221           75            34            14            
Singapore         47            50            225           97            52            124           212           44            48            247           102           80            68            142           271           221           -             56            20            66            
Tanger Med        17            75            72            73            4             18            211           15            17            28            65            78            17            110           113           72            86            -             12            14            
Tianjin           68            9             29            59            7             19            85            14            5             148           47            47            59            81            123           21            74            27            -             1             
Xiamen            63            14            74            78            8             15            126           50            7             106           118           69            16            133           40            219           122           36            2             -             


============================================================
Service Route Capacity and Utilization Statistics
============================================================
Route     Name                                Avg Capacity TEU     Avg Carried TEU    Utilization
-------------------------------------------------------------------------------------------------
S1        Asia-Europe-NorthEurope                      189,282              13,197          6.97%
S2        Intra-EastAsia                                12,838                 384          2.99%
S3        SEA-Feeder                                     7,077                 245          3.46%
S4        Transpacific-WestCoast                       126,810               5,449          4.30%
S5        Asia-US-East                                 114,831               3,967          3.45%
S6        Transatlantic-SouthConnector                  22,524                 878          3.90%
S7        IndianOcean-MiddleEast                         7,495                 498          6.64%
-------------------------------------------------------------------------------------------------
TOTAL                                                  480,856              24,618          5.12%


============================================================
Vessel Statistics
============================================================
Metric                                            Average Count
---------------------------------------------------------------
Average vessels sailing                                   36.99
Average vessels waiting for berth at port                  0.17
Average vessels being served at berth                      1.84
---------------------------------------------------------------
TOTAL average active/port vessels                         39.00


Period Result Output: Period 4 (Days 16-20)
Output Simulation Day: 20
Simulation Running Time: 00:07:45

Simulation Progress: Day 25 / 360
Simulation Clock Time: 0001-06-15 00:00:00


============================================================
Shipment Waiting for Loading Statistics
============================================================

TEUs by Demand Matrix
------------------------------------------------------------
Origin Dest       Busan         Cartagena     Colombo       Hamburg       Ho Chi Minh CityJakarta       Jebel Ali     Kaohsiung     Laem Chabang  Los Angeles   New Jersey    Piraeus       Qingdao       Rotterdam     Shanghai      Shenzhen      Singapore     Tanger Med    Tianjin       Xiamen        
----------------------------------------------------------------------------------------------------------------------------------------------------------------------------------------------------------------------------------------------------------------------------------------------------------
Busan             -             4             17            17            3             4             25            71            1             56            24            10            16            15            42            29            17            10            9             10            
Cartagena         3             -             10            22            0             1             12            3             1             4             53            19            5             23            13            11            11            21            2             6             
Colombo           10            9             -             21            7             9             88            8             14            6             26            17            9             31            34            29            54            17            3             6             
Hamburg           6             13            15            -             2             3             22            4             2             7             42            17            6             32            21            23            9             22            2             5             
Ho Chi Minh City  2             2             5             5             -             7             11            1             5             4             3             3             2             5             11            8             16            3             1             2             
Jakarta           3             1             8             3             3             -             9             2             3             6             6             5             2             8             14            13            7             3             1             3             
Jebel Ali         15            6             107           24            12            14            -             8             8             12            23            18            9             36            20            22            47            33            2             9             
Kaohsiung         29            1             3             7             2             3             5             -             3             34            9             3             10            10            15            7             8             4             9             2             
Laem Chabang      2             1             7             4             2             6             11            1             -             5             2             4             3             5             11            8             16            2             2             2             
Los Angeles       27            3             8             4             3             3             12            7             2             -             18            3             20            8             42            22            9             3             6             9             
New Jersey        7             62            14            43            1             1             20            5             1             21            -             18            6             58            21            20            4             19            2             5             
Piraeus           6             6             15            9             1             2             24            3             2             4             17            -             6             23            17            15            8             22            2             6             
Qingdao           8             2             7             5             2             2             11            13            1             53            14            8             -             10            25            7             9             3             4             0             
Rotterdam         7             26            23            18            4             4             36            6             3             7             73            12            7             -             30            24            12            29            3             6             
Shanghai          33            11            29            21            7             9             27            20            8             57            47            18            21            35            -             26            38            14            16            11            
Shenzhen          29            15            30            23            8             11            39            18            5             30            61            25            7             39            18            -             36            15            6             3             
Singapore         9             8             47            15            8             12            73            6             9             20            25            15            9             24            37            35            -             11            4             11            
Tanger Med        4             19            16            13            2             3             17            3             3             4             18            13            3             20            16            15            9             -             3             5             
Tianjin           7             2             7             8             1             1             15            5             1             21            10            4             8             17            20            7             12            6             -             0             
Xiamen            16            2             15            16            2             2             22            12            2             20            17            12            4             17            13            49            16            6             1             -             

Port-Level Shipment Waiting and Vessel Queue Statistics

Port                       Origin Waiting TEU   Transshipment Waiting TEU   Total Waiting TEU   Vessels Waiting
---------------------------------------------------------------------------------------------------------------
Busan                                     378                         130                 507              0.02
Cartagena                                 221                           0                 221              0.00
Colombo                                   397                          12                 409              0.01
Hamburg                                   254                           0                 254              0.00
Ho Chi Minh City                           95                           0                  95              0.03
Jakarta                                    99                           0                  99              0.05
Jebel Ali                                 424                           0                 424              0.00
Kaohsiung                                 165                          47                 213              0.02
Laem Chabang                               93                           0                  93              0.02
Los Angeles                               210                           0                 210              0.00
New Jersey                                328                         147                 475              0.00
Piraeus                                   189                           0                 189              0.00
Qingdao                                   184                          84                 268              0.01
Rotterdam                                 333                           1                 334              0.01
Shanghai                                  446                         939               1,385              0.00
Shenzhen                                  417                         136                 553              0.00
Singapore                                 378                         503                 881              0.01
Tanger Med                                188                          77                 265              0.00
Tianjin                                   152                           0                 152              0.00
Xiamen                                    245                           0                 245              0.02
---------------------------------------------------------------------------------------------------------------
TOTAL                                   5,196                       2,076               7,272              0.18



============================================================
Shipment Being Transported Statistics
============================================================

Average TEUs in Transition by Demand Matrix
------------------------------------------------------------
Origin Dest       Busan         Cartagena     Colombo       Hamburg       Ho Chi Minh CityJakarta       Jebel Ali     Kaohsiung     Laem Chabang  Los Angeles   New Jersey    Piraeus       Qingdao       Rotterdam     Shanghai      Shenzhen      Singapore     Tanger Med    Tianjin       Xiamen        
----------------------------------------------------------------------------------------------------------------------------------------------------------------------------------------------------------------------------------------------------------------------------------------------------------
Busan             -             40            61            166           7             13            127           131           9             469           217           109           9             192           34            35            48            93            6             17            
Cartagena         28            -             69            42            13            22            53            21            15            120           38            34            42            48            140           92            54            37            31            27            
Colombo           52            55            -             153           13            18            88            46            20            68            77            82            45            212           94            94            41            84            22            38            
Hamburg           90            32            165           -             19            27            187           71            24            138           76            30            80            6             251           239           83            22            46            74            
Ho Chi Minh City  5             18            25            39            -             9             62            10            2             68            29            23            9             56            44            42            15            27            9             13            
Jakarta           17            15            32            55            4             -             63            9             5             96            59            61            12            101           46            51            5             33            9             16            
Jebel Ali         63            47            70            125           17            23            -             58            19            139           82            71            41            179           70            89            48            158           21            56            
Kaohsiung         17            18            16            82            7             11            36            -             14            288           78            46            15            94            28            16            21            39            9             9             
Laem Chabang      11            12            27            49            5             6             56            6             -             84            27            36            10            62            33            36            9             27            15            9             
Los Angeles       275           130           108           110           33            41            157           128           28            -             465           95            216           196           407           276           116           72            74            120           
New Jersey        112           45            149           80            18            23            115           80            14            472           -             55            100           70            282           219           63            25            37            87            
Piraeus           63            32            103           16            12            21            143           45            19            91            70            -             57            33            195           156           68            19            31            58            
Qingdao           20            37            27            104           10            10            65            15            9             402           124           80            -             133           9             10            27            60            24            0             
Rotterdam         122           63            244           5             40            57            330           93            37            162           132           28            103           -             313           371           142           30            57            116           
Shanghai          11            83            64            249           17            24            124           12            23            466           246           185           17            366           -             13            62            146           33            4             
Shenzhen          43            68            52            285           23            22            154           5             18            257           301           189           15            443           42            -             36            114           12            13            
Singapore         35            56            35            140           5             12            133           33            8             282           91            99            43            217           80            79            -             84            21            50            
Tanger Med        59            34            125           12            25            31            136           42            27            81            26            14            43            14            166           162           104           -             31            51            
Tianjin           18            18            21            78            6             10            60            14            4             178           84            57            2             122           9             7             27            40            -             0             
Xiamen            33            34            40            155           6             6             72            6             7             164           163           85            11            186           35            13            32            60            1             -             

Completed TEUs by Demand Matrix
------------------------------------------------------------
Origin Dest       Busan         Cartagena     Colombo       Hamburg       Ho Chi Minh CityJakarta       Jebel Ali     Kaohsiung     Laem Chabang  Los Angeles   New Jersey    Piraeus       Qingdao       Rotterdam     Shanghai      Shenzhen      Singapore     Tanger Med    Tianjin       Xiamen        
----------------------------------------------------------------------------------------------------------------------------------------------------------------------------------------------------------------------------------------------------------------------------------------------------------
Busan             -             29            130           88            10            29            159           411           17            460           165           79            108           137           302           151           159           72            69            70            
Cartagena         12            -             31            85            14            13            44            3             5             40            199           50            17            92            62            48            44            106           3             11            
Colombo           104           42            -             100           45            61            464           73            71            39            111           71            83            181           255           200           237           103           25            61            
Hamburg           44            55            139           -             9             21            218           43            14            38            127           131           46            175           147           146           92            215           22            41            
Ho Chi Minh City  9             12            55            19            -             55            104           16            43            42            24            18            16            47            78            74            103           23            11            20            
Jakarta           24            11            83            28            33            -             105           10            30            65            33            37            19            62            79            76            82            35            11            20            
Jebel Ali         109           24            409           93            48            47            -             84            50            67            74            96            55            203           144           166           105           208           17            88            
Kaohsiung         227           10            30            41            7             21            44            -             15            355           49            39            58            72            102           38            37            19            48            28            
Laem Chabang      23            12            70            19            21            47            83            15            -             41            31            26            16            41            61            70            89            19            20            19            
Los Angeles       193           33            43            12            14            34            84            58            11            -             205           38            157           70            212           165           51            33            35            55            
New Jersey        61            281           107           212           17            17            83            48            16            167           -             106           52            218           195           146           82            88            14            43            
Piraeus           38            50            94            48            11            27            160           31            11            36            81            -             37            162           131           109           68            170           11            50            
Qingdao           79            24            59            62            18            28            77            66            14            413           91            37            -             112           202           60            88            62            41            4             
Rotterdam         75            116           223           97            26            45            280           54            26            55            263           127           57            -             186           222           107           311           24            65            
Shanghai          203           41            190           143           32            75            227           119           44            493           227           142           169           254           -             155           327           105           104           68            
Shenzhen          162           42            180           155           60            84            306           113           38            257           346           155           41            360           116           -             263           108           34            26            
Singapore         85            50            263           97            67            154           409           69            72            247           125           80            102           190           345           273           -             83            20            122           
Tanger Med        38            78            109           73            8             27            211           26            19            28            65            101           28            132           130           99            109           -             12            30            
Tianjin           68            9             41            59            9             24            85            36            6             193           63            47            59            107           123           36            74            33            -             2             
Xiamen            63            14            101           78            11            19            126           75            14            148           159           69            16            164           40            325           122           51            2             -             


============================================================
Service Route Capacity and Utilization Statistics
============================================================
Route     Name                                Avg Capacity TEU     Avg Carried TEU    Utilization
-------------------------------------------------------------------------------------------------
S1        Asia-Europe-NorthEurope                      189,279              13,122          6.93%
S2        Intra-EastAsia                                12,855                 431          3.35%
S3        SEA-Feeder                                     7,043                 247          3.51%
S4        Transpacific-WestCoast                       126,886               5,394          4.25%
S5        Asia-US-East                                 114,854               3,985          3.47%
S6        Transatlantic-SouthConnector                  22,693                 920          4.06%
S7        IndianOcean-MiddleEast                         7,417                 526          7.10%
-------------------------------------------------------------------------------------------------
TOTAL                                                  481,027              24,626          5.12%


============================================================
Vessel Statistics
============================================================
Metric                                            Average Count
---------------------------------------------------------------
Average vessels sailing                                   37.00
Average vessels waiting for berth at port                  0.18
Average vessels being served at berth                      1.82
---------------------------------------------------------------
TOTAL average active/port vessels                         39.00


Period Result Output: Period 5 (Days 21-25)
Output Simulation Day: 25
Simulation Running Time: 00:09:45

Simulation Progress: Day 30 / 360
Simulation Clock Time: 0001-06-20 00:00:00


============================================================
Shipment Waiting for Loading Statistics
============================================================

TEUs by Demand Matrix
------------------------------------------------------------
Origin Dest       Busan         Cartagena     Colombo       Hamburg       Ho Chi Minh CityJakarta       Jebel Ali     Kaohsiung     Laem Chabang  Los Angeles   New Jersey    Piraeus       Qingdao       Rotterdam     Shanghai      Shenzhen      Singapore     Tanger Med    Tianjin       Xiamen        
----------------------------------------------------------------------------------------------------------------------------------------------------------------------------------------------------------------------------------------------------------------------------------------------------------
Busan             -             4             17            16            2             3             24            71            1             55            23            10            16            15            41            29            17            9             10            12            
Cartagena         4             -             9             22            0             2             12            3             1             4             49            18            5             24            13            11            11            21            2             5             
Colombo           11            8             -             20            8             8             79            7             13            6             24            18            9             31            32            31            48            16            3             6             
Hamburg           5             14            16            -             2             3             22            4             2             6             46            17            6             33            20            21            9             22            2             5             
Ho Chi Minh City  2             2             6             5             -             6             11            1             5             4             3             3             2             5             11            9             15            3             1             3             
Jakarta           2             1             9             3             3             -             9             2             3             6             5             5             2             8             14            12            8             3             1             3             
Jebel Ali         15            5             107           21            12            14            -             8             8             12            21            16            9             33            21            21            49            29            2             9             
Kaohsiung         28            2             3             7             2             4             5             -             3             34            9             4             11            10            16            8             9             5             9             3             
Laem Chabang      2             1             6             4             2             5             10            1             -             5             2             4             3             5             12            8             16            2             2             2             
Los Angeles       28            3             8             4             3             3             13            9             2             -             17            4             19            8             43            24            9             4             7             10            
New Jersey        8             59            15            38            1             2             17            5             1             24            -             16            5             51            23            23            6             17            2             5             
Piraeus           5             6             15            9             1             2             23            3             2             4             17            -             6             24            18            17            9             22            2             6             
Qingdao           8             2             7             5             1             2             10            12            1             60            13            7             -             10            24            7             10            3             4             0             
Rotterdam         6             26            23            19            4             4             34            6             3             7             79            12            7             -             28            23            12            28            3             6             
Shanghai          33            10            26            22            6             8             26            20            7             62            42            17            22            35            -             24            37            13            17            11            
Shenzhen          28            14            31            23            8             10            39            18            5             29            58            25            7             37            19            -             35            15            6             3             
Singapore         10            8             45            15            8             11            67            7             9             20            25            15            10            24            34            35            -             11            3             11            
Tanger Med        5             18            16            17            2             3             18            3             3             3             18            12            3             25            16            15            9             -             3             5             
Tianjin           7             2             7             7             1             1             14            5             1             19            9             4             8             15            19            7             11            5             -             0             
Xiamen            17            3             15            17            2             3             22            11            2             19            17            11            4             17            13            48            16            6             1             -             

Port-Level Shipment Waiting and Vessel Queue Statistics

Port                       Origin Waiting TEU   Transshipment Waiting TEU   Total Waiting TEU   Vessels Waiting
---------------------------------------------------------------------------------------------------------------
Busan                                     378                         112                 490              0.02
Cartagena                                 217                           0                 217              0.00
Colombo                                   378                          28                 407              0.01
Hamburg                                   254                           0                 254              0.00
Ho Chi Minh City                           97                           0                  97              0.04
Jakarta                                    99                           0                  99              0.05
Jebel Ali                                 411                           0                 411              0.00
Kaohsiung                                 172                          40                 212              0.02
Laem Chabang                               91                           0                  91              0.01
Los Angeles                               217                           0                 217              0.00
New Jersey                                319                         143                 462              0.00
Piraeus                                   191                           0                 192              0.00
Qingdao                                   185                          88                 274              0.01
Rotterdam                                 328                           2                 330              0.01
Shanghai                                  441                         933               1,374              0.00
Shenzhen                                  410                         150                 560              0.00
Singapore                                 368                         514                 882              0.01
Tanger Med                                196                          78                 274              0.00
Tianjin                                   142                           0                 142              0.00
Xiamen                                    244                           0                 244              0.02
---------------------------------------------------------------------------------------------------------------
TOTAL                                   5,139                       2,089               7,228              0.18



============================================================
Shipment Being Transported Statistics
============================================================

Average TEUs in Transition by Demand Matrix
------------------------------------------------------------
Origin Dest       Busan         Cartagena     Colombo       Hamburg       Ho Chi Minh CityJakarta       Jebel Ali     Kaohsiung     Laem Chabang  Los Angeles   New Jersey    Piraeus       Qingdao       Rotterdam     Shanghai      Shenzhen      Singapore     Tanger Med    Tianjin       Xiamen        
----------------------------------------------------------------------------------------------------------------------------------------------------------------------------------------------------------------------------------------------------------------------------------------------------------
Busan             -             40            58            166           7             14            123           130           8             472           221           109           9             193           33            37            52            94            5             17            
Cartagena         28            -             72            44            12            21            55            22            15            118           32            37            42            54            137           91            56            40            31            27            
Colombo           51            56            -             155           15            17            78            45            19            71            84            86            43            212           94            99            39            87            21            38            
Hamburg           89            33            166           -             20            27            187           68            24            139           70            30            79            7             252           243           83            23            45            74            
Ho Chi Minh City  6             18            23            40            -             9             60            9             2             69            30            23            10            55            42            42            14            27            8             13            
Jakarta           17            15            32            54            4             -             61            9             5             96            61            60            12            101           47            52            5             33            9             16            
Jebel Ali         64            47            59            125           17            25            -             53            18            141           84            74            41            182           74            86            48            159           19            53            
Kaohsiung         15            18            17            80            7             11            36            -             13            280           80            45            13            94            26            16            22            39            8             9             
Laem Chabang      11            11            25            47            5             5             55            6             -             85            26            36            11            62            35            35            9             28            14            9             
Los Angeles       275           128           108           108           33            41            159           129           28            -             457           94            218           193           413           273           116           70            73            122           
New Jersey        110           47            144           91            18            22            121           78            14            471           -             58            98            84            277           216           61            31            35            85            
Piraeus           63            32            105           15            12            20            140           43            18            91            70            -             58            35            193           155           67            21            30            57            
Qingdao           21            36            27            102           9             10            64            15            8             403           128           81            -             133           9             10            29            59            23            0             
Rotterdam         124           60            246           5             41            55            336           92            37            164           121           29            104           -             317           371           143           31            56            115           
Shanghai          13            85            61            246           17            24            118           15            24            458           257           181           19            367           -             14            61            146           32            5             
Shenzhen          54            70            54            281           24            21            148           6             18            256           303           192           17            433           48            -             38            116           14            13            
Singapore         37            53            33            139           6             12            123           32            8             280           93            102           44            218           75            75            -             86            19            49            
Tanger Med        59            34            128           10            25            31            136           42            27            82            24            14            44            12            166           163           101           -             31            51            
Tianjin           18            18            22            77            6             9             61            13            4             178           85            55            2             125           10            8             30            42            -             0             
Xiamen            42            34            40            154           6             7             71            6             7             160           163           85            14            183           36            13            34            60            2             -             

Completed TEUs by Demand Matrix
------------------------------------------------------------
Origin Dest       Busan         Cartagena     Colombo       Hamburg       Ho Chi Minh CityJakarta       Jebel Ali     Kaohsiung     Laem Chabang  Los Angeles   New Jersey    Piraeus       Qingdao       Rotterdam     Shanghai      Shenzhen      Singapore     Tanger Med    Tianjin       Xiamen        
----------------------------------------------------------------------------------------------------------------------------------------------------------------------------------------------------------------------------------------------------------------------------------------------------------
Busan             -             29            135           120           13            29            253           539           17            460           165           104           146           137           369           207           164           72            94            92            
Cartagena         16            -             31            85            14            16            44            4             5             40            225           50            17            92            84            58            44            106           13            14            
Colombo           116           42            -             149           66            67            550           88            71            39            111           106           83            181           321           201           290           103           37            77            
Hamburg           55            55            139           -             10            27            257           52            14            38            201           131           46            239           205           146           92            258           31            50            
Ho Chi Minh City  11            12            70            27            -             74            114           21            43            42            24            23            16            47            106           81            135           23            15            27            
Jakarta           31            11            104           38            42            -             108           12            30            65            33            63            19            62            121           99            107           35            15            29            
Jebel Ali         129           24            409           145           68            48            -             92            50            67            74            127           55            203           148           166           187           208           30            99            
Kaohsiung         227           10            30            56            10            21            55            -             15            355           49            47            76            72            132           58            43            19            73            36            
Laem Chabang      27            12            85            38            29            56            98            15            -             41            31            36            16            41            91            74            135           19            25            21            
Los Angeles       257           33            43            31            17            34            115           93            11            -             205           45            157           70            299           165           73            33            51            82            
New Jersey        82            281           139           212           17            19            83            60            16            167           -             106           52            218           244           183           90            88            22            53            
Piraeus           53            50            94            70            13            30            213           39            11            36            110           -             37            162           191           109           68            170           21            60            
Qingdao           118           24            61            79            20            29            131           84            14            413           91            61            -             112           241           75            95            62            48            5             
Rotterdam         87            116           223           122           35            62            363           66            26            55            361           127           57            -             241           222           107           375           34            80            
Shanghai          270           41            202           202           45            85            338           163           44            493           227           194           169           254           -             206           350           105           127           90            
Shenzhen          184           42            194           213           71            93            474           156           38            257           346           202           41            360           154           -             291           108           34            30            
Singapore         119           50            306           123           97            188           508           86            72            247           125           112           102           190           439           306           -             83            39            161           
Tanger Med        41            78            109           91            15            31            236           32            19            28            94            101           28            132           158           99            109           -             17            39            
Tianjin           91            9             41            73            9             24            114           41            6             193           63            59            76            107           169           52            76            33            -             2             
Xiamen            106           14            101           115           12            19            173           93            14            148           159           88            16            164           80            420           132           51            2             -             


============================================================
Service Route Capacity and Utilization Statistics
============================================================
Route     Name                                Avg Capacity TEU     Avg Carried TEU    Utilization
-------------------------------------------------------------------------------------------------
S1        Asia-Europe-NorthEurope                      189,546              13,045          6.88%
S2        Intra-EastAsia                                12,676                 481          3.80%
S3        SEA-Feeder                                     7,026                 243          3.46%
S4        Transpacific-WestCoast                       127,166               5,369          4.22%
S5        Asia-US-East                                 114,762               4,021          3.50%
S6        Transatlantic-SouthConnector                  22,810                 994          4.36%
S7        IndianOcean-MiddleEast                         7,450                 490          6.58%
-------------------------------------------------------------------------------------------------
TOTAL                                                  481,437              24,643          5.12%


============================================================
Vessel Statistics
============================================================
Metric                                            Average Count
---------------------------------------------------------------
Average vessels sailing                                   37.02
Average vessels waiting for berth at port                  0.18
Average vessels being served at berth                      1.80
---------------------------------------------------------------
TOTAL average active/port vessels                         39.00


Period Result Output: Period 6 (Days 26-30)
Output Simulation Day: 30
Simulation Running Time: 00:11:50

Simulation Progress: Day 35 / 360
Simulation Clock Time: 0001-06-25 00:00:00


============================================================
Shipment Waiting for Loading Statistics
============================================================

TEUs by Demand Matrix
------------------------------------------------------------
Origin Dest       Busan         Cartagena     Colombo       Hamburg       Ho Chi Minh CityJakarta       Jebel Ali     Kaohsiung     Laem Chabang  Los Angeles   New Jersey    Piraeus       Qingdao       Rotterdam     Shanghai      Shenzhen      Singapore     Tanger Med    Tianjin       Xiamen        
----------------------------------------------------------------------------------------------------------------------------------------------------------------------------------------------------------------------------------------------------------------------------------------------------------
Busan             -             4             17            16            2             3             23            72            1             52            23            10            15            15            40            28            17            8             10            12            
Cartagena         3             -             8             20            0             2             11            3             1             4             45            17            4             22            12            11            10            20            2             5             
Colombo           10            7             -             19            7             8             74            7             11            6             24            17            9             29            33            30            44            16            3             7             
Hamburg           5             15            18            -             2             4             24            4             2             6             48            18            6             35            21            20            10            23            2             5             
Ho Chi Minh City  2             1             6             5             -             6             10            2             4             4             3             3             2             5             11            9             15            3             1             2             
Jakarta           3             1             9             3             4             -             10            2             3             6             5             5             2             8             15            14            8             2             1             3             
Jebel Ali         16            5             113           22            11            15            -             9             9             13            21            17            10            32            21            22            54            28            2             9             
Kaohsiung         27            1             3             7             2             4             5             -             2             34            10            4             10            9             15            7             8             5             8             3             
Laem Chabang      2             1             6             4             2             6             9             1             -             4             2             4             2             5             11            8             15            2             2             2             
Los Angeles       27            3             8             3             3             2             12            9             2             -             16            4             17            8             44            25            8             3             6             10            
New Jersey        8             59            18            38            1             3             17            6             2             29            -             17            6             51            31            29            9             18            3             6             
Piraeus           5             7             16            9             1             2             23            3             2             4             16            -             6             24            18            17            9             24            2             6             
Qingdao           8             2             7             5             1             2             10            12            1             56            12            7             -             10            24            8             11            3             4             0             
Rotterdam         6             27            23            19            4             4             34            6             3             7             87            12            7             -             28            24            12            29            3             7             
Shanghai          34            10            25            24            7             9             26            21            8             64            41            17            23            34            -             25            39            13            17            12            
Shenzhen          29            13            34            23            8             10            36            19            5             29            57            24            7             35            19            -             36            15            6             3             
Singapore         11            7             40            15            8             11            66            7             10            22            23            16            11            24            34            38            -             11            4             11            
Tanger Med        5             20            14            16            2             3             19            3             3             4             18            12            3             23            15            15            8             -             3             5             
Tianjin           8             2             7             7             1             1             14            5             1             19            10            4             8             16            19            7             11            5             -             0             
Xiamen            17            3             14            17            2             3             21            11            2             19            18            11            5             18            14            50            15            6             1             -             

Port-Level Shipment Waiting and Vessel Queue Statistics

Port                       Origin Waiting TEU   Transshipment Waiting TEU   Total Waiting TEU   Vessels Waiting
---------------------------------------------------------------------------------------------------------------
Busan                                     369                         102                 471              0.01
Cartagena                                 200                           0                 200              0.00
Colombo                                   360                          29                 389              0.00
Hamburg                                   270                           0                 270              0.00
Ho Chi Minh City                           95                           0                  95              0.03
Jakarta                                   103                           0                 103              0.05
Jebel Ali                                 430                           0                 430              0.00
Kaohsiung                                 165                          46                 212              0.01
Laem Chabang                               88                           0                  88              0.02
Los Angeles                               214                           0                 214              0.00
New Jersey                                352                         133                 485              0.00
Piraeus                                   192                           0                 193              0.00
Qingdao                                   186                          78                 264              0.01
Rotterdam                                 343                           3                 346              0.01
Shanghai                                  448                         917               1,365              0.00
Shenzhen                                  408                         167                 575              0.00
Singapore                                 367                         542                 909              0.01
Tanger Med                                191                         148                 338              0.00
Tianjin                                   145                           0                 145              0.01
Xiamen                                    245                           0                 245              0.01
---------------------------------------------------------------------------------------------------------------
TOTAL                                   5,173                       2,164               7,337              0.18



============================================================
Shipment Being Transported Statistics
============================================================

Average TEUs in Transition by Demand Matrix
------------------------------------------------------------
Origin Dest       Busan         Cartagena     Colombo       Hamburg       Ho Chi Minh CityJakarta       Jebel Ali     Kaohsiung     Laem Chabang  Los Angeles   New Jersey    Piraeus       Qingdao       Rotterdam     Shanghai      Shenzhen      Singapore     Tanger Med    Tianjin       Xiamen        
----------------------------------------------------------------------------------------------------------------------------------------------------------------------------------------------------------------------------------------------------------------------------------------------------------
Busan             -             40            58            169           6             15            121           128           8             479           228           110           11            193           37            37            57            93            6             18            
Cartagena         28            -             72            48            12            21            56            22            15            118           33            42            42            59            137           92            59            39            30            27            
Colombo           52            56            -             158           14            17            74            44            18            72            91            91            41            213           93            105           38            90            22            39            
Hamburg           88            31            165           -             21            27            186           66            23            138           67            29            78            8             249           241           83            23            44            74            
Ho Chi Minh City  7             18            23            41            -             8             60            8             2             69            31            24            10            56            40            41            13            27            8             14            
Jakarta           17            14            31            53            4             -             61            10            5             94            63            59            12            101           48            51            5             32            9             15            
Jebel Ali         64            46            55            126           15            25            -             50            16            140           85            75            40            184           78            85            43            154           17            51            
Kaohsiung         15            18            18            80            7             12            37            -             13            274           83            45            14            95            27            16            24            40            8             9             
Laem Chabang      11            11            24            47            5             5             54            6             -             85            27            37            11            62            37            34            9             28            14            9             
Los Angeles       275           125           108           108           33            41            163           131           29            -             455           93            217           193           419           268           114           70            74            124           
New Jersey        106           43            139           94            17            21            120           75            13            471           -             60            93            86            271           211           58            29            34            83            
Piraeus           63            32            107           16            12            19            137           42            18            90            71            -             59            36            189           155           68            20            30            57            
Qingdao           20            35            29            101           9             10            64            14            8             415           133           81            -             134           10            10            30            56            21            0             
Rotterdam         125           56            246           5             41            54            332           90            37            164           112           28            104           -             320           367           146           32            56            114           
Shanghai          12            84            58            247           17            23            113           13            23            461           270           178           17            369           -             15            57            142           32            4             
Shenzhen          66            71            55            279           24            20            146           5             16            259           310           196           19            424           52            -             34            119           17            14            
Singapore         39            53            34            139           6             13            119           31            7             278           99            103           44            217           70            76            -             86            18            46            
Tanger Med        60            30            130           15            25            32            139           42            28            82            22            14            44            16            167           164           99            -             31            51            
Tianjin           16            18            24            76            6             9             62            11            4             180           88            53            2             128           11            8             31            42            -             0             
Xiamen            48            34            42            154           6             8             72            5             8             160           167           85            15            181           38            12            34            60            2             -             

Completed TEUs by Demand Matrix
------------------------------------------------------------
Origin Dest       Busan         Cartagena     Colombo       Hamburg       Ho Chi Minh CityJakarta       Jebel Ali     Kaohsiung     Laem Chabang  Los Angeles   New Jersey    Piraeus       Qingdao       Rotterdam     Shanghai      Shenzhen      Singapore     Tanger Med    Tianjin       Xiamen        
----------------------------------------------------------------------------------------------------------------------------------------------------------------------------------------------------------------------------------------------------------------------------------------------------------
Busan             -             31            157           157           13            36            292           539           18            560           165           124           192           175           468           207           176           95            123           92            
Cartagena         16            -             72            131           14            16            66            4             5             40            225           50            23            173           84            58            44            160           16            14            
Colombo           116           59            -             188           66            79            615           88            83            55            111           142           94            263           331           261           331           124           43            77            
Hamburg           55            85            185           -             10            27            281           52            19            59            201           160           60            326           205           198           107           258           37            50            
Ho Chi Minh City  11            15            83            31            -             82            150           21            48            60            24            29            20            55            115           103           159           28            16            27            
Jakarta           31            15            126           62            42            -             148           12            40            83            33            76            24            104           145           124           130           44            17            29            
Jebel Ali         129           45            418           185           68            79            -             92            63            101           74            160           71            262           174           169           189           270           34            99            
Kaohsiung         275           14            36            71            10            27            71            -             19            406           49            58            97            87            167           58            54            27            86            36            
Laem Chabang      27            13            98            47            29            66            133           15            -             64            31            46            23            58            100           92            164           30            28            21            
Los Angeles       257           69            58            33            17            41            137           93            13            -             205           48            203           84            403           244           97            37            63            82            
New Jersey        82            371           173           331           17            22            137           60            16            167           -             106           74            374           291           183           90            148           26            53            
Piraeus           53            55            130           87            13            30            242           39            16            49            110           -             43            229           191           151           92            214           25            60            
Qingdao           118           27            79            106           20            33            161           84            17            500           91            78            -             137           299           75            112           77            63            5             
Rotterdam         87            152           271           166           35            62            439           66            31            77            361           163           75            -             241           288           140           375           40            80            
Shanghai          270           64            250           252           45            103           373           163           61            602           227           238           231           338           -             207           399           150           176           90            
Shenzhen          184           54            280           296           71            103           546           156           50            260           346           263           44            461           171           -             359           127           45            30            
Singapore         119           62            374           165           97            223           578           86            93            290           125           150           132           263           466           329           -             107           47            161           
Tanger Med        41            110           133           146           15            31            262           32            24            45            94            132           36            207           158           126           135           -             19            39            
Tianjin           91            13            57            92            9             26            147           41            6             193           63            72            93            127           206           52            98            41            -             2             
Xiamen            106           20            132           148           12            26            217           93            15            149           159           113           25            202           80            420           166           64            4             -             


============================================================
Service Route Capacity and Utilization Statistics
============================================================
Route     Name                                Avg Capacity TEU     Avg Carried TEU    Utilization
-------------------------------------------------------------------------------------------------
S1        Asia-Europe-NorthEurope                      189,445              12,955          6.84%
S2        Intra-EastAsia                                12,730                 505          3.97%
S3        SEA-Feeder                                     7,032                 242          3.45%
S4        Transpacific-WestCoast                       127,152               5,366          4.22%
S5        Asia-US-East                                 114,759               4,080          3.55%
S6        Transatlantic-SouthConnector                  22,612                 963          4.26%
S7        IndianOcean-MiddleEast                         7,439                 434          5.83%
-------------------------------------------------------------------------------------------------
TOTAL                                                  481,169              24,545          5.10%


============================================================
Vessel Statistics
============================================================
Metric                                            Average Count
---------------------------------------------------------------
Average vessels sailing                                   36.99
Average vessels waiting for berth at port                  0.18
Average vessels being served at berth                      1.83
---------------------------------------------------------------
TOTAL average active/port vessels                         39.00


Period Result Output: Period 7 (Days 31-35)
Output Simulation Day: 35
Simulation Running Time: 00:14:02

Simulation Progress: Day 40 / 360
Simulation Clock Time: 0001-06-30 00:00:00


============================================================
Shipment Waiting for Loading Statistics
============================================================

TEUs by Demand Matrix
------------------------------------------------------------
Origin Dest       Busan         Cartagena     Colombo       Hamburg       Ho Chi Minh CityJakarta       Jebel Ali     Kaohsiung     Laem Chabang  Los Angeles   New Jersey    Piraeus       Qingdao       Rotterdam     Shanghai      Shenzhen      Singapore     Tanger Med    Tianjin       Xiamen        
----------------------------------------------------------------------------------------------------------------------------------------------------------------------------------------------------------------------------------------------------------------------------------------------------------
Busan             -             4             17            16            2             3             23            77            2             49            24            11            16            16            39            30            18            8             11            13            
Cartagena         3             -             8             20            1             2             11            2             1             5             47            17            4             23            13            11            10            20            2             5             
Colombo           10            7             -             18            7             7             71            7             10            5             23            17            9             28            33            28            40            15            3             7             
Hamburg           5             15            19            -             3             3             25            4             2             6             44            19            6             36            21            21            10            23            2             5             
Ho Chi Minh City  2             1             5             4             -             6             10            2             4             4             3             3             2             5             11            9             14            2             1             2             
Jakarta           3             1             9             4             4             -             11            2             3             6             5             6             2             8             15            14            11            3             1             3             
Jebel Ali         15            5             104           20            11            14            -             8             8             13            20            17            9             31            22            22            51            27            2             9             
Kaohsiung         26            1             3             8             2             4             5             -             2             36            10            4             10            9             15            7             8             5             8             3             
Laem Chabang      2             1             6             3             2             6             9             1             -             4             3             4             2             5             11            8             14            2             2             2             
Los Angeles       30            4             9             4             3             3             12            10            3             -             19            4             19            8             53            29            9             4             6             12            
New Jersey        8             66            18            36            1             3             16            6             2             29            -             17            5             49            31            29            9             17            3             6             
Piraeus           5             8             18            9             1             2             25            3             2             4             16            -             6             23            20            18            9             24            2             5             
Qingdao           8             2             8             6             1             2             10            12            1             53            12            7             -             10            23            8             11            3             3             0             
Rotterdam         7             25            24            18            4             4             35            6             3             7             78            12            7             -             31            23            12            28            3             7             
Shanghai          33            9             25            25            7             9             27            20            8             65            42            17            23            35            -             25            42            13            17            11            
Shenzhen          29            12            33            29            7             10            39            20            5             29            53            28            6             40            19            -             36            16            6             3             
Singapore         11            7             38            15            8             11            64            7             9             21            22            18            11            24            32            37            -             11            3             10            
Tanger Med        5             19            13            17            2             3             19            3             2             3             17            11            3             22            15            14            8             -             2             5             
Tianjin           8             2             7             7             1             1             15            5             1             19            10            5             8             15            20            7             11            5             -             0             
Xiamen            16            3             14            16            2             3             20            11            2             18            17            11            5             17            13            47            15            6             1             -             

Port-Level Shipment Waiting and Vessel Queue Statistics

Port                       Origin Waiting TEU   Transshipment Waiting TEU   Total Waiting TEU   Vessels Waiting
---------------------------------------------------------------------------------------------------------------
Busan                                     378                          99                 477              0.01
Cartagena                                 203                           0                 203              0.00
Colombo                                   343                          29                 373              0.00
Hamburg                                   270                           0                 270              0.00
Ho Chi Minh City                           92                           0                  92              0.04
Jakarta                                   110                           0                 110              0.04
Jebel Ali                                 407                           1                 407              0.00
Kaohsiung                                 167                          44                 210              0.01
Laem Chabang                               87                           0                  87              0.02
Los Angeles                               241                           0                 241              0.00
New Jersey                                351                         136                 487              0.00
Piraeus                                   201                           0                 201              0.00
Qingdao                                   179                          73                 252              0.01
Rotterdam                                 335                           7                 342              0.01
Shanghai                                  452                         924               1,376              0.00
Shenzhen                                  420                         192                 612              0.00
Singapore                                 358                         535                 893              0.00
Tanger Med                                185                         158                 343              0.00
Tianjin                                   147                           0                 147              0.00
Xiamen                                    236                           0                 236              0.02
---------------------------------------------------------------------------------------------------------------
TOTAL                                   5,161                       2,199               7,359              0.18



============================================================
Shipment Being Transported Statistics
============================================================

Average TEUs in Transition by Demand Matrix
------------------------------------------------------------
Origin Dest       Busan         Cartagena     Colombo       Hamburg       Ho Chi Minh CityJakarta       Jebel Ali     Kaohsiung     Laem Chabang  Los Angeles   New Jersey    Piraeus       Qingdao       Rotterdam     Shanghai      Shenzhen      Singapore     Tanger Med    Tianjin       Xiamen        
----------------------------------------------------------------------------------------------------------------------------------------------------------------------------------------------------------------------------------------------------------------------------------------------------------
Busan             -             40            58            171           6             15            118           125           8             489           229           111           10            193           34            36            61            92            5             17            
Cartagena         29            -             70            46            12            21            57            23            15            118           29            44            42            57            137           93            59            38            29            27            
Colombo           54            56            -             159           15            18            72            43            18            74            96            95            41            213           97            113           38            92            22            41            
Hamburg           88            33            164           -             21            28            190           65            23            138           73            30            77            7             251           241           84            22            43            74            
Ho Chi Minh City  8             18            23            42            -             9             57            8             2             70            31            25            10            57            40            41            14            27            8             14            
Jakarta           16            13            29            51            4             -             59            10            5             94            63            57            12            99            48            52            5             32            9             15            
Jebel Ali         65            45            65            127           15            26            -             50            16            142           86            76            40            186           79            85            51            151           17            50            
Kaohsiung         15            18            18            80            7             13            37            -             13            273           85            45            13            95            26            16            26            40            8             9             
Laem Chabang      11            10            23            47            4             6             51            7             -             85            27            37            11            62            38            34            9             28            14            9             
Los Angeles       272           121           107           108           33            40            165           131           28            -             452           93            215           192           414           266           112           69            74            125           
New Jersey        103           38            137           90            17            21            120           75            13            478           -             65            89            85            272           212           59            30            34            81            
Piraeus           62            34            106           17            12            19            136           41            18            89            74            -             59            36            186           156           66            21            29            57            
Qingdao           22            35            31            100           9             11            64            14            8             431           135           81            -             136           9             10            32            55            20            0             
Rotterdam         126           57            244           5             41            53            332           90            37            166           127           29            103           -             327           371           147           33            55            114           
Shanghai          12            84            56            248           17            23            108           14            23            474           275           173           17            369           -             15            57            139           31            4             
Shenzhen          74            74            57            272           23            21            138           6             16            266           311           194           21            412           56            -             36            119           19            14            
Singapore         41            53            33            138           6             14            117           31            8             282           100           103           45            215           73            83            -             87            17            45            
Tanger Med        62            30            130           14            25            33            144           42            29            82            24            14            44            15            169           167           97            -             31            52            
Tianjin           17            18            25            75            5             8             61            11            5             183           89            52            2             131           9             7             33            43            -             0             
Xiamen            55            34            42            155           7             9             71            6             8             162           167           84            17            180           42            12            33            60            2             -             

Completed TEUs by Demand Matrix
------------------------------------------------------------
Origin Dest       Busan         Cartagena     Colombo       Hamburg       Ho Chi Minh CityJakarta       Jebel Ali     Kaohsiung     Laem Chabang  Los Angeles   New Jersey    Piraeus       Qingdao       Rotterdam     Shanghai      Shenzhen      Singapore     Tanger Med    Tianjin       Xiamen        
----------------------------------------------------------------------------------------------------------------------------------------------------------------------------------------------------------------------------------------------------------------------------------------------------------
Busan             -             31            160           157           14            36            292           702           18            725           255           124           195           219           483           262           239           111           123           125           
Cartagena         16            -             72            144           14            16            78            4             5             59            272           99            23            173           84            58            62            160           16            14            
Colombo           130           59            -             188           72            79            615           104           94            64            168           142           105           319           397           390           355           152           43            94            
Hamburg           70            85            216           -             16            27            343           64            24            72            201           192           74            337           253           242           120           319           37            59            
Ho Chi Minh City  18            15            85            31            -             82            150           22            57            76            40            29            26            64            129           128           195           36            16            32            
Jakarta           40            15            140           62            51            -             148           23            48            97            68            76            31            123           166           151           130           49            17            37            
Jebel Ali         152           45            615           185           68            79            -             93            64            130           114           160           83            320           251           243           193           315           34            111           
Kaohsiung         309           14            40            71            13            27            71            -             22            515           85            58            97            101           167           77            67            34            86            47            
Laem Chabang      31            13            104           47            30            66            133           21            -             84            43            46            29            72            127           109           190           33            28            28            
Los Angeles       305           69            74            33            25            41            137           119           23            -             242           48            238           90            403           285           97            38            63            106           
New Jersey        100           371           191           350           20            22            170           69            18            273           -             175           87            374           291           220           102           148           26            68            
Piraeus           59            55            157           87            16            30            299           42            20            56            110           -             54            271           230           184           104           274           25            62            
Qingdao           125           27            79            106           21            33            161           106           18            645           143           78            -             156           311           100           139           88            63            6             
Rotterdam         109           152           318           174           39            62            547           81            36            95            361           195           93            -             289           371           174           485           40            100           
Shanghai          340           64            251           252           55            103           373           198           73            733           343           238           273           427           -             283           479           184           176           108           
Shenzhen          246           54            302           296           99            103           546           209           58            408           510           263           58            548           198           -             428           152           45            38            
Singapore         155           62            403           165           114           223           578           107           115           352           187           150           165           305           503           450           -             125           47            182           
Tanger Med        49            110           159           155           21            31            311           37            29            54            94            154           40            221           185           160           146           -             19            43            
Tianjin           91            13            57            92            15            26            147           51            9             279           106           72            93            148           206           65            122           49            -             4             
Xiamen            108           20            142           148           16            26            217           121           19            223           239           113           28            243           92            494           189           78            4             -             


============================================================
Service Route Capacity and Utilization Statistics
============================================================
Route     Name                                Avg Capacity TEU     Avg Carried TEU    Utilization
-------------------------------------------------------------------------------------------------
S1        Asia-Europe-NorthEurope                      189,502              12,908          6.81%
S2        Intra-EastAsia                                12,776                 506          3.96%
S3        SEA-Feeder                                     7,060                 246          3.49%
S4        Transpacific-WestCoast                       127,128               5,383          4.23%
S5        Asia-US-East                                 114,645               4,136          3.61%
S6        Transatlantic-SouthConnector                  22,623                 995          4.40%
S7        IndianOcean-MiddleEast                         7,468                 452          6.06%
-------------------------------------------------------------------------------------------------
TOTAL                                                  481,201              24,626          5.12%


============================================================
Vessel Statistics
============================================================
Metric                                            Average Count
---------------------------------------------------------------
Average vessels sailing                                   37.01
Average vessels waiting for berth at port                  0.18
Average vessels being served at berth                      1.82
---------------------------------------------------------------
TOTAL average active/port vessels                         39.00


Period Result Output: Period 8 (Days 36-40)
Output Simulation Day: 40
Simulation Running Time: 00:16:19

Simulation Progress: Day 45 / 360
Simulation Clock Time: 0001-07-05 00:00:00


============================================================
Shipment Waiting for Loading Statistics
============================================================

TEUs by Demand Matrix
------------------------------------------------------------
Origin Dest       Busan         Cartagena     Colombo       Hamburg       Ho Chi Minh CityJakarta       Jebel Ali     Kaohsiung     Laem Chabang  Los Angeles   New Jersey    Piraeus       Qingdao       Rotterdam     Shanghai      Shenzhen      Singapore     Tanger Med    Tianjin       Xiamen        
----------------------------------------------------------------------------------------------------------------------------------------------------------------------------------------------------------------------------------------------------------------------------------------------------------
Busan             -             4             16            15            2             3             22            74            2             45            22            11            16            16            37            29            17            7             10            13            
Cartagena         3             -             9             21            1             2             12            2             2             6             52            18            4             26            15            13            11            21            2             5             
Colombo           9             7             -             18            6             7             72            7             10            6             21            18            9             30            32            27            39            16            3             6             
Hamburg           5             15            18            -             2             3             24            4             2             6             46            18            5             34            20            21            10            22            2             5             
Ho Chi Minh City  2             1             5             4             -             6             10            1             5             4             3             3             2             5             11            9             14            2             1             2             
Jakarta           3             1             9             4             4             -             11            2             3             6             5             6             2             8             15            13            10            3             1             3             
Jebel Ali         15            4             103           20            11            14            -             9             8             13            19            17            9             30            21            23            54            25            2             9             
Kaohsiung         26            2             3             8             2             4             6             -             2             36            11            4             10            9             17            7             8             5             9             3             
Laem Chabang      2             1             6             4             2             6             10            1             -             5             3             4             2             5             11            9             13            2             2             2             
Los Angeles       29            4             9             4             3             2             11            10            3             -             18            4             18            8             49            27            9             3             6             11            
New Jersey        8             71            18            37            1             3             15            6             2             28            -             18            5             51            30            29            9             16            3             6             
Piraeus           5             8             18            9             1             2             25            3             1             4             16            -             6             23            19            17            9             24            2             5             
Qingdao           8             2             7             6             1             2             10            11            1             52            11            7             -             9             22            9             10            3             3             0             
Rotterdam         6             25            23            17            3             4             34            6             3             7             77            11            7             -             29            23            12            28            3             7             
Shanghai          32            9             24            24            7             9             25            20            8             65            40            17            23            33            -             24            41            13            16            10            
Shenzhen          29            11            31            28            7             10            39            22            5             29            51            28            7             38            18            -             36            15            6             3             
Singapore         11            7             36            15            8             11            64            7             9             21            21            20            11            24            33            36            -             12            3             10            
Tanger Med        5             18            13            17            2             3             19            3             2             3             17            10            3             22            15            14            8             -             2             5             
Tianjin           7             2             7             6             1             1             15            5             1             19            9             5             8             14            19            7             11            5             -             0             
Xiamen            17            3             14            16            2             3             21            11            2             18            17            12            5             18            13            47            15            6             0             -             

Port-Level Shipment Waiting and Vessel Queue Statistics

Port                       Origin Waiting TEU   Transshipment Waiting TEU   Total Waiting TEU   Vessels Waiting
---------------------------------------------------------------------------------------------------------------
Busan                                     362                          94                 457              0.01
Cartagena                                 225                           0                 225              0.00
Colombo                                   344                          31                 376              0.00
Hamburg                                   263                           0                 263              0.00
Ho Chi Minh City                           91                           0                  91              0.04
Jakarta                                   106                           0                 106              0.05
Jebel Ali                                 405                           1                 406              0.00
Kaohsiung                                 170                          39                 209              0.01
Laem Chabang                               88                           0                  88              0.02
Los Angeles                               228                           0                 228              0.00
New Jersey                                357                         137                 495              0.00
Piraeus                                   198                           0                 198              0.00
Qingdao                                   175                          69                 244              0.01
Rotterdam                                 327                           7                 334              0.01
Shanghai                                  442                         926               1,368              0.00
Shenzhen                                  413                         183                 596              0.00
Singapore                                 359                         558                 916              0.00
Tanger Med                                181                         160                 341              0.00
Tianjin                                   143                           0                 143              0.01
Xiamen                                    241                           0                 241              0.02
---------------------------------------------------------------------------------------------------------------
TOTAL                                   5,118                       2,206               7,323              0.18



============================================================
Shipment Being Transported Statistics
============================================================

Average TEUs in Transition by Demand Matrix
------------------------------------------------------------
Origin Dest       Busan         Cartagena     Colombo       Hamburg       Ho Chi Minh CityJakarta       Jebel Ali     Kaohsiung     Laem Chabang  Los Angeles   New Jersey    Piraeus       Qingdao       Rotterdam     Shanghai      Shenzhen      Singapore     Tanger Med    Tianjin       Xiamen        
----------------------------------------------------------------------------------------------------------------------------------------------------------------------------------------------------------------------------------------------------------------------------------------------------------
Busan             -             41            60            173           7             14            117           131           9             489           231           113           10            193           36            38            64            91            6             18            
Cartagena         29            -             68            44            11            20            56            23            15            115           26            42            42            55            131           92            59            35            28            27            
Colombo           54            57            -             157           15            18            66            42            18            75            97            95            43            209           99            111           36            94            22            44            
Hamburg           87            35            166           -             21            29            192           64            22            138           76            32            75            8             250           241           85            23            42            75            
Ho Chi Minh City  8             18            23            42            -             9             55            8             2             69            31            26            10            58            40            40            14            28            8             15            
Jakarta           15            14            30            51            4             -             59            10            5             92            61            58            12            96            49            53            6             32            9             15            
Jebel Ali         65            44            59            128           15            27            -             50            16            142           86            78            41            186           78            83            51            150           16            49            
Kaohsiung         14            18            19            80            7             13            36            -             12            267           86            46            12            95            25            16            27            41            8             8             
Laem Chabang      11            10            23            47            4             5             49            7             -             83            27            37            11            61            38            35            9             28            14            9             
Los Angeles       277           120           108           108           33            39            165           133           29            -             452           92            217           193           420           268           112           70            75            128           
New Jersey        101           39            136           90            16            20            117           75            14            473           -             63            86            83            272           213           60            28            34            80            
Piraeus           62            37            110           17            12            19            135           41            17            88            77            -             60            35            184           156           66            22            29            58            
Qingdao           23            36            32            99            9             11            63            14            8             434           135           81            -             137           9             10            33            54            19            0             
Rotterdam         127           59            246           5             41            52            329           91            37            166           134           29            104           -             336           370           148           34            55            114           
Shanghai          12            86            56            250           18            23            105           15            24            478           281           171           18            368           -             15            60            138           31            4             
Shenzhen          82            76            57            272           22            21            135           6             16            261           309           197           23            405           57            -             39            122           21            14            
Singapore         42            54            32            136           6             14            112           32            8             279           101           104           45            211           70            84            -             88            17            44            
Tanger Med        63            31            130           15            24            33            145           42            29            81            26            13            45            15            170           168           96            -             31            53            
Tianjin           17            19            25            74            5             8             60            11            5             181           89            52            2             134           10            8             34            44            -             0             
Xiamen            61            35            42            152           7             10            69            6             8             158           165           84            18            177           45            12            33            60            2             -             

Completed TEUs by Demand Matrix
------------------------------------------------------------
Origin Dest       Busan         Cartagena     Colombo       Hamburg       Ho Chi Minh CityJakarta       Jebel Ali     Kaohsiung     Laem Chabang  Los Angeles   New Jersey    Piraeus       Qingdao       Rotterdam     Shanghai      Shenzhen      Singapore     Tanger Med    Tianjin       Xiamen        
----------------------------------------------------------------------------------------------------------------------------------------------------------------------------------------------------------------------------------------------------------------------------------------------------------
Busan             -             31            182           175           16            46            331           702           20            748           317           155           235           219           548           323           240           111           148           154           
Cartagena         25            -             72            174           19            27            78            4             13            90            272           99            37            219           144           94            62            193           16            24            
Colombo           176           59            -             227           79            92            704           104           98            80            203           200           123           319           448           427           394           152           50            123           
Hamburg           85            85            257           -             22            33            388           64            29            85            318           192           84            396           292           263           120           362           48            77            
Ho Chi Minh City  23            15            99            42            -             100           172           22            72            83            44            38            32            64            140           137           195           36            19            43            
Jakarta           45            15            151           67            64            -             164           23            56            127           87            89            35            123           200           200           175           49            22            44            
Jebel Ali         187           45            622           225           69            79            -             93            64            142           123           212           99            320           253           243           300           315           36            131           
Kaohsiung         309           14            46            85            14            33            90            -             28            541           102           60            113           101           196           93            69            34            103           54            
Laem Chabang      41            13            110           53            33            79            147           21            -             95            44            59            35            72            137           120           190           33            35            31            
Los Angeles       349           69            74            38            25            51            166           119           23            -             343           76            293           90            485           328           114           38            75            143           
New Jersey        117           371           191           413           21            28            170           69            19            315           -             175           102           453           344           248           110           183           33            89            
Piraeus           73            55            181           112           19            37            322           42            23            72            201           -             67            271           259           199           104           274           30            67            
Qingdao           159           27            99            124           25            41            187           106           21            669           184           111           -             156           355           124           140           88            65            6             
Rotterdam         131           152           385           229           47            77            616           81            47            113           598           195           105           -             340           416           174           542           47            120           
Shanghai          398           64            288           300           68            117           417           198           90            774           424           296           331           427           -             331           483           184           202           122           
Shenzhen          297           54            364           355           108           121           618           209           65            408           581           351           76            548           228           -             465           152           53            43            
Singapore         196           62            451           200           143           263           676           107           128           401           213           194           206           305           592           551           -             125           49            212           
Tanger Med        61            110           209           205           27            40            342           37            34            62            141           154           51            252           210           183           146           -             25            48            
Tianjin           109           13            73            102           15            28            174           51            11            279           119           84            119           148           244           77            122           49            -             5             
Xiamen            134           20            163           187           20            34            255           121           24            223           272           134           40            243           105           583           192           78            4             -             


============================================================
Service Route Capacity and Utilization Statistics
============================================================
Route     Name                                Avg Capacity TEU     Avg Carried TEU    Utilization
-------------------------------------------------------------------------------------------------
S1        Asia-Europe-NorthEurope                      189,554              12,885          6.80%
S2        Intra-EastAsia                                12,732                 546          4.28%
S3        SEA-Feeder                                     7,036                 249          3.53%
S4        Transpacific-WestCoast                       127,111               5,371          4.23%
S5        Asia-US-East                                 114,498               4,146          3.62%
S6        Transatlantic-SouthConnector                  22,592               1,001          4.43%
S7        IndianOcean-MiddleEast                         7,473                 425          5.68%
-------------------------------------------------------------------------------------------------
TOTAL                                                  480,997              24,622          5.12%


============================================================
Vessel Statistics
============================================================
Metric                                            Average Count
---------------------------------------------------------------
Average vessels sailing                                   36.98
Average vessels waiting for berth at port                  0.18
Average vessels being served at berth                      1.84
---------------------------------------------------------------
TOTAL average active/port vessels                         39.00


Period Result Output: Period 9 (Days 41-45)
Output Simulation Day: 45
Simulation Running Time: 00:18:37

Simulation Progress: Day 50 / 360
Simulation Clock Time: 0001-07-10 00:00:00


============================================================
Shipment Waiting for Loading Statistics
============================================================

TEUs by Demand Matrix
------------------------------------------------------------
Origin Dest       Busan         Cartagena     Colombo       Hamburg       Ho Chi Minh CityJakarta       Jebel Ali     Kaohsiung     Laem Chabang  Los Angeles   New Jersey    Piraeus       Qingdao       Rotterdam     Shanghai      Shenzhen      Singapore     Tanger Med    Tianjin       Xiamen        
----------------------------------------------------------------------------------------------------------------------------------------------------------------------------------------------------------------------------------------------------------------------------------------------------------
Busan             -             4             16            15            2             3             21            72            2             45            22            11            16            16            37            29            16            7             11            13            
Cartagena         4             -             10            21            1             2             12            2             2             7             54            18            4             27            16            13            11            21            2             5             
Colombo           9             7             -             17            6             7             70            7             10            5             20            18            9             30            32            26            37            16            3             6             
Hamburg           5             14            18            -             2             3             24            4             2             6             42            17            5             33            20            21            10            21            3             5             
Ho Chi Minh City  2             1             5             4             -             6             10            1             5             4             3             3             2             5             11            10            15            3             1             2             
Jakarta           3             1             9             4             4             -             10            2             3             6             5             6             2             8             14            13            11            2             1             2             
Jebel Ali         16            4             105           22            11            14            -             11            8             14            18            17            9             32            21            25            56            27            2             10            
Kaohsiung         25            1             3             7             2             4             6             -             2             35            10            4             10            9             17            8             8             4             9             4             
Laem Chabang      2             1             6             4             2             6             10            1             -             5             3             4             2             5             11            8             14            2             2             2             
Los Angeles       31            5             9             4             3             2             12            11            3             -             18            5             20            8             49            28            9             4             7             11            
New Jersey        8             66            18            37            1             3             16            6             2             27            -             17            5             55            29            27            8             16            3             6             
Piraeus           5             8             17            9             1             3             24            3             1             3             15            -             5             23            18            17            10            23            2             5             
Qingdao           8             2             8             6             1             2             10            12            1             51            11            8             -             10            22            9             10            3             3             0             
Rotterdam         6             23            22            17            3             4             34            6             3             7             72            11            7             -             28            23            11            27            3             7             
Shanghai          33            9             24            25            7             9             25            22            8             61            39            17            24            34            -             23            42            14            17            11            
Shenzhen          28            11            30            27            7             10            38            21            5             28            51            26            7             38            17            -             36            14            5             2             
Singapore         11            6             35            15            8             10            61            7             9             21            20            18            10            23            34            35            -             12            3             9             
Tanger Med        5             17            13            16            2             3             19            3             2             3             16            11            3             20            14            13            8             -             2             5             
Tianjin           7             2             7             6             1             1             15            5             1             20            10            5             9             14            19            7             11            5             -             0             
Xiamen            18            3             14            15            2             3             20            11            2             18            16            12            5             17            13            47            15            6             0             -             

Port-Level Shipment Waiting and Vessel Queue Statistics

Port                       Origin Waiting TEU   Transshipment Waiting TEU   Total Waiting TEU   Vessels Waiting
---------------------------------------------------------------------------------------------------------------
Busan                                     359                          92                 451              0.01
Cartagena                                 231                           0                 231              0.00
Colombo                                   334                          29                 364              0.00
Hamburg                                   256                           0                 256              0.00
Ho Chi Minh City                           93                           0                  93              0.04
Jakarta                                   105                           0                 105              0.05
Jebel Ali                                 422                           1                 423              0.00
Kaohsiung                                 166                          36                 203              0.01
Laem Chabang                               89                           0                  89              0.01
Los Angeles                               236                           0                 236              0.00
New Jersey                                348                         126                 474              0.00
Piraeus                                   194                           0                 195              0.00
Qingdao                                   178                          63                 240              0.01
Rotterdam                                 315                           8                 323              0.01
Shanghai                                  442                         907               1,349              0.00
Shenzhen                                  403                         192                 595              0.00
Singapore                                 349                         564                 914              0.01
Tanger Med                                176                         153                 329              0.00
Tianjin                                   148                           0                 148              0.01
Xiamen                                    239                           0                 239              0.01
---------------------------------------------------------------------------------------------------------------
TOTAL                                   5,083                       2,173               7,256              0.19



============================================================
Shipment Being Transported Statistics
============================================================

Average TEUs in Transition by Demand Matrix
------------------------------------------------------------
Origin Dest       Busan         Cartagena     Colombo       Hamburg       Ho Chi Minh CityJakarta       Jebel Ali     Kaohsiung     Laem Chabang  Los Angeles   New Jersey    Piraeus       Qingdao       Rotterdam     Shanghai      Shenzhen      Singapore     Tanger Med    Tianjin       Xiamen        
----------------------------------------------------------------------------------------------------------------------------------------------------------------------------------------------------------------------------------------------------------------------------------------------------------
Busan             -             41            62            175           7             14            117           126           9             493           230           114           11            193           35            37            64            89            6             18            
Cartagena         29            -             67            42            11            19            56            23            15            112           30            40            41            53            127           91            60            34            28            26            
Colombo           54            57            -             156           15            17            70            41            19            77            96            96            44            208           102           109           37            94            21            45            
Hamburg           86            37            167           -             21            29            192           63            22            137           77            31            74            8             250           242           87            23            42            74            
Ho Chi Minh City  8             18            22            42            -             9             54            7             2             69            30            26            10            59            40            40            14            28            8             14            
Jakarta           15            14            30            52            4             -             60            9             5             89            59            58            12            95            49            52            6             32            8             15            
Jebel Ali         64            44            58            127           15            26            -             49            17            142           84            77            41            183           77            83            49            144           16            47            
Kaohsiung         14            18            20            81            8             14            35            -             12            267           87            46            13            96            27            16            28            41            8             9             
Laem Chabang      11            10            24            47            4             5             48            7             -             82            28            37            11            61            39            36            9             28            13            9             
Los Angeles       280           119           108           109           34            38            165           134           29            -             446           91            215           192           423           266           110           69            76            127           
New Jersey        99            45            136           89            16            20            116           74            14            471           -             63            83            75            273           218           62            28            34            79            
Piraeus           62            40            113           18            12            19            135           41            17            87            75            -             60            36            184           157           66            21            29            59            
Qingdao           23            35            33            99            9             12            63            13            9             442           132           80            -             138           9             9             32            52            18            0             
Rotterdam         128           61            246           5             41            52            325           91            37            166           131           29            105           -             343           367           148           34            55            114           
Shanghai          13            87            57            252           18            23            103           14            24            488           281           167           18            366           -             15            59            136           32            4             
Shenzhen          90            77            57            274           22            22            139           6             16            260           304           199           24            399           58            -             38            121           24            14            
Singapore         41            54            32            136           6             14            116           33            8             279           100           107           44            211           72            83            -             89            17            42            
Tanger Med        64            32            128           15            24            34            147           42            29            81            25            13            44            15            172           169           94            -             31            54            
Tianjin           17            19            26            73            5             8             61            10            6             181           88            52            2             136           10            7             34            44            -             0             
Xiamen            66            35            42            152           7             11            70            5             9             157           163           85            20            176           47            11            33            59            2             -             

Completed TEUs by Demand Matrix
------------------------------------------------------------
Origin Dest       Busan         Cartagena     Colombo       Hamburg       Ho Chi Minh CityJakarta       Jebel Ali     Kaohsiung     Laem Chabang  Los Angeles   New Jersey    Piraeus       Qingdao       Rotterdam     Shanghai      Shenzhen      Singapore     Tanger Med    Tianjin       Xiamen        
----------------------------------------------------------------------------------------------------------------------------------------------------------------------------------------------------------------------------------------------------------------------------------------------------------
Busan             -             56            216           206           19            50            331           876           20            748           325           155           274           269           577           323           281           139           179           154           
Cartagena         25            -             81            174           19            27            78            13            13            90            272           119           37            219           144           94            77            193           27            24            
Colombo           176           98            -             293           94            106           724           121           98            80            232           200           123           392           479           441           427           206           62            123           
Hamburg           85            130           279           -             25            33            388           74            29            85            318           238           84            470           292           263           137           390           52            77            
Ho Chi Minh City  23            21            108           50            -             113           173           24            72            83            49            38            32            90            154           148           222           43            24            43            
Jakarta           45            17            179           73            70            -             166           29            56            127           98            89            35            143           213           211           211           59            23            44            
Jebel Ali         187           67            627           273           82            105           -             117           64            142           165           212           99            421           273           266           304           388           39            131           
Kaohsiung         353           21            57            105           16            40            90            -             28            541           102           60            132           119           196           93            85            45            121           54            
Laem Chabang      41            17            127           65            36            88            148           25            -             95            49            59            35            87            151           133           215           44            39            31            
Los Angeles       349           105           98            58            35            56            166           149           23            -             343           76            293           122           582           328           135           50            93            143           
New Jersey        117           546           218           413           27            31            170           84            19            315           -             208           102           453           372           274           119           183           36            89            
Piraeus           73            101           209           134           22            37            322           47            23            72            201           -             67            327           259           199           118           339           37            67            
Qingdao           159           44            127           141           31            45            187           127           21            669           194           111           -             195           374           124           168           102           74            6             
Rotterdam         131           221           429           248           55            77            616           94            47            113           598           228           105           -             340           416           213           589           61            120           
Shanghai          398           107           337           362           86            131           417           248           90            774           467           296           331           547           -             361           561           228           236           122           
Shenzhen          297           105           415           402           123           149           618           272           65            408           609           351           76            691           250           -             534           215           67            43            
Singapore         196           91            492           235           156           300           680           130           128           401           230           194           206           382           638           596           -             157           58            212           
Tanger Med        61            152           233           221           32            40            342           44            34            62            141           167           51            287           210           183           172           -             30            48            
Tianjin           109           20            88            115           16            32            174           66            11            279           119           84            142           173           244           77            152           63            -             5             
Xiamen            134           39            188           220           26            40            255           142           24            223           272           134           40            275           125           583           217           92            4             -             


============================================================
Service Route Capacity and Utilization Statistics
============================================================
Route     Name                                Avg Capacity TEU     Avg Carried TEU    Utilization
-------------------------------------------------------------------------------------------------
S1        Asia-Europe-NorthEurope                      189,637              12,939          6.82%
S2        Intra-EastAsia                                12,766                 547          4.28%
S3        SEA-Feeder                                     7,012                 248          3.54%
S4        Transpacific-WestCoast                       127,245               5,387          4.23%
S5        Asia-US-East                                 114,394               4,130          3.61%
S6        Transatlantic-SouthConnector                  22,595               1,017          4.50%
S7        IndianOcean-MiddleEast                         7,476                 402          5.38%
-------------------------------------------------------------------------------------------------
TOTAL                                                  481,124              24,669          5.13%


============================================================
Vessel Statistics
============================================================
Metric                                            Average Count
---------------------------------------------------------------
Average vessels sailing                                   36.98
Average vessels waiting for berth at port                  0.19
Average vessels being served at berth                      1.83
---------------------------------------------------------------
TOTAL average active/port vessels                         39.00


Period Result Output: Period 10 (Days 46-50)
Output Simulation Day: 50
Simulation Running Time: 00:20:57

